alpha,Omega_m0,min_sound_numerator,a_at_min_sound_numerator,min_D,min_Qs_over_Mpl2,a_at_min_Qs,min_cs2
0.02,0.24,8.36518441798779e-29,9.999999999999982e-09,8.36518441798779e-29,4.182592208993895e-29,9.999999999999982e-09,1.0
0.02,0.25,8.255092442586496e-29,9.999999999999982e-09,8.255092442586496e-29,4.127546221293248e-29,9.999999999999982e-09,1.0
0.02,0.26,8.145000749962727e-29,9.999999999999982e-09,8.145000749962727e-29,4.0725003749813633e-29,9.999999999999982e-09,1.0
0.02,0.27,8.034909340115411e-29,9.999999999999982e-09,8.034909340115411e-29,4.0174546700577053e-29,9.999999999999982e-09,1.0
0.02,0.27999999999999997,7.924818213043488e-29,9.999999999999982e-09,7.924818213043488e-29,3.962409106521744e-29,9.999999999999982e-09,1.0
0.02,0.29,7.814727368745892e-29,9.999999999999982e-09,7.814727368745892e-29,3.907363684372946e-29,9.999999999999982e-09,1.0
0.02,0.3,7.70463680722155e-29,9.999999999999982e-09,7.70463680722155e-29,3.852318403610775e-29,9.999999999999982e-09,1.0
0.02,0.31,7.594546528469398e-29,9.999999999999982e-09,7.594546528469398e-29,3.797273264234699e-29,9.999999999999982e-09,1.0
0.02,0.32,7.484456532488369e-29,9.999999999999982e-09,7.484456532488369e-29,3.7422282662441845e-29,9.999999999999982e-09,1.0
0.02,0.32999999999999996,7.374366819277386e-29,9.999999999999982e-09,7.374366819277386e-29,3.687183409638693e-29,9.999999999999982e-09,1.0
0.02,0.33999999999999997,7.264277388835397e-29,9.999999999999982e-09,7.264277388835397e-29,3.6321386944176985e-29,9.999999999999982e-09,1.0
0.02,0.35,7.154188241161328e-29,9.999999999999982e-09,7.154188241161328e-29,3.577094120580664e-29,9.999999999999982e-09,1.0
0.02,0.36,7.044099376254104e-29,9.999999999999982e-09,7.044099376254104e-29,3.522049688127052e-29,9.999999999999982e-09,1.0
0.02,0.37,6.934010794112675e-29,9.999999999999982e-09,6.934010794112675e-29,3.4670053970563375e-29,9.999999999999982e-09,1.0
0.02,0.38,6.823922494735952e-29,9.999999999999982e-09,6.823922494735952e-29,3.411961247367976e-29,9.999999999999982e-09,1.0
0.08199999999999999,0.24,8.365184480549555e-29,9.999999999999982e-09,8.365184480549555e-29,4.1825922402747775e-29,9.999999999999982e-09,1.0
0.08199999999999999,0.25,8.255092504324882e-29,9.999999999999982e-09,8.255092504324882e-29,4.127546252162441e-29,9.999999999999982e-09,1.0
0.08199999999999999,0.26,8.145000810877738e-29,9.999999999999982e-09,8.145000810877738e-29,4.072500405438869e-29,9.999999999999982e-09,1.0
0.08199999999999999,0.27,8.034909400207047e-29,9.999999999999982e-09,8.034909400207047e-29,4.0174547001035236e-29,9.999999999999982e-09,1.0
0.08199999999999999,0.27999999999999997,7.924818272311754e-29,9.999999999999982e-09,7.924818272311754e-29,3.962409136155877e-29,9.999999999999982e-09,1.0
0.08199999999999999,0.29,7.814727427190791e-29,9.999999999999982e-09,7.814727427190791e-29,3.9073637135953954e-29,9.999999999999982e-09,1.0
0.08199999999999999,0.3,7.704636864843084e-29,9.999999999999982e-09,7.704636864843084e-29,3.852318432421542e-29,9.999999999999982e-09,1.0
0.08199999999999999,0.31,7.594546585267571e-29,9.999999999999982e-09,7.594546585267571e-29,3.7972732926337855e-29,9.999999999999982e-09,1.0
0.08199999999999999,0.32,7.48445658846318e-29,9.999999999999982e-09,7.48445658846318e-29,3.74222829423159e-29,9.999999999999982e-09,1.0
0.08199999999999999,0.32999999999999996,7.374366874428839e-29,9.999999999999982e-09,7.374366874428839e-29,3.687183437214419e-29,9.999999999999982e-09,1.0
0.08199999999999999,0.33999999999999997,7.264277443163495e-29,9.999999999999982e-09,7.264277443163495e-29,3.6321387215817476e-29,9.999999999999982e-09,1.0
0.08199999999999999,0.35,7.154188294666075e-29,9.999999999999982e-09,7.154188294666075e-29,3.5770941473330373e-29,9.999999999999982e-09,1.0
0.08199999999999999,0.36,7.044099428935501e-29,9.999999999999982e-09,7.044099428935501e-29,3.5220497144677504e-29,9.999999999999982e-09,1.0
0.08199999999999999,0.37,6.934010845970723e-29,9.999999999999982e-09,6.934010845970723e-29,3.4670054229853617e-29,9.999999999999982e-09,1.0
0.08199999999999999,0.38,6.823922545770658e-29,9.999999999999982e-09,6.823922545770658e-29,3.411961272885329e-29,9.999999999999982e-09,1.0
0.144,0.24,8.36518454311132e-29,9.999999999999982e-09,8.36518454311132e-29,4.18259227155566e-29,9.999999999999982e-09,1.0
0.144,0.25,8.255092566063265e-29,9.999999999999982e-09,8.255092566063265e-29,4.1275462830316325e-29,9.999999999999982e-09,1.0
0.144,0.26,8.14500087179275e-29,9.999999999999982e-09,8.14500087179275e-29,4.072500435896375e-29,9.999999999999982e-09,1.0
0.144,0.27,8.034909460298683e-29,9.999999999999982e-09,8.034909460298683e-29,4.017454730149341e-29,9.999999999999982e-09,1.0
0.144,0.27999999999999997,7.924818331580018e-29,9.999999999999982e-09,7.924818331580018e-29,3.962409165790009e-29,9.999999999999982e-09,1.0
0.144,0.29,7.81472748563569e-29,9.999999999999982e-09,7.81472748563569e-29,3.907363742817845e-29,9.999999999999982e-09,1.0
0.144,0.3,7.704636922464617e-29,9.999999999999982e-09,7.704636922464617e-29,3.852318461232309e-29,9.999999999999982e-09,1.0
0.144,0.31,7.59454664206574e-29,9.999999999999982e-09,7.59454664206574e-29,3.79727332103287e-29,9.999999999999982e-09,1.0
0.144,0.32,7.484456644437989e-29,9.999999999999982e-09,7.484456644437989e-29,3.7422283222189944e-29,9.999999999999982e-09,1.0
0.144,0.32999999999999996,7.374366929580292e-29,9.999999999999982e-09,7.374366929580292e-29,3.687183464790146e-29,9.999999999999982e-09,1.0
0.144,0.33999999999999997,7.264277497491591e-29,9.999999999999982e-09,7.264277497491591e-29,3.6321387487457955e-29,9.999999999999982e-09,1.0
0.144,0.35,7.15418834817082e-29,9.999999999999982e-09,7.15418834817082e-29,3.57709417408541e-29,9.999999999999982e-09,1.0
0.144,0.36,7.044099481616896e-29,9.999999999999982e-09,7.044099481616896e-29,3.522049740808448e-29,9.999999999999982e-09,1.0
0.144,0.37,6.934010897828772e-29,9.999999999999982e-09,6.934010897828772e-29,3.467005448914386e-29,9.999999999999982e-09,1.0
0.144,0.38,6.823922596805362e-29,9.999999999999982e-09,6.823922596805362e-29,3.411961298402681e-29,9.999999999999982e-09,1.0
0.20599999999999996,0.24,8.365184605673083e-29,9.999999999999982e-09,8.365184605673083e-29,4.182592302836542e-29,9.999999999999982e-09,1.0
0.20599999999999996,0.25,8.25509262780165e-29,9.999999999999982e-09,8.25509262780165e-29,4.127546313900825e-29,9.999999999999982e-09,1.0
0.20599999999999996,0.26,8.145000932707757e-29,9.999999999999982e-09,8.145000932707757e-29,4.0725004663538783e-29,9.999999999999982e-09,1.0
0.20599999999999996,0.27,8.034909520390319e-29,9.999999999999982e-09,8.034909520390319e-29,4.0174547601951595e-29,9.999999999999982e-09,1.0
0.20599999999999996,0.27999999999999997,7.924818390848283e-29,9.999999999999982e-09,7.924818390848283e-29,3.9624091954241415e-29,9.999999999999982e-09,1.0
0.20599999999999996,0.29,7.814727544080585e-29,9.999999999999982e-09,7.814727544080585e-29,3.907363772040293e-29,9.999999999999982e-09,1.0
0.20599999999999996,0.3,7.704636980086148e-29,9.999999999999982e-09,7.704636980086148e-29,3.852318490043074e-29,9.999999999999982e-09,1.0
0.20599999999999996,0.31,7.594546698863907e-29,9.999999999999982e-09,7.594546698863907e-29,3.7972733494319536e-29,9.999999999999982e-09,1.0
0.20599999999999996,0.32,7.484456700412798e-29,9.999999999999982e-09,7.484456700412798e-29,3.742228350206399e-29,9.999999999999982e-09,1.0
0.20599999999999996,0.32999999999999996,7.374366984731742e-29,9.999999999999982e-09,7.374366984731742e-29,3.687183492365871e-29,9.999999999999982e-09,1.0
0.20599999999999996,0.33999999999999997,7.264277551819687e-29,9.999999999999982e-09,7.264277551819687e-29,3.6321387759098435e-29,9.999999999999982e-09,1.0
0.20599999999999996,0.35,7.154188401675564e-29,9.999999999999982e-09,7.154188401675564e-29,3.577094200837782e-29,9.999999999999982e-09,1.0
0.20599999999999996,0.36,7.044099534298293e-29,9.999999999999982e-09,7.044099534298293e-29,3.5220497671491464e-29,9.999999999999982e-09,1.0
0.20599999999999996,0.37,6.934010949686819e-29,9.999999999999982e-09,6.934010949686819e-29,3.4670054748434096e-29,9.999999999999982e-09,1.0
0.20599999999999996,0.38,6.823922647840066e-29,9.999999999999982e-09,6.823922647840066e-29,3.411961323920033e-29,9.999999999999982e-09,1.0
0.26799999999999996,0.24,8.365184668234846e-29,9.999999999999982e-09,8.365184668234846e-29,4.182592334117423e-29,9.999999999999982e-09,1.0
0.26799999999999996,0.25,8.255092689540036e-29,9.999999999999982e-09,8.255092689540036e-29,4.127546344770018e-29,9.999999999999982e-09,1.0
0.26799999999999996,0.26,8.145000993622764e-29,9.999999999999982e-09,8.145000993622764e-29,4.072500496811382e-29,9.999999999999982e-09,1.0
0.26799999999999996,0.27,8.034909580481954e-29,9.999999999999982e-09,8.034909580481954e-29,4.017454790240977e-29,9.999999999999982e-09,1.0
0.26799999999999996,0.27999999999999997,7.924818450116549e-29,9.999999999999982e-09,7.924818450116549e-29,3.9624092250582745e-29,9.999999999999982e-09,1.0
0.26799999999999996,0.29,7.814727602525481e-29,9.999999999999982e-09,7.814727602525481e-29,3.9073638012627405e-29,9.999999999999982e-09,1.0
0.26799999999999996,0.3,7.704637037707678e-29,9.999999999999982e-09,7.704637037707678e-29,3.852318518853839e-29,9.999999999999982e-09,1.0
0.26799999999999996,0.31,7.594546755662075e-29,9.999999999999982e-09,7.594546755662075e-29,3.7972733778310377e-29,9.999999999999982e-09,1.0
0.26799999999999996,0.32,7.484456756387604e-29,9.999999999999982e-09,7.484456756387604e-29,3.742228378193802e-29,9.999999999999982e-09,1.0
0.26799999999999996,0.32999999999999996,7.374367039883193e-29,9.999999999999982e-09,7.374367039883193e-29,3.6871835199415965e-29,9.999999999999982e-09,1.0
0.26799999999999996,0.33999999999999997,7.264277606147783e-29,9.999999999999982e-09,7.264277606147783e-29,3.6321388030738915e-29,9.999999999999982e-09,1.0
0.26799999999999996,0.35,7.154188455180305e-29,9.999999999999982e-09,7.154188455180305e-29,3.5770942275901524e-29,9.999999999999982e-09,1.0
0.26799999999999996,0.36,7.044099586979685e-29,9.999999999999982e-09,7.044099586979685e-29,3.5220497934898424e-29,9.999999999999982e-09,1.0
0.26799999999999996,0.37,6.934011001544865e-29,9.999999999999982e-09,6.934011001544865e-29,3.4670055007724327e-29,9.999999999999982e-09,1.0
0.26799999999999996,0.38,6.823922698874767e-29,9.999999999999982e-09,6.823922698874767e-29,3.4119613494373837e-29,9.999999999999982e-09,1.0
0.32999999999999996,0.24,8.365184730796608e-29,9.999999999999982e-09,8.365184730796608e-29,4.182592365398304e-29,9.999999999999982e-09,1.0
0.32999999999999996,0.25,8.255092751278419e-29,9.999999999999982e-09,8.255092751278419e-29,4.1275463756392094e-29,9.999999999999982e-09,1.0
0.32999999999999996,0.26,8.145001054537771e-29,9.999999999999982e-09,8.145001054537771e-29,4.0725005272688853e-29,9.999999999999982e-09,1.0
0.32999999999999996,0.27,8.034909640573585e-29,9.999999999999982e-09,8.034909640573585e-29,4.0174548202867927e-29,9.999999999999982e-09,1.0
0.32999999999999996,0.27999999999999997,7.924818509384812e-29,9.999999999999982e-09,7.924818509384812e-29,3.962409254692406e-29,9.999999999999982e-09,1.0
0.32999999999999996,0.29,7.814727660970377e-29,9.999999999999982e-09,7.814727660970377e-29,3.9073638304851883e-29,9.999999999999982e-09,1.0
0.32999999999999996,0.3,7.704637095329207e-29,9.999999999999982e-09,7.704637095329207e-29,3.852318547664604e-29,9.999999999999982e-09,1.0
0.32999999999999996,0.31,7.594546812460242e-29,9.999999999999982e-09,7.594546812460242e-29,3.797273406230121e-29,9.999999999999982e-09,1.0
0.32999999999999996,0.32,7.484456812362411e-29,9.999999999999982e-09,7.484456812362411e-29,3.7422284061812055e-29,9.999999999999982e-09,1.0
0.32999999999999996,0.32999999999999996,7.37436709503464e-29,9.999999999999982e-09,7.37436709503464e-29,3.68718354751732e-29,9.999999999999982e-09,1.0
0.32999999999999996,0.33999999999999997,7.264277660475879e-29,9.999999999999982e-09,7.264277660475879e-29,3.6321388302379395e-29,9.999999999999982e-09,1.0
0.32999999999999996,0.35,7.154188508685049e-29,9.999999999999982e-09,7.154188508685049e-29,3.5770942543425247e-29,9.999999999999982e-09,1.0
0.32999999999999996,0.36,7.044099639661079e-29,9.999999999999982e-09,7.044099639661079e-29,3.5220498198305395e-29,9.999999999999982e-09,1.0
0.32999999999999996,0.37,6.934011053402912e-29,9.999999999999982e-09,6.934011053402912e-29,3.467005526701456e-29,9.999999999999982e-09,1.0
0.32999999999999996,0.38,6.82392274990947e-29,9.999999999999982e-09,6.82392274990947e-29,3.411961374954735e-29,9.999999999999982e-09,1.0
0.39199999999999996,0.24,8.36518479335837e-29,9.999999999999982e-09,8.36518479335837e-29,4.182592396679185e-29,9.999999999999982e-09,1.0
0.39199999999999996,0.25,8.255092813016802e-29,9.999999999999982e-09,8.255092813016802e-29,4.127546406508401e-29,9.999999999999982e-09,1.0
0.39199999999999996,0.26,8.145001115452779e-29,9.999999999999982e-09,8.145001115452779e-29,4.0725005577263894e-29,9.999999999999982e-09,1.0
0.39199999999999996,0.27,8.034909700665221e-29,9.999999999999982e-09,8.034909700665221e-29,4.0174548503326104e-29,9.999999999999982e-09,1.0
0.39199999999999996,0.27999999999999997,7.924818568653076e-29,9.999999999999982e-09,7.924818568653076e-29,3.962409284326538e-29,9.999999999999982e-09,1.0
0.39199999999999996,0.29,7.81472771941527e-29,9.999999999999982e-09,7.81472771941527e-29,3.907363859707635e-29,9.999999999999982e-09,1.0
0.39199999999999996,0.3,7.704637152950737e-29,9.999999999999982e-09,7.704637152950737e-29,3.8523185764753685e-29,9.999999999999982e-09,1.0
0.39199999999999996,0.31,7.594546869258407e-29,9.999999999999982e-09,7.594546869258407e-29,3.7972734346292036e-29,9.999999999999982e-09,1.0
0.39199999999999996,0.32,7.48445686833722e-29,9.999999999999982e-09,7.48445686833722e-29,3.74222843416861e-29,9.999999999999982e-09,1.0
0.39199999999999996,0.32999999999999996,7.37436715018609e-29,9.999999999999982e-09,7.37436715018609e-29,3.687183575093045e-29,9.999999999999982e-09,1.0
0.39199999999999996,0.33999999999999997,7.264277714803972e-29,9.999999999999982e-09,7.264277714803972e-29,3.632138857401986e-29,9.999999999999982e-09,1.0
0.39199999999999996,0.35,7.154188562189792e-29,9.999999999999982e-09,7.154188562189792e-29,3.577094281094896e-29,9.999999999999982e-09,1.0
0.39199999999999996,0.36,7.044099692342471e-29,9.999999999999982e-09,7.044099692342471e-29,3.5220498461712355e-29,9.999999999999982e-09,1.0
0.39199999999999996,0.37,6.934011105260957e-29,9.999999999999982e-09,6.934011105260957e-29,3.4670055526304784e-29,9.999999999999982e-09,1.0
0.39199999999999996,0.38,6.823922800944169e-29,9.999999999999982e-09,6.823922800944169e-29,3.4119614004720847e-29,9.999999999999982e-09,1.0
0.45399999999999996,0.24,8.365184855920129e-29,9.999999999999982e-09,8.365184855920129e-29,4.1825924279600645e-29,9.999999999999982e-09,1.0
0.45399999999999996,0.25,8.25509287475518e-29,9.999999999999982e-09,8.25509287475518e-29,4.12754643737759e-29,9.999999999999982e-09,1.0
0.45399999999999996,0.26,8.145001176367785e-29,9.999999999999982e-09,8.145001176367785e-29,4.0725005881838923e-29,9.999999999999982e-09,1.0
0.45399999999999996,0.27,8.034909760756852e-29,9.999999999999982e-09,8.034909760756852e-29,4.017454880378426e-29,9.999999999999982e-09,1.0
0.45399999999999996,0.27999999999999997,7.924818627921336e-29,9.999999999999982e-09,7.924818627921336e-29,3.962409313960668e-29,9.999999999999982e-09,1.0
0.45399999999999996,0.29,7.814727777860162e-29,9.999999999999982e-09,7.814727777860162e-29,3.907363888930081e-29,9.999999999999982e-09,1.0
0.45399999999999996,0.3,7.704637210572266e-29,9.999999999999982e-09,7.704637210572266e-29,3.852318605286133e-29,9.999999999999982e-09,1.0
0.45399999999999996,0.31,7.594546926056576e-29,9.999999999999982e-09,7.594546926056576e-29,3.797273463028288e-29,9.999999999999982e-09,1.0
0.45399999999999996,0.32,7.484456924312024e-29,9.999999999999982e-09,7.484456924312024e-29,3.742228462156012e-29,9.999999999999982e-09,1.0
0.45399999999999996,0.32999999999999996,7.374367205337537e-29,9.999999999999982e-09,7.374367205337537e-29,3.6871836026687687e-29,9.999999999999982e-09,1.0
0.45399999999999996,0.33999999999999997,7.264277769132066e-29,9.999999999999982e-09,7.264277769132066e-29,3.632138884566033e-29,9.999999999999982e-09,1.0
0.45399999999999996,0.35,7.154188615694533e-29,9.999999999999982e-09,7.154188615694533e-29,3.5770943078472664e-29,9.999999999999982e-09,1.0
0.45399999999999996,0.36,7.044099745023863e-29,9.999999999999982e-09,7.044099745023863e-29,3.5220498725119315e-29,9.999999999999982e-09,1.0
0.45399999999999996,0.37,6.934011157119002e-29,9.999999999999982e-09,6.934011157119002e-29,3.467005578559501e-29,9.999999999999982e-09,1.0
0.45399999999999996,0.38,6.823922851978873e-29,9.999999999999982e-09,6.823922851978873e-29,3.4119614259894365e-29,9.999999999999982e-09,1.0
0.5159999999999999,0.24,8.365184918481888e-29,9.999999999999982e-09,8.365184918481888e-29,4.182592459240944e-29,9.999999999999982e-09,1.0
0.5159999999999999,0.25,8.255092936493564e-29,9.999999999999982e-09,8.255092936493564e-29,4.127546468246782e-29,9.999999999999982e-09,1.0
0.5159999999999999,0.26,8.145001237282788e-29,9.999999999999982e-09,8.145001237282788e-29,4.072500618641394e-29,9.999999999999982e-09,1.0
0.5159999999999999,0.27,8.034909820848484e-29,9.999999999999982e-09,8.034909820848484e-29,4.017454910424242e-29,9.999999999999982e-09,1.0
0.5159999999999999,0.27999999999999997,7.924818687189596e-29,9.999999999999982e-09,7.924818687189596e-29,3.962409343594798e-29,9.999999999999982e-09,1.0
0.5159999999999999,0.29,7.814727836305058e-29,9.999999999999982e-09,7.814727836305058e-29,3.907363918152529e-29,9.999999999999982e-09,1.0
0.5159999999999999,0.3,7.704637268193795e-29,9.999999999999982e-09,7.704637268193795e-29,3.8523186340968976e-29,9.999999999999982e-09,1.0
0.5159999999999999,0.31,7.594546982854739e-29,9.999999999999982e-09,7.594546982854739e-29,3.7972734914273695e-29,9.999999999999982e-09,1.0
0.5159999999999999,0.32,7.48445698028683e-29,9.999999999999982e-09,7.48445698028683e-29,3.742228490143415e-29,9.999999999999982e-09,1.0
0.5159999999999999,0.32999999999999996,7.374367260488986e-29,9.999999999999982e-09,7.374367260488986e-29,3.687183630244493e-29,9.999999999999982e-09,1.0
0.5159999999999999,0.33999999999999997,7.264277823460158e-29,9.999999999999982e-09,7.264277823460158e-29,3.632138911730079e-29,9.999999999999982e-09,1.0
0.5159999999999999,0.35,7.154188669199274e-29,9.999999999999982e-09,7.154188669199274e-29,3.577094334599637e-29,9.999999999999982e-09,1.0
0.5159999999999999,0.36,7.044099797705253e-29,9.999999999999982e-09,7.044099797705253e-29,3.5220498988526264e-29,9.999999999999982e-09,1.0
0.5159999999999999,0.37,6.934011208977046e-29,9.999999999999982e-09,6.934011208977046e-29,3.467005604488523e-29,9.999999999999982e-09,1.0
0.5159999999999999,0.38,6.823922903013572e-29,9.999999999999982e-09,6.823922903013572e-29,3.411961451506786e-29,9.999999999999982e-09,1.0
0.578,0.24,8.36518498104365e-29,9.999999999999982e-09,8.36518498104365e-29,4.182592490521825e-29,9.999999999999982e-09,1.0
0.578,0.25,8.255092998231944e-29,9.999999999999982e-09,8.255092998231944e-29,4.127546499115972e-29,9.999999999999982e-09,1.0
0.578,0.26,8.145001298197792e-29,9.999999999999982e-09,8.145001298197792e-29,4.072500649098896e-29,9.999999999999982e-09,1.0
0.578,0.27,8.034909880940116e-29,9.999999999999982e-09,8.034909880940116e-29,4.017454940470058e-29,9.999999999999982e-09,1.0
0.578,0.27999999999999997,7.924818746457858e-29,9.999999999999982e-09,7.924818746457858e-29,3.962409373228929e-29,9.999999999999982e-09,1.0
0.578,0.29,7.814727894749949e-29,9.999999999999982e-09,7.814727894749949e-29,3.9073639473749745e-29,9.999999999999982e-09,1.0
0.578,0.3,7.704637325815319e-29,9.999999999999982e-09,7.704637325815319e-29,3.8523186629076596e-29,9.999999999999982e-09,1.0
0.578,0.31,7.594547039652904e-29,9.999999999999982e-09,7.594547039652904e-29,3.797273519826452e-29,9.999999999999982e-09,1.0
0.578,0.32,7.484457036261633e-29,9.999999999999982e-09,7.484457036261633e-29,3.7422285181308165e-29,9.999999999999982e-09,1.0
0.578,0.32999999999999996,7.374367315640433e-29,9.999999999999982e-09,7.374367315640433e-29,3.6871836578202166e-29,9.999999999999982e-09,1.0
0.578,0.33999999999999997,7.26427787778825e-29,9.999999999999982e-09,7.26427787778825e-29,3.632138938894125e-29,9.999999999999982e-09,1.0
0.578,0.35,7.154188722704013e-29,9.999999999999982e-09,7.154188722704013e-29,3.5770943613520065e-29,9.999999999999982e-09,1.0
0.578,0.36,7.044099850386643e-29,9.999999999999982e-09,7.044099850386643e-29,3.5220499251933213e-29,9.999999999999982e-09,1.0
0.578,0.37,6.934011260835092e-29,9.999999999999982e-09,6.934011260835092e-29,3.467005630417546e-29,9.999999999999982e-09,1.0
0.578,0.38,6.823922954048272e-29,9.999999999999982e-09,6.823922954048272e-29,3.411961477024136e-29,9.999999999999982e-09,1.0
0.6399999999999999,0.24,8.365185043605402e-29,9.999999999999982e-09,8.365185043605402e-29,4.182592521802701e-29,9.999999999999982e-09,1.0
0.6399999999999999,0.25,8.255093059970323e-29,9.999999999999982e-09,8.255093059970323e-29,4.1275465299851615e-29,9.999999999999982e-09,1.0
0.6399999999999999,0.26,8.145001359112797e-29,9.999999999999982e-09,8.145001359112797e-29,4.0725006795563983e-29,9.999999999999982e-09,1.0
0.6399999999999999,0.27,8.034909941031745e-29,9.999999999999982e-09,8.034909941031745e-29,4.0174549705158723e-29,9.999999999999982e-09,1.0
0.6399999999999999,0.27999999999999997,7.924818805726117e-29,9.999999999999982e-09,7.924818805726117e-29,3.9624094028630587e-29,9.999999999999982e-09,1.0
0.6399999999999999,0.29,7.814727953194841e-29,9.999999999999982e-09,7.814727953194841e-29,3.9073639765974206e-29,9.999999999999982e-09,1.0
0.6399999999999999,0.3,7.704637383436847e-29,9.999999999999982e-09,7.704637383436847e-29,3.8523186917184233e-29,9.999999999999982e-09,1.0
0.6399999999999999,0.31,7.594547096451068e-29,9.999999999999982e-09,7.594547096451068e-29,3.797273548225534e-29,9.999999999999982e-09,1.0
0.6399999999999999,0.32,7.484457092236436e-29,9.999999999999982e-09,7.484457092236436e-29,3.742228546118218e-29,9.999999999999982e-09,1.0
0.6399999999999999,0.32999999999999996,7.374367370791879e-29,9.999999999999982e-09,7.374367370791879e-29,3.6871836853959397e-29,9.999999999999982e-09,1.0
0.6399999999999999,0.33999999999999997,7.264277932116343e-29,9.999999999999982e-09,7.264277932116343e-29,3.6321389660581715e-29,9.999999999999982e-09,1.0
0.6399999999999999,0.35,7.154188776208752e-29,9.999999999999982e-09,7.154188776208752e-29,3.577094388104376e-29,9.999999999999982e-09,1.0
0.6399999999999999,0.36,7.044099903068031e-29,9.999999999999982e-09,7.044099903068031e-29,3.5220499515340156e-29,9.999999999999982e-09,1.0
0.6399999999999999,0.37,6.934011312693133e-29,9.999999999999982e-09,6.934011312693133e-29,3.4670056563465663e-29,9.999999999999982e-09,1.0
0.6399999999999999,0.38,6.82392300508297e-29,9.999999999999982e-09,6.82392300508297e-29,3.411961502541485e-29,9.999999999999982e-09,1.0
0.702,0.24,8.365185106167161e-29,9.999999999999982e-09,8.365185106167161e-29,4.1825925530835806e-29,9.999999999999982e-09,1.0
0.702,0.25,8.255093121708702e-29,9.999999999999982e-09,8.255093121708702e-29,4.127546560854351e-29,9.999999999999982e-09,1.0
0.702,0.26,8.145001420027797e-29,9.999999999999982e-09,8.145001420027797e-29,4.0725007100138985e-29,9.999999999999982e-09,1.0
0.702,0.27,8.034910001123373e-29,9.999999999999982e-09,8.034910001123373e-29,4.0174550005616866e-29,9.999999999999982e-09,1.0
0.702,0.27999999999999997,7.924818864994375e-29,9.999999999999982e-09,7.924818864994375e-29,3.962409432497187e-29,9.999999999999982e-09,1.0
0.702,0.29,7.814728011639731e-29,9.999999999999982e-09,7.814728011639731e-29,3.9073640058198656e-29,9.999999999999982e-09,1.0
0.702,0.3,7.704637441058372e-29,9.999999999999982e-09,7.704637441058372e-29,3.852318720529186e-29,9.999999999999982e-09,1.0
0.702,0.31,7.594547153249229e-29,9.999999999999982e-09,7.594547153249229e-29,3.7972735766246144e-29,9.999999999999982e-09,1.0
0.702,0.32,7.48445714821124e-29,9.999999999999982e-09,7.48445714821124e-29,3.74222857410562e-29,9.999999999999982e-09,1.0
0.702,0.32999999999999996,7.374367425943323e-29,9.999999999999982e-09,7.374367425943323e-29,3.6871837129716617e-29,9.999999999999982e-09,1.0
0.702,0.33999999999999997,7.264277986444432e-29,9.999999999999982e-09,7.264277986444432e-29,3.632138993222216e-29,9.999999999999982e-09,1.0
0.702,0.35,7.154188829713491e-29,9.999999999999982e-09,7.154188829713491e-29,3.5770944148567454e-29,9.999999999999982e-09,1.0
0.702,0.36,7.044099955749421e-29,9.999999999999982e-09,7.044099955749421e-29,3.5220499778747105e-29,9.999999999999982e-09,1.0
0.702,0.37,6.934011364551177e-29,9.999999999999982e-09,6.934011364551177e-29,3.467005682275588e-29,9.999999999999982e-09,1.0
0.702,0.38,6.823923056117668e-29,9.999999999999982e-09,6.823923056117668e-29,3.411961528058834e-29,9.999999999999982e-09,1.0
0.7639999999999999,0.24,8.365185168728917e-29,9.999999999999982e-09,8.365185168728917e-29,4.1825925843644585e-29,9.999999999999982e-09,1.0
0.7639999999999999,0.25,8.255093183447078e-29,9.999999999999982e-09,8.255093183447078e-29,4.127546591723539e-29,9.999999999999982e-09,1.0
0.7639999999999999,0.26,8.145001480942802e-29,9.999999999999982e-09,8.145001480942802e-29,4.072500740471401e-29,9.999999999999982e-09,1.0
0.7639999999999999,0.27,8.034910061215002e-29,9.999999999999982e-09,8.034910061215002e-29,4.017455030607501e-29,9.999999999999982e-09,1.0
0.7639999999999999,0.27999999999999997,7.924818924262633e-29,9.999999999999982e-09,7.924818924262633e-29,3.9624094621313164e-29,9.999999999999982e-09,1.0
0.7639999999999999,0.29,7.814728070084621e-29,9.999999999999982e-09,7.814728070084621e-29,3.9073640350423106e-29,9.999999999999982e-09,1.0
0.7639999999999999,0.3,7.704637498679895e-29,9.999999999999982e-09,7.704637498679895e-29,3.8523187493399473e-29,9.999999999999982e-09,1.0
0.7639999999999999,0.31,7.594547210047391e-29,9.999999999999982e-09,7.594547210047391e-29,3.7972736050236956e-29,9.999999999999982e-09,1.0
0.7639999999999999,0.32,7.484457204186039e-29,9.999999999999982e-09,7.484457204186039e-29,3.7422286020930197e-29,9.999999999999982e-09,1.0
0.7639999999999999,0.32999999999999996,7.37436748109477e-29,9.999999999999982e-09,7.37436748109477e-29,3.687183740547385e-29,9.999999999999982e-09,1.0
0.7639999999999999,0.33999999999999997,7.264278040772523e-29,9.999999999999982e-09,7.264278040772523e-29,3.6321390203862613e-29,9.999999999999982e-09,1.0
0.7639999999999999,0.35,7.154188883218228e-29,9.999999999999982e-09,7.154188883218228e-29,3.577094441609114e-29,9.999999999999982e-09,1.0
0.7639999999999999,0.36,7.04410000843081e-29,9.999999999999982e-09,7.04410000843081e-29,3.522050004215405e-29,9.999999999999982e-09,1.0
0.7639999999999999,0.37,6.934011416409217e-29,9.999999999999982e-09,6.934011416409217e-29,3.4670057082046086e-29,9.999999999999982e-09,1.0
0.7639999999999999,0.38,6.823923107152365e-29,9.999999999999982e-09,6.823923107152365e-29,3.4119615535761825e-29,9.999999999999982e-09,1.0
0.826,0.24,8.365185231290673e-29,9.999999999999982e-09,8.365185231290673e-29,4.1825926156453364e-29,9.999999999999982e-09,1.0
0.826,0.25,8.255093245185455e-29,9.999999999999982e-09,8.255093245185455e-29,4.1275466225927277e-29,9.999999999999982e-09,1.0
0.826,0.26,8.145001541857801e-29,9.999999999999982e-09,8.145001541857801e-29,4.0725007709289004e-29,9.999999999999982e-09,1.0
0.826,0.27,8.034910121306631e-29,9.999999999999982e-09,8.034910121306631e-29,4.0174550606533153e-29,9.999999999999982e-09,1.0
0.826,0.27999999999999997,7.924818983530889e-29,9.999999999999982e-09,7.924818983530889e-29,3.9624094917654444e-29,9.999999999999982e-09,1.0
0.826,0.29,7.814728128529511e-29,9.999999999999982e-09,7.814728128529511e-29,3.9073640642647556e-29,9.999999999999982e-09,1.0
0.826,0.3,7.70463755630142e-29,9.999999999999982e-09,7.70463755630142e-29,3.85231877815071e-29,9.999999999999982e-09,1.0
0.826,0.31,7.594547266845554e-29,9.999999999999982e-09,7.594547266845554e-29,3.797273633422777e-29,9.999999999999982e-09,1.0
0.826,0.32,7.484457260160843e-29,9.999999999999982e-09,7.484457260160843e-29,3.7422286300804213e-29,9.999999999999982e-09,1.0
0.826,0.32999999999999996,7.374367536246214e-29,9.999999999999982e-09,7.374367536246214e-29,3.687183768123107e-29,9.999999999999982e-09,1.0
0.826,0.33999999999999997,7.264278095100611e-29,9.999999999999982e-09,7.264278095100611e-29,3.6321390475503053e-29,9.999999999999982e-09,1.0
0.826,0.35,7.154188936722963e-29,9.999999999999982e-09,7.154188936722963e-29,3.5770944683614816e-29,9.999999999999982e-09,1.0
0.826,0.36,7.044100061112196e-29,9.999999999999982e-09,7.044100061112196e-29,3.522050030556098e-29,9.999999999999982e-09,1.0
0.826,0.37,6.934011468267256e-29,9.999999999999982e-09,6.934011468267256e-29,3.467005734133628e-29,9.999999999999982e-09,1.0
0.826,0.38,6.823923158187061e-29,9.999999999999982e-09,6.823923158187061e-29,3.4119615790935305e-29,9.999999999999982e-09,1.0
0.8879999999999999,0.24,8.365185293852429e-29,9.999999999999982e-09,8.365185293852429e-29,4.182592646926214e-29,9.999999999999982e-09,1.0
0.8879999999999999,0.25,8.255093306923832e-29,9.999999999999982e-09,8.255093306923832e-29,4.127546653461916e-29,9.999999999999982e-09,1.0
0.8879999999999999,0.26,8.145001602772802e-29,9.999999999999982e-09,8.145001602772802e-29,4.072500801386401e-29,9.999999999999982e-09,1.0
0.8879999999999999,0.27,8.034910181398257e-29,9.999999999999982e-09,8.034910181398257e-29,4.0174550906991285e-29,9.999999999999982e-09,1.0
0.8879999999999999,0.27999999999999997,7.924819042799146e-29,9.999999999999982e-09,7.924819042799146e-29,3.962409521399573e-29,9.999999999999982e-09,1.0
0.8879999999999999,0.29,7.814728186974399e-29,9.999999999999982e-09,7.814728186974399e-29,3.9073640934871995e-29,9.999999999999982e-09,1.0
0.8879999999999999,0.3,7.704637613922943e-29,9.999999999999982e-09,7.704637613922943e-29,3.8523188069614713e-29,9.999999999999982e-09,1.0
0.8879999999999999,0.31,7.594547323643714e-29,9.999999999999982e-09,7.594547323643714e-29,3.797273661821857e-29,9.999999999999982e-09,1.0
0.8879999999999999,0.32,7.484457316135643e-29,9.999999999999982e-09,7.484457316135643e-29,3.742228658067821e-29,9.999999999999982e-09,1.0
0.8879999999999999,0.32999999999999996,7.374367591397655e-29,9.999999999999982e-09,7.374367591397655e-29,3.6871837956988277e-29,9.999999999999982e-09,1.0
0.8879999999999999,0.33999999999999997,7.264278149428699e-29,9.999999999999982e-09,7.264278149428699e-29,3.6321390747143494e-29,9.999999999999982e-09,1.0
0.8879999999999999,0.35,7.154188990227701e-29,9.999999999999982e-09,7.154188990227701e-29,3.5770944951138505e-29,9.999999999999982e-09,1.0
0.8879999999999999,0.36,7.044100113793584e-29,9.999999999999982e-09,7.044100113793584e-29,3.522050056896792e-29,9.999999999999982e-09,1.0
0.8879999999999999,0.37,6.934011520125297e-29,9.999999999999982e-09,6.934011520125297e-29,3.4670057600626486e-29,9.999999999999982e-09,1.0
0.8879999999999999,0.38,6.823923209221757e-29,9.999999999999982e-09,6.823923209221757e-29,3.4119616046108784e-29,9.999999999999982e-09,1.0
0.95,0.24,8.36518535641418e-29,9.999999999999982e-09,8.36518535641418e-29,4.18259267820709e-29,9.999999999999982e-09,1.0
0.95,0.25,8.255093368662207e-29,9.999999999999982e-09,8.255093368662207e-29,4.1275466843311035e-29,9.999999999999982e-09,1.0
0.95,0.26,8.145001663687798e-29,9.999999999999982e-09,8.145001663687798e-29,4.072500831843899e-29,9.999999999999982e-09,1.0
0.95,0.27,8.034910241489884e-29,9.999999999999982e-09,8.034910241489884e-29,4.017455120744942e-29,9.999999999999982e-09,1.0
0.95,0.27999999999999997,7.924819102067401e-29,9.999999999999982e-09,7.924819102067401e-29,3.9624095510337003e-29,9.999999999999982e-09,1.0
0.95,0.29,7.814728245419289e-29,9.999999999999982e-09,7.814728245419289e-29,3.9073641227096445e-29,9.999999999999982e-09,1.0
0.95,0.3,7.704637671544466e-29,9.999999999999982e-09,7.704637671544466e-29,3.852318835772233e-29,9.999999999999982e-09,1.0
0.95,0.31,7.594547380441872e-29,9.999999999999982e-09,7.594547380441872e-29,3.797273690220936e-29,9.999999999999982e-09,1.0
0.95,0.32,7.484457372110441e-29,9.999999999999982e-09,7.484457372110441e-29,3.7422286860552207e-29,9.999999999999982e-09,1.0
0.95,0.32999999999999996,7.374367646549097e-29,9.999999999999982e-09,7.374367646549097e-29,3.6871838232745486e-29,9.999999999999982e-09,1.0
0.95,0.33999999999999997,7.264278203756786e-29,9.999999999999982e-09,7.264278203756786e-29,3.632139101878393e-29,9.999999999999982e-09,1.0
0.95,0.35,7.154189043732437e-29,9.999999999999982e-09,7.154189043732437e-29,3.5770945218662183e-29,9.999999999999982e-09,1.0
0.95,0.36,7.044100166474972e-29,9.999999999999982e-09,7.044100166474972e-29,3.522050083237486e-29,9.999999999999982e-09,1.0
0.95,0.37,6.934011571983336e-29,9.999999999999982e-09,6.934011571983336e-29,3.467005785991668e-29,9.999999999999982e-09,1.0
0.95,0.38,6.823923260256452e-29,9.999999999999982e-09,6.823923260256452e-29,3.411961630128226e-29,9.999999999999982e-09,1.0
