a,z,E,Omega_m,Omega_r,Omega_R,closure,dlnE_dln_a,q,w_R,Q_T,alpha_M,dL_GW_over_dL_EM,source
1e-08,99999999.0,94869910930705.53,3.333222225925802e-05,0.9999666677777406,3.0313536788998364e-23,0.9999999999999998,-1.9999833338888702,0.9999833338888702,-0.7333355554814838,1.0,-3.7308657457983915e-23,0.8548706604825353,9.0003e+27
1.0633265716371605e-08,94044484.17263523,83906502349969.12,3.5442962806434355e-05,0.9999645570371933,3.689514402246552e-23,0.9999999999999998,-1.9999822785185966,0.9999822785185966,-0.7333356961975201,1.0,-4.540900566665991e-23,0.8548706604825353,7.040301136605373e+27
1.1306633979496399e-08,88443650.9138599,74210058152905.78,3.7687359541054705e-05,0.9999623126404588,4.4905730279893774e-23,0.9999999999999998,-1.999981156320229,0.999981156320229,-0.7333358458239693,1.0,-5.526807038189923e-23,0.8548706604825353,5.507132731057656e+27
1.202264434617413e-08,83176376.11026709,65634163839306.625,4.007387517408445e-05,0.9999599261248256,5.46555498321513e-23,0.9999999999999998,-1.9999799630624124,0.9999799630624124,-0.7333360049250115,1.0,-6.726769509813033e-23,0.8548706604825353,4.3078434628849444e+27
1.2783997194630231e-08,78222794.63860029,58049325059548.56,4.261150816409801e-05,0.999957388491836,6.652221771406308e-23,1.0000000000000002,-1.9999786942459181,0.9999786942459181,-0.733336174100544,1.0,-8.187262653668586e-23,0.8548706604825353,3.3697241398691333e+27
1.359356390878527e-08,73564224.44596407,51341012264211.05,4.5309826622537926e-05,0.9999546901733775,8.096533461442979e-23,1.0,-1.9999773450866885,0.9999773450866885,-0.7333363539884412,1.0,-9.964851382536774e-23,0.8548706604825353,2.635899540313869e+27
1.4454397707459279e-08,69183096.09189363,45407931320722.36,4.8179004363230196e-05,0.9999518209956366,9.854428698219308e-23,0.9999999999999999,-1.999975910497818,0.9999759104978181,-0.7333365452669574,1.0,-1.2128381543481222e-22,0.8548706604825353,2.0618802268274384e+27
1.5369745159352708e-08,65062886.48655574,40160493983502.03,5.122985923157256e-05,0.9999487701407684,1.199399117107117e-22,1.0,-1.9999743850703844,0.9999743850703844,-0.7333367486572819,1.0,-1.4761646225786264e-22,0.8548706604825353,1.612865276998903e+27
1.634305842723136e-08,61188056.57518226,35519465121841.03,5.4473893857337606e-05,0.9999455261061422,1.4598086442436054e-22,0.9999999999999996,-1.9999727630530701,0.9999727630530701,-0.7333369649262571,1.0,-1.7966630940040856e-22,0.8548706604825353,1.261632402541681e+27
1.7378008287493763e-08,57543992.73371567,31414766278780.492,5.7923338984096165e-05,0.9999420766610158,1.7767571254509084e-22,0.9999999999999999,-1.9999710383305074,0.9999710383305074,-0.7333371948892654,1.0,-2.1867463341841104e-22,0.8548706604825353,9.868875403504037e+26
1.8478497974222906e-08,54116951.654646374,27784417494840.15,6.159119953789002e-05,0.9999384088004617,2.162519960145723e-22,0.9999999999999996,-1.9999692044002302,0.9999692044002302,-0.7333374394133024,1.0,-2.661522045656775e-22,0.8548706604825353,7.719738555275791e+26
1.964867789993466e-08,50894008.51518094,24573601418229.86,6.549130360801606e-05,0.9999345086963922,2.6320376837474226e-22,1.0000000000000002,-1.9999672543481963,0.9999672543481963,-0.7333376994202403,1.0,-3.239377956741734e-22,0.8548706604825353,6.038618866620287e+26
2.0892961308540408e-08,47863008.2322638,21733835569698.195,6.963835452364585e-05,0.9999303616454763,3.2034945931397547e-22,1.0,-1.999965180822738,0.9999651808227381,-0.7333379758903014,1.0,-3.9426939342974844e-22,0.8548706604825353,4.7235960857067845e+26
2.2216040919558116e-08,45012519.62061337,19222240263292.875,7.404798622155404e-05,0.9999259520137785,3.8990229948385223e-22,1.0,-1.9999629760068893,0.9999629760068893,-0.7333382698657478,1.0,-4.798708696785565e-22,0.8548706604825353,3.694945207397578e+26
2.3622906626344603e-08,42331792.28088211,17000891128705.156,7.87368221124926e-05,0.9999212631778875,4.745560348588553e-22,1.0,-1.9999606315889438,0.9999606315889438,-0.7333385824548073,1.0,-5.840574690465606e-22,0.8548706604825353,2.890302991700857e+26
2.511886431509582e-08,39810716.05534969,15036246458348.438,8.372253766677349e-05,0.9999162774623331,5.7758924998391e-22,0.9999999999999999,-1.9999581387311667,0.9999581387311667,-0.7333389148358442,1.0,-7.1086419775320065e-22,0.8548706604825353,2.260887075561959e+26
2.6709555875589852e-08,37439782.89823811,13298640732165.805,8.902392695346209e-05,0.9999109760730466,7.029923400567865e-22,1.0,-1.9999554880365238,0.9999554880365238,-0.7333392682617966,1.0,-8.65202085257974e-22,0.8548706604825353,1.7685384532321946e+26
2.8400980479142137e-08,35210051.01684521,11761836672439.465,9.466097338228323e-05,0.9999053390266177,8.556220488239948e-22,1.0,-1.9999526695133087,0.9999526695133087,-0.7333396440648918,1.0,-1.0530483696246118e-21,0.8548706604825353,1.3834080190914186e+26
3.0199517204020194e-08,33113111.148259073,10402629064674.457,0.00010065492491294542,0.9998993450750875,1.0413895566856172e-21,1.0000000000000004,-1.9999496725375445,0.9999496725375445,-0.7333400436616605,1.0,-1.2816779710014882e-21,0.8548706604825353,1.082146914572098e+26
3.211194909364824e-08,31141054.844467584,9200494362290.145,0.00010702837401316787,0.9998929716259871,1.2674894025328119e-21,1.0000000000000002,-1.9999464858129936,0.9999464858129936,-0.7333404685582674,1.0,-1.5599452162465889e-21,0.8548706604825353,8.464909651053276e+25
3.4145488738336004e-08,29286444.646252375,8137280784184.748,0.00011380534266429898,0.9998861946573357,1.5426781039769012e-21,1.0,-1.999943097328668,0.999943097328668,-0.7333409203561774,1.0,-1.8986267233530338e-21,0.8548706604825353,6.621533856066236e+25
3.6307805477010175e-08,27542286.033381633,7196934225678.074,0.00012101137273209501,0.9998789886272677,1.877613264982505e-21,0.9999999999999998,-1.9999394943136335,0.9999394943136335,-0.733341400758182,1.0,-2.3108387222681117e-21,0.8548706604825353,5.179586224873645e+25
3.8607054321538154e-08,25902001.045313224,6365255844114.846,0.00012867362204007428,0.9998713263779597,2.2852663019865566e-21,0.9999999999999998,-1.9999356631889795,0.9999356631889795,-0.7333419115748026,1.0,-2.812544970601175e-21,0.8548706604825353,4.051648196103819e+25
4.1051906712730784e-08,24359403.472920272,5629687658695.9,0.00013682096650392508,0.9998631790334963,2.7814247700348946e-21,1.0000000000000002,-1.9999315895167487,0.9999315895167487,-0.7333424547310999,1.0,-3.423174930127473e-21,0.8548706604825353,3.1693383134472937e+25
4.3651583224016566e-08,22908675.52767775,4979122927117.527,0.00014548410870779185,0.9998545158912926,3.3853037396394344e-21,1.0000000000000004,-1.9999272579456469,0.9999272579456469,-0.7333430322739135,1.0,-4.1663761386647595e-21,0.8548706604825353,2.479166512334742e+25
4.641588833612782e-08,21544345.900318824,4403738435725.594,0.00015469569332700092,0.9998453043066732,4.120289897240591e-21,1.0000000000000002,-1.9999226521533364,0.9999226521533364,-0.7333436463795548,1.0,-5.070929907033845e-21,0.8548706604825353,1.9392912210286902e+25
4.935524741394806e-08,20261269.126211435,3894846170783.908,0.00016449042982695573,0.999835509570173,5.014847180779786e-21,0.9999999999999999,-1.9999177547850862,0.9999177547850862,-0.7333442993619883,1.0,-6.1718657934618015e-21,0.8548706604825353,1.5169826694070072e+25
5.248074602497723e-08,19054606.17963248,3444762131108.6846,0.0001749052228946535,0.9998250947771055,6.103619015842019e-21,1.0000000000000002,-1.9999125473885528,0.9999125473885528,-0.733344993681526,1.0,-7.51181800262266e-21,0.8548706604825353,1.1866386139920446e+25
5.580417174769969e-08,17919806.223753322,3046690301154.5957,0.00018597931108760738,0.9998140206889121,7.428769829170929e-21,0.9999999999999998,-1.9999070103444554,0.9999070103444554,-0.7333457319540724,1.0,-9.142676221288811e-21,0.8548706604825353,9.282321791149478e+24
5.9338058627532806e-08,16852589.44750751,2694620032558.669,0.00019775441421502756,0.9998022455857852,9.041617779669348e-21,1.0000000000000002,-1.999901122792893,0.9999011227928929,-0.7333465169609474,1.0,-1.1127594799646095e-20,0.8548706604825353,7.260977119866484e+24
6.30957344480193e-08,15848930.924611142,2383235284614.8887,0.00021027488999799635,0.9997897251100021,1.1004621920771667e-20,1.0,-1.9998948625550013,0.9998948625550013,-0.733347351659333,1.0,-1.3543438057668556e-20,0.8548706604825353,5.67981042183341e+24
6.709137099554119e-08,14905045.433861947,2107834353221.2764,0.00022358790058917544,0.9997764120994107,1.3393800728589868e-20,0.9999999999999999,-1.999888206049705,0.999888206049705,-0.7333482391933723,1.0,-1.6483756376176502e-20,0.8548706604825353,4.442965660619756e+24
7.134003750712564e-08,14017373.183467694,1864258876215.8086,0.00023774358956842907,0.9997622564104313,1.6301675628433652e-20,0.9999999999999997,-1.9998811282052154,0.9998811282052154,-0.7333491829059711,1.0,-2.0062408275339905e-20,0.8548706604825353,3.4754611575494285e+24
7.585775750291836e-08,13182566.385564074,1648831043090.1187,0.0002527952700687453,0.9997472047299312,1.9840853474312225e-20,0.9999999999999999,-1.9998736023649653,0.9998736023649653,-0.7333501863513378,1.0,-2.441796868410352e-20,0.8548706604825353,2.718643808657648e+24
8.066156921766127e-08,12397476.630289454,1458298060955.4458,0.0002687996247270854,0.9997312003752725,2.41483866681377e-20,0.9999999999999996,-1.9998656001876356,0.9998656001876356,-0.7333512533083151,1.0,-2.971909402931587e-20,0.8548706604825353,2.1266332345864124e+24
8.576958985908945e-08,11659143.011798311,1289783038203.6343,0.0002858169181974695,0.9997141830818023,2.939107970445104e-20,0.9999999999999998,-1.9998570915409004,0.9998570915409004,-0.7333523877945464,1.0,-3.6171051799993983e-20,0.8548706604825353,1.6635402856377969e+24
9.120108393559096e-08,10964780.961431852,1140741544212.7559,0.0003039112230087744,0.999696088776991,3.57719475570109e-20,0.9999999999999998,-1.9998480443884952,0.9998480443884952,-0.7333535940815337,1.0,-4.4023667302065257e-20,0.8548706604825353,1.3012912706929025e+24
9.697653591082487e-08,10311771.745930558,1008923189154.4175,0.0003231506595975994,0.9996768493404026,4.3538075902554154e-20,1.0000000000000002,-1.9998384246702015,0.9998384246702015,-0.7333548767106395,1.0,-5.358099515454495e-20,0.8548706604825353,1.0179260016135206e+24
1.031177274593056e-07,9697652.591082485,892337643763.0232,0.00034360765139718625,0.9996563923486028,5.299018742879858e-20,1.0,-1.9998281961743014,0.9998281961743014,-0.7333562405100928,1.0,-6.521308980964455e-20,0.8548706604825353,7.962664704765441e+23
1.0964781961431852e-07,9120107.393559096,789224585970.0212,0.00036535919591703384,0.9996346408040828,6.449428449667634e-20,0.9999999999999999,-1.9998173204020409,0.9998173204020409,-0.733357690613061,1.0,-7.937033058670162e-20,0.8548706604825353,6.228754470995513e+23
1.1659144011798311e-07,8576957.985908946,698027120601.458,0.0003884871528045677,0.9996115128471955,7.849581877425015e-20,1.0,-1.9998057564235978,0.9998057564235978,-0.7333592324768534,1.0,-9.660085553226397e-20,0.8548706604825353,4.872418610951624e+23
1.2397477630289454e-07,8066155.9217661265,617368270780.1013,0.0004130785499402337,0.9995869214500593,9.553693623886945e-20,0.9999999999999996,-1.9997934607250292,0.9997934607250292,-0.7333608719033293,1.0,-1.175717786758124e-19,0.8548706604825353,3.811435817660124e+23
1.3182567385564074e-07,7585774.7502918355,546030186055.683,0.0004392259086808467,0.999560774091319,1.1627746493572048e-19,0.9999999999999999,-1.9997803870456594,0.9997803870456594,-0.7333626150605785,1.0,-1.430950115900573e-19,0.8548706604825353,2.9814896408400373e+23
1.4017374183467694e-07,7134002.750712564,482935753309.1234,0.00046702758943308693,0.999532972410567,1.4152045768556264e-19,1.0000000000000002,-1.9997664862052837,0.9997664862052837,-0.7333644685059619,1.0,-1.7415868824124368e-19,0.8548706604825353,2.3322694182425054e+23
1.4905046433861975e-07,6709136.099554106,427132332758.2616,0.0004965881588098801,0.99950341184119,1.7224327815004246e-19,0.9999999999999999,-1.999751705920595,0.9997517059205949,-0.7333664392105871,1.0,-2.1196540880855565e-19,0.8548706604825353,1.824420296875143e+23
1.584893192461114e-07,6309572.44480193,377777373481.3208,0.0005280187796972266,0.9994719812203025,2.0963543310101934e-19,0.9999999999999997,-1.9997359906101508,0.9997359906101508,-0.7333685345853129,1.0,-2.5797878183338763e-19,0.8548706604825353,1.4271574391444531e+23
1.685259044750751e-07,5933804.86275328,334125691254.849,0.000561437625638027,0.9994385623743619,2.5514461468861766e-19,0.9999999999999999,-1.9997192811871807,0.9997192811871807,-0.7333707625083756,1.0,-3.1398006491317085e-19,0.8548706604825353,1.1163997755653068e+23
1.791980722375336e-07,5580416.174769958,295518216603.65454,0.0005969703210227442,0.9994030296789773,3.105327340452546e-19,1.0,-1.999701514839489,0.999701514839489,-0.7333731313547345,1.0,-3.821370945707961e-19,0.8548706604825353,8.73310163446045e+22
1.9054607179632483e-07,5248073.602497723,261372043160.22168,0.0006347504086646087,0.9993652495913351,3.779441139690586e-19,0.9999999999999997,-1.9996826247956672,0.9996826247956672,-0.7333756500272441,1.0,-4.650881709832121e-19,0.8548706604825353,6.8315344945748766e+22
2.0261270126211434e-07,4935523.741394807,231171626065.60962,0.000674919846429646,0.9993250801535706,4.599884786276417e-19,1.0000000000000002,-1.9996625400767858,0.9996625400767858,-0.7333783279897617,1.0,-5.660441412791422e-19,0.8548706604825353,5.344032069781805e+22
2.1544346900318867e-07,4641587.833612773,204460997509.34106,0.0007176295346892537,0.999282370465311,5.598419503739598e-19,1.0000000000000002,-1.999641185232656,0.9996411852326561,-0.7333811753023123,1.0,-6.8891262842384425e-19,0.8548706604825353,4.180429950251478e+22
2.2908676527677748e-07,4365157.322401657,180836881864.4087,0.0007630398764656691,0.9992369601235345,6.813699599663062e-19,1.0000000000000002,-1.9996184800617671,0.9996184800617671,-0.7333842026584307,1.0,-8.384492084354288e-19,0.8548706604825353,3.270197784244211e+22
2.435940447292027e-07,4105189.671273079,159942606457.30237,0.0008113213722485378,0.9991886786277512,8.292768236161817e-19,0.9999999999999997,-1.999594339313875,0.9995943393138751,-0.7333874214248164,1.0,-1.0204413798320662e-18,0.8548706604825353,2.5581637360355495e+22
2.5902002045313226e-07,3860704.432153815,141462716026.95343,0.0008626552515740848,0.9991373447484256,1.0092877710541455e-18,0.9999999999999998,-1.999568672374212,0.9995686723742121,-0.7333908436834382,1.0,-1.2419324359447782e-18,0.8548706604825353,2.001170002572246e+22
2.754228703338169e-07,3630779.54770101,125118209552.0632,0.0009172341435774154,0.9990827658564226,1.2283704629894388e-18,1.0,-1.9995413829282116,0.9995413829282116,-0.7333944822762382,1.0,-1.5114938918855815e-18,0.8548706604825353,1.5654566361514002e+22
2.928644564625237e-07,3414547.873833601,110662327523.97415,0.0009752627888531933,0.9990247372111467,1.4950045623406936e-18,0.9999999999999999,-1.9995123686055734,0.9995123686055734,-0.7333983508525901,1.0,-1.8395569929366015e-18,0.8548706604825353,1.2246150733023324e+22
3.1141055844467585e-07,3211193.9093648237,97876826053.867,0.0010369587950907085,0.9989630412049095,1.8195097803049654e-18,1.0000000000000002,-1.999481520602455,0.999481520602455,-0.7334024639196723,1.0,-2.23881611216936e-18,0.8548706604825353,9.57987307837894e+21
3.311311214825908e-07,3019950.720402019,86568681554.20923,0.0011025534390860386,0.9988974465609135,2.214445077321863e-18,0.9999999999999996,-1.999448723280456,0.9994487232804561,-0.733406836895939,1.0,-2.7247196200774695e-18,0.8548706604825353,7.494136626034082e+21
3.521005201684521e-07,2840097.0479142135,76567176235.95837,0.0011722925178770595,0.9988277074821227,2.6950944473851474e-18,0.9999999999999998,-1.999413853741061,0.9994138537410611,-0.7334114861678582,1.0,-3.3160671847645976e-18,0.8548706604825353,5.862532476748307e+21
3.743978389823811e-07,2670954.587558985,67721320413.29506,0.0012464372518961465,0.9987535627481037,3.280058057901437e-18,0.9999999999999998,-1.9993767813740517,0.9993767813740517,-0.7334164291501262,1.0,-4.035736567708922e-18,0.8548706604825353,4.586177238520173e+21
3.981071705534969e-07,2511885.4315095823,59897572693.38107,0.0013252652431909912,0.9986747347568091,3.991971585254242e-18,1.0000000000000002,-1.9993373673784047,0.9993373673784047,-0.7334216843495458,1.0,-4.911567975330221e-18,0.8548706604825353,3.5877192145588705e+21
4.233179328088211e-07,2362289.6626344607,52977823626.662384,0.0014090714919255973,0.9985909285080741,4.858381535116893e-18,0.9999999999999997,-1.9992954642540366,0.9992954642540366,-0.733427271432795,1.0,-5.977440102630625e-18,0.8548706604825353,2.806649796217746e+21
4.501252062061336e-07,2221603.0919558117,46857612371.430695,0.0014981694745415791,0.9985018305254583,5.912810356962396e-18,0.9999999999999999,-1.9992509152627291,0.9992509152627291,-0.7334332112983026,1.0,-7.274579395650468e-18,0.8548706604825353,2.1956358371512547e+21
4.78630092322638e-07,2089295.130854041,41444549444.830444,0.0015928922871339564,0.998407107712866,7.196052485913747e-18,1.0,-1.9992035538564332,0.9992035538564332,-0.7334395261524753,1.0,-8.853153048354573e-18,0.8548706604825353,1.7176506786849956e+21
5.089400951518094e-07,1964866.789993466,36656921744.3672,0.0016935938577756137,0.9983064061422238,8.757751353903157e-18,0.9999999999999993,-1.9991532030711112,0.9991532030711112,-0.7334462395905184,1.0,-1.0774207182065142e-17,0.8548706604825353,1.3437299117726604e+21
5.411695265464637e-07,1847848.7974222908,32422458776.21389,0.0018006502317103102,0.9981993497682895,1.0658318248765996e-17,0.9999999999999998,-1.9990996748841443,0.9990996748841443,-0.7334533766821139,1.0,-1.3112024951335286e-17,0.8548706604825353,1.0512158330952889e+21
5.754399373371567e-07,1737799.8287493763,28677241460.80075,0.001914460933525115,0.9980855390664751,1.2971267081063356e-17,1.0000000000000002,-1.999042769533238,0.999042769533238,-0.7334609640622347,1.0,-1.595699548928259e-17,0.8548706604825353,8.223841778010697e+20
6.118805757518225e-07,1634304.842723136,25364737039.063683,0.0020354504106088822,0.9979645495893908,1.578605515069973e-17,0.9999999999999998,-1.998982274794695,0.998982274794695,-0.7334690300273737,1.0,-1.9419104267803233e-17,0.8548706604825353,6.433698850608488e+20
6.506288748655573e-07,1536973.515935271,22434945506.811615,0.0021640695624034665,0.9978359304375966,1.9211539504655498e-17,1.0,-1.9989179652187985,0.9989179652187985,-0.7334776046374933,1.0,-2.3632179357148627e-17,0.8548706604825353,5.0332677989360665e+20
6.918309709189363e-07,1445438.770745928,19843644688.72265,0.0023007973601579007,0.9976992026398417,2.3380182192051134e-17,0.9999999999999996,-1.99884960131992,0.99884960131992,-0.7334867198240105,1.0,-2.8759057140534465e-17,0.8548706604825353,3.9377023453227044e+20
7.356422544596422e-07,1359355.390878524,17551722552.91416,0.0024461425621017593,0.9975538574378983,2.845316656331978e-17,1.0,-1.9987769287189494,0.9987769287189494,-0.7334964095041399,1.0,-3.4997866385083695e-17,0.8548706604825353,3.0806296457447565e+20
7.82227956386003e-07,1278398.7194630231,15524586684.339275,0.002600645529161476,0.9973993544708387,3.4626621832555326e-17,1.0000000000000002,-1.9986996772354197,0.9986996772354197,-0.7335067097019439,1.0,-4.258967254183462e-17,0.8548706604825353,2.4101279171956438e+20
8.317637711026709e-07,1202263.4346174132,13731642000.339527,0.0027648801465510946,0.9972351198534488,4.213919577033902e-17,0.9999999999999999,-1.9986175599267242,0.9986175599267242,-0.7335176586764365,1.0,-5.182777638633198e-17,0.8548706604825353,1.8855799202548852e+20
8.844365191386008e-07,1130662.3979496376,12145828822.122654,0.0029394558567749107,0.9970605441432253,5.128126725201645e-17,1.0000000000000002,-1.998530272071613,0.9985302720716129,-0.7335292970571181,1.0,-6.306902461129202e-17,0.8548706604825353,1.475211577763054e+20
9.404448517263523e-07,1063325.5716371606,10743214327.288506,0.0031250198097823333,0.996874980190218,6.240615343835191e-17,1.0000000000000004,-1.9984374900951096,0.9984374900951096,-0.7335416679873186,1.0,-7.674756716543399e-17,0.8548706604825353,1.1541665408205704e+20
1e-06,999999.0,9502631214.563683,0.003322259136212623,0.996677740863787,7.5943743023208e-17,0.9999999999999998,-1.998338870431893,0.998338870431893,-0.7335548172757473,1.0,-9.339158993807223e-17,0.8548706604825353,9.030000000000002e+19
1.0633265716371627e-06,940443.8517263504,8405358124.795792,0.0035319033498560225,0.9964680966501441,9.241708017589763e-17,1.0000000000000002,-1.998234048325072,0.998234048325072,-0.7335687935566568,1.0,-1.13643665387241e-16,0.8548706604825353,7.065004520607063e+19
1.13066339794964e-06,884435.5191385989,7434836992.76181,0.003754726885635846,0.996245273114364,1.1246253709258243e-16,0.9999999999999999,-1.9981226365571818,0.9981226365571818,-0.7335836484590421,1.0,-1.3828550223344035e-16,0.8548706604825353,5.527680110893947e+19
1.2022644346174132e-06,831762.7711026708,6576423061.987312,0.003991551779579634,0.99600844822042,1.3685435077332464e-16,0.9999999999999998,-1.9980042241102098,0.9980042241102098,-0.7335994367853051,1.0,-1.682680436510541e-16,0.8548706604825353,4.324934029023856e+19
1.2783997194630257e-06,782226.9563860013,5817163787.973558,0.004243250497391828,0.995756749502608,1.6653446700731017e-16,1.0,-1.9978783747513036,0.9978783747513036,-0.7336162166998259,0.9999999999999999,-2.0474806786747042e-16,0.8548706604825353,3.383939453611087e+19
1.3593563908785242e-06,735641.2544596421,5145603291.431753,0.0045107489183623325,0.9954892510816374,2.026488379507152e-16,1.0,-1.9977446255408184,0.9977446255408184,-0.7336340499278906,0.9999999999999999,-2.491326934696206e-16,0.8548706604825353,2.647723323279329e+19
1.445439770745928e-06,691829.9709189363,4551609408.918423,0.004795029481438524,0.9952049705185613,2.4659156685567216e-16,1.0,-1.9976024852592809,0.9976024852592809,-0.733653001965429,0.9999999999999999,-3.031334934122281e-16,0.8548706604825353,2.071714821135471e+19
1.5369745159352741e-06,650627.874865556,4026220729.4779606,0.005097134500346487,0.994902865499653,3.00058593844738e-16,0.9999999999999998,-1.9974514327498258,0.9974514327498258,-0.7336731423000229,0.9999999999999999,-3.6883228811327383e-16,0.8548706604825353,1.6210453362478033e+19
1.634305842723136e-06,611879.5757518226,3561511307.6760006,0.005418169654665502,0.9945818303453342,3.651129815192017e-16,1.0,-1.997290915172667,0.997290915172667,-0.7336945446436443,0.9999999999999999,-4.487611329230199e-16,0.8548706604825353,1.2684362794704013e+19
1.7378008287493763e-06,575438.9373371566,3150471010.3137836,0.0057593076637277515,0.9942406923362713,4.442643024686262e-16,0.9999999999999996,-1.9971203461681344,0.9971203461681344,-0.7337172871775819,0.9999999999999998,-5.459995554069461e-16,0.8548706604825353,9.925467586827545e+18
1.8478497974222906e-06,541168.5265464637,2786899690.173991,0.00612179215012606,0.9938782078498737,5.405651691881166e-16,1.0000000000000002,-1.9969391039249367,0.9969391039249367,-0.7337414528100081,0.9999999999999998,-6.642927535824917e-16,0.8548706604825353,7.766809883091886e+18
1.964867789993466e-06,508939.0951518094,2465313588.928479,0.006506941699456125,0.993493058300543,6.577286008553178e-16,0.9999999999999998,-1.9967465291502706,0.9967465291502706,-0.7337671294466304,0.9999999999999998,-8.081952620804426e-16,0.8548706604825353,6.077771091755414e+18
2.0892961308540407e-06,478629.0923226381,2180862555.992982,0.006916154122683752,0.9930838458773155,8.002707155431475e-16,1.0,-1.9965419229386572,0.9965419229386572,-0.7337944102748455,0.9999999999999997,-9.832455589427759e-16,0.8548706604825355,4.756161488132238e+18
2.2216040919558116e-06,450124.20620613365,1929256833.4274344,0.007350910927201123,0.9926490890727979,9.736842006595206e-16,1.0,-1.9963245445363982,0.9963245445363982,-0.7338233940618133,0.9999999999999997,-1.1961782574793259e-15,0.8548706604825355,3.722031929326448e+18
2.3622906626344603e-06,423316.93280882115,1706702301.4220219,0.007812782002204836,0.9921872179977943,1.1846491849671076e-15,1.0000000000000002,-1.9960936089988965,0.9960936089988965,-0.7338541854668135,0.9999999999999996,-1.4551819489345204e-15,0.8548706604825356,2.9128327456792233e+18
2.5118864315095823e-06,398106.1705534969,1509843206.6585665,0.008303430523475595,0.9916965694765232,1.4412895563772027e-15,1.0000000000000002,-1.9958482847382606,0.9958482847382606,-0.7338868953682317,0.9999999999999994,-1.77021248548099e-15,0.8548706604825356,2.27962650869302e+18
2.6709555875589853e-06,374396.8389823811,1335711508.8227758,0.00882461808194974,0.9911753819180483,1.7534844940538493e-15,0.9999999999999999,-1.9955876909590218,0.9955876909590218,-0.7339216412054635,0.9999999999999993,-2.153373583151613e-15,0.8548706604825356,1.7841252348016128e+18
2.8400980479142136e-06,352099.5201684521,1181682080.4721355,0.00937821003962579,0.9906217899603723,2.1332470756621188e-15,1.0000000000000002,-1.9953108949801839,0.9953108949801839,-0.7339585473359752,0.9999999999999992,-2.619379158001997e-15,0.8548706604825357,1.396372539308952e+18
3.0199517204020193e-06,331130.12148259074,1045433083.8455291,0.009966181115323177,0.9900338188846742,2.59518435888284e-15,1.0,-1.9950169094423345,0.9950169094423345,-0.7339977454076885,0.999999999999999,-3.186114879440944e-15,0.8548706604825358,1.0929303327987702e+18
3.2111949093648238e-06,311409.5584446758,924910926.3680067,0.010590621201584249,0.9894093787984126,3.1570564150426793e-15,1.0,-1.994704689399203,0.9947046893992031,-0.7340393747467726,0.9999999999999988,-3.875320145097523e-15,0.8548706604825359,8.554602217149216e+17
3.414548873833601e-06,292863.4564625237,818299265.7385252,0.011253741412556422,0.9887462585874394,3.8404555261421035e-15,0.9999999999999997,-1.9943731292937148,0.9943731292937148,-0.7340835827608378,0.9999999999999986,-4.713416188052538e-15,0.854870660482536,6.696136883082066e+17
3.6307805477010175e-06,275421.87033381633,723991596.6335545,0.011957880360982037,0.9880421196390134,4.671631282906323e-15,1.0000000000000002,-1.9940210598195018,0.9940210598195018,-0.7341305253573995,0.9999999999999982,-5.73251148420112e-15,0.8548706604825361,5.24163831996001e+17
3.860705432153815e-06,259019.02045313228,640567005.138237,0.012705510660429279,0.9872944893395648,5.6824928078199214e-15,0.9999999999999997,-1.993647244669776,0.9936472446697759,-0.734180367377363,0.9999999999999978,-6.971622233332941e-15,0.8548706604825363,4.1032608807176774e+17
4.105190671273079e-06,243593.0447292027,566768724.8462522,0.01349924564658489,0.9865007543534084,6.9118259753490994e-15,1.0000000000000002,-1.993250377176697,0.993250377176697,-0.7342332830431069,0.9999999999999973,-8.478153681442656e-15,0.8548706604825365,3.2122678746384454e+17
4.365158322401665e-06,229085.76527677703,501485170.8717698,0.01434184630876111,0.9856581536912303,8.406771555608622e-15,0.9999999999999999,-1.9928290768456058,0.9928290768456058,-0.7342894564205857,0.9999999999999968,-1.0309697722101831e-14,0.8548706604825367,2.5148737660428598e+17
4.641588833612782e-06,215442.46900318822,443733165.4303869,0.015236228419711421,0.9847637715802782,1.0224619962083949e-14,0.9999999999999998,-1.9923818857901274,0.9923818857901274,-0.7343490818946494,0.9999999999999961,-1.2536213908642629e-14,0.854870660482537,1.9689912210286906e+17
4.935524741394807e-06,202611.70126211434,392643101.73601353,0.016185469848356938,0.9838145301516307,1.2434990094058495e-14,1.0,-1.9919072650758018,0.9919072650758018,-0.7344123646565595,0.9999999999999952,-1.524267514430822e-14,0.8548706604825373,1.5416860534087555e+17
5.248074602497734e-06,190545.07179632442,347445822.22676754,0.017192818036057517,0.9828071819639271,1.5122474058784137e-14,0.9999999999999998,-1.9914035909819467,0.9914035909819467,-0.7344795212024069,0.9999999999999942,-1.853227639704261e-14,0.8548706604825378,1.207185993828327e+17
5.58041717476997e-06,179197.0722375332,307461013.01691544,0.018261697612574013,0.9817383023874077,1.8389846853936506e-14,1.0,-1.9908691511936834,0.9908691511936834,-0.7345507798408419,0.9999999999999929,-2.253032541334071e-14,0.8548706604825383,9.453227452538611e+16
5.933805862753281e-06,168524.9044750751,272086939.36472714,0.019395718122812315,0.9806042818771655,2.2361961010125187e-14,1.0000000000000002,-1.9903021409385584,0.9903021409385584,-0.734626381208192,0.9999999999999915,-2.738895930709975e-14,0.854870660482539,7.403130257286307e+16
6.309573444801943e-06,158488.3192461111,240791367.19342554,0.020598681829769115,0.9794013181702034,2.719047148586438e-14,0.9999999999999997,-1.9897006590850714,0.9897006590850714,-0.7347065787886569,0.9999999999999896,-3.329286094538999e-14,0.8548706604825398,5.7980482514877496e+16
6.709137099554105e-06,149049.46433861976,213103533.60984594,0.02187459155276543,0.9781254084472013,3.305956667557041e-14,0.9999999999999998,-1.9890627042235638,0.9890627042235638,-0.7347916394368579,0.9999999999999872,-4.0466185287489296e-14,0.8548706604825408,4.5413116037001224e+16
7.134003750712565e-06,140172.74183467694,188607045.20347893,0.023227658493009586,0.97677234150695,4.019291831963341e-14,0.9999999999999998,-1.9883861707534305,0.9883861707534305,-0.7348818438995424,0.9999999999999846,-4.918094950706614e-14,0.8548706604825419,3.5572617500385708e+16
7.585775750291852e-06,131824.67385564046,166933596.91640753,0.024662309990725526,0.975337690009226,4.8862107697933944e-14,1.0000000000000004,-1.9876688450045599,0.9876688450045599,-0.734977487332725,0.9999999999999812,-5.976719333688775e-14,0.8548706604825433,2.786682577944827e+16
8.066156921766128e-06,123973.77630289453,147757416.6635993,0.026183197149481308,0.9738168028504595,5.939683930959607e-14,1.0,-1.9869084014251648,0.9869084014251648,-0.7350788798099779,0.9999999999999771,-7.262527941067051e-14,0.8548706604825451,2.1832254179099204e+16
8.576958985908945e-06,116590.44011798312,130790351.84041733,0.027795202253905124,0.9722047977460228,7.219731817015606e-14,1.0,-1.9861023988729318,0.9861023988729318,-0.7351863468169422,0.9999999999999722,-8.82407795753497e-14,0.8548706604825472,1.7106116134538922e+16
9.120108393559115e-06,109646.81961431829,115777523.54529503,0.029503445896657626,0.9704965541032545,8.774924514392954e-14,0.9999999999999999,-1.9852482770515303,0.9852482770515303,-0.7353002297264624,0.9999999999999662,-1.0720248475973188e-13,0.8548706604825498,1.3404434958280168e+16
9.697653591082486e-06,103116.72745930559,102493482.91667551,0.03131329371931893,0.9686867062805746,1.0664197907055967e-13,1.0000000000000002,-1.9843433531401704,0.9843433531401704,-0.7354208862479771,0.999999999999959,-1.3022418605193034e-13,0.8548706604825529,1.0504914040389736e+16
1.031177274593056e-05,96975.53591082487,90738811.56404471,0.033230362659724295,0.9667696373401462,1.2959052806698776e-13,1.0000000000000002,-1.98338481866993,0.9833848186699301,-0.735548690844009,0.9999999999999502,-1.5817100677630512e-13,0.8548706604825567,8233531924054148.0
1.0964781961431852e-05,91200.08393559096,80337114.77754349,0.035260526585258314,0.9647394734145842,1.5746216914662753e-13,1.0,-1.9823697367071182,0.9823697367071182,-0.7356840351057173,0.9999999999999395,-1.920912238723388e-13,0.8548706604825612,6454052010779180.0
1.165914401179831e-05,85768.58985908946,71132362.1304903,0.037409921177716854,0.9625900788220919,1.913086598028504e-13,1.0000000000000002,-1.981295039410835,0.9812950394108351,-0.7358273280785552,0.9999999999999264,-2.3325470687000017e-13,0.8548706604825668,5059812942262243.0
1.2397477630289454e-05,80660.56921766126,62986535.333793595,0.03968494792060553,0.9603150520791618,2.324052029492276e-13,0.9999999999999997,-1.980157526039324,0.980157526039324,-0.7359789965280898,0.9999999999999106,-2.831993302834773e-13,0.8548706604825735,3967303633354306.0
1.3182567385564074e-05,75856.75750291836,55777547.83975577,0.04209227702425431,0.9579077229754637,2.8229756414305714e-13,1.0000000000000002,-1.9789538614874205,0.9789538614874205,-0.7361394851350104,0.9999999999998914,-3.437869874765884e-13,0.8548706604825818,3111134843015366.5
1.4017374183467693e-05,71339.03750712564,49397404.79529327,0.044638849107989494,0.9553611508916677,3.428590251359384e-13,1.0000000000000002,-1.9776805754454554,0.9776805754454554,-0.7363092566072724,0.9999999999998681,-4.1727115946313827e-13,0.8548706604825917,2440103600509226.0
1.4905046433861976e-05,67090.37099554106,43750575.57303536,0.04733187544197139,0.9526681245576126,4.1635919976175093e-13,1.0000000000000004,-1.976334062278347,0.976334062278347,-0.7364887916962202,0.9999999999998399,-5.063783806967597e-13,0.8548706604826037,1914112862971082.0
1.584893192461114e-05,63094.7344480193,38752554.317890406,0.05017883653437858,0.949821163465116,5.055471479904192e-13,1.0000000000000002,-1.9749105817319994,0.9749105817319994,-0.7366785891023998,0.9999999999998056,-6.144064074651728e-13,0.8548706604826184,1501760466160287.2
1.685259044750751e-05,59337.0586275328,34328586.784958035,0.05318747883265011,0.9468125211667358,6.137517146909318e-13,0.9999999999999996,-1.9734062605826892,0.9734062605826892,-0.7368791652556412,0.999999999999764,-7.453424469013729e-13,0.8548706604826363,1178451870651671.8
1.7919807223753358e-05,55803.17174769958,30412544.25497134,0.056365809290793795,0.9436341907084613,7.45002606707081e-13,1.0000000000000002,-1.9718170953534069,0.9718170953534069,-0.7370910539528788,0.9999999999997135,-9.040054621466421e-13,0.8548706604826578,924922848059901.4
1.9054607179632484e-05,52479.74602497723,26945927.533660777,0.059722087538724135,0.9402779124603717,9.041764235214617e-13,1.0,-1.9701389562291858,0.9701389562291858,-0.7373148058361083,0.9999999999996523,-1.0962173509441415e-12,0.854870660482684,726083010648641.5
2.0261270126211433e-05,49354.24741394806,23876986.005083293,0.06326481537466098,0.9367351846242415,1.0971726946361988e-12,0.9999999999999997,-1.9683675923109063,0.9683675923109063,-0.7375509876918789,0.999999999999578,-1.329008723256144e-12,0.8548706604827158,570110460686317.8
2.1544346900318867e-05,46414.888336127726,21159938.445698366,0.06700272328833412,0.9329972767103346,1.3311259762622462e-12,0.9999999999999999,-1.9664986383536938,0.9664986383536938,-0.7378001815528406,0.9999999999994881,-1.6108661044912476e-12,0.8548706604827542,447742995025147.7
2.290867652767775e-05,43650.58322401656,18754283.842011623,0.07094475371174228,0.9290552462866428,1.6146612509192227e-12,0.9999999999999998,-1.9645276231415336,0.9645276231415336,-0.7380629835811285,0.9999999999993789,-1.9520286950455668e-12,0.8548706604828008,351723162426170.25
2.435940447292027e-05,41050.906712730786,16624191.813149549,0.07510004068621436,0.9248999593118276,1.9582012912898332e-12,1.0,-1.9624499796537453,0.9624499796537453,-0.7383400027128337,0.9999999999992468,-2.36484435954004e-12,0.8548706604828573,276363753439847.38
2.590200204531328e-05,38606.05432153807,14737963.441284966,0.07947788563032629,0.9205221143672991,2.3743363354365698e-12,0.9999999999999998,-1.9602610571810184,0.9602610571810184,-0.7386318590425307,0.9999999999990868,-2.8641963415448883e-12,0.8548706604829257,217207566396136.4
2.754228703338169e-05,36306.8054770101,13067554.375536907,0.08408772889375174,0.9159122711033703,2.878268422650084e-12,1.0000000000000002,-1.9579561355484953,0.9579561355484953,-0.738939181926867,0.999999999998893,-3.468014349470436e-12,0.8548706604830085,170760977357122.3
2.9286445646252374e-05,34144.488738336004,11588153.01487431,0.0889391167883424,0.9110608832081691,3.4883451143439574e-12,0.9999999999999999,-1.9555304416002162,0.9555304416002162,-0.7392626077866377,0.9999999999986583,-4.197886191948397e-12,0.8548706604831089,134285290295672.1
3.1141055844467646e-05,32110.949093648174,10277807.406848408,0.09404166380070537,0.9059583361950683,4.2267001386221875e-12,1.0000000000000002,-1.9529791680928452,0.9529791680928452,-0.7396027775876204,0.9999999999983743,-5.079789120318578e-12,0.8548706604832302,105633325091821.56
3.3113112148259076e-05,30198.51720402019,9117095.234211434,0.09940500971139143,0.900594990283488,5.120021827475218e-12,0.9999999999999994,-1.95029749513606,0.9502974951360601,-0.7399603339818585,0.9999999999980308,-6.144963535499403e-12,0.854870660483377,83121425509255.22
3.521005201684521e-05,28399.980479142137,8088831.911753951,0.10503877137567903,0.8949612286181203,6.200474151704836e-12,0.9999999999999999,-1.9474806143021743,0.9474806143021743,-0.7403359180930432,0.9999999999976152,-7.430955821511189e-12,0.8548706604835546,65429201696203.37
3.743978389823818e-05,26708.5558755898,7177812.390829043,0.11095248896095741,0.8890475110315358,7.506799804894627e-12,1.0,-1.9445237555074268,0.9445237555074268,-0.7407301659323429,0.9999999999971128,-8.98286187599893e-12,0.8548706604837695,51520990717552.19
3.9810717055349695e-05,25117.86431509582,6370582.777703069,0.11715556648704362,0.8828444335038708,9.085640265046491e-12,1.0,-1.9414222167418351,0.9414222167418351,-0.7411437044344218,0.9999999999965056,-1.0854808531659732e-11,0.8548706604840289,40584324927198.22
4.233179328088211e-05,23621.906626344604,5655238.321772262,0.12365720657935989,0.8763427934096473,1.0993114211139944e-11,1.0000000000000002,-1.9381713966925955,0.9381713966925955,-0.7415771471076537,0.9999999999957718,-1.3111716630582403e-11,0.8548706604843426,31981720475689.984
4.5012520620613456e-05,22215.040919558072,5021244.72759423,0.13046633942167013,0.8695336605650329,1.3296703254192236e-11,0.9999999999999998,-1.9347668302677163,0.9347668302677163,-0.7420310892976376,0.9999999999948859,-1.5831397174311073e-11,0.8548706604847213,25212898614057.6
4.7863009232263804e-05,20891.96130854041,4459280.096613882,0.1375915459856691,0.8624084539982532,1.607750284611067e-11,0.9999999999999998,-1.9312042269812195,0.9312042269812195,-0.7425061030691704,0.9999999999938164,-1.9107040895940615e-11,0.8548706604851785,19885178979737.008
5.089400951518094e-05,19647.67789993466,3961095.115731025,0.14504097571945024,0.8549590242611167,1.943290667151834e-11,0.9999999999999998,-1.9274795121089001,0.9274795121089001,-0.743002731718813,0.9999999999925258,-2.305017198175749e-11,0.8548706604857301,15690274515563.273
5.411695265464637e-05,18477.497974222908,3519389.385156165,0.15282225899575447,0.8471777409807654,2.347980505798059e-11,0.9999999999999997,-1.9235888704641955,0.9235888704641955,-0.743521483938107,0.9999999999909693,-2.7794148732682002e-11,0.8548706604863954,12386101644059.062
5.7543993733715664e-05,17377.00828749376,3127702.02148957,0.16094241475341425,0.8390575852182273,2.8358392247160745e-11,1.0,-1.919528792577463,0.9195287925774629,-0.744062827656338,0.999999999989093,-3.349830795706108e-11,0.8548706604871974,9782519934952.523
6.118805757518225e-05,16342.05842723136,2780314.887315182,0.1694077539104429,0.8305922460553202,3.423669408587704e-11,0.9999999999999999,-1.9152961229894194,0.9152961229894194,-0.7446271836014104,0.9999999999868321,-4.035286612154986e-11,0.8548706604881637,7730150872361.777
6.506288748655574e-05,15368.745159352708,2472166.9890716868,0.17822377928313432,0.8217762206755499,4.1315947204970805e-11,1.0,-1.9108881102915913,0.9108881102915913,-0.7452149186277877,0.9999999999841093,-4.8584709095795915e-11,0.8548706604893276,6111609621603.264
6.918309709189363e-05,14453.39770745928,2198778.75342724,0.18739508290983684,0.8126049170403263,4.983698349672082e-11,1.0000000000000002,-1.9063024584644086,0.9063024584644086,-0.7458263388714119,0.9999999999808319,-5.84642241009662e-11,0.8548706604907285,4834628006282.105
7.356422544596421e-05,13592.563908785241,1956185.0413836204,0.1969252418475625,0.8030747580923494,6.008780018686135e-11,0.9999999999999997,-1.9015373789788945,0.9015373789788945,-0.7464616828028139,0.9999999999768893,-7.03133526637369e-11,0.8548706604924137,3826659915903.1
7.822279563860029e-05,12782.997194630232,1740875.8911188217,0.20681671368026017,0.7931832862473271,7.2412526611332e-11,0.9999999999999998,-1.896591643042512,0.896591643042512,-0.7471211142609981,0.9999999999721491,-8.451507250859736e-11,0.8548706604944398,3030648868059.294
8.317637711026709e-05,12021.644346174131,1549744.0971344048,0.21707073314458658,0.7829292667681912,8.72220346267472e-11,0.9999999999999998,-1.8914646332862577,0.8914646332862577,-0.7478047155618321,0.9999999999664531,-1.015245499971053e-10,0.8548706604968745,2401706766393.449
8.844365191386007e-05,11305.633979496377,1380038.8363646073,0.2276872114367462,0.7723127884582472,1.0500648118733853e-10,0.9999999999999999,-1.8861563941112254,0.8861563941112254,-0.7485124807851697,0.9999999999596129,-1.2188224364468777e-10,0.8548706604997982,1904507189674.5935
9.404448517263523e-05,10632.265716371605,1229324.6430837084,0.23866463990620443,0.7613353599674455,1.2635011991079382e-10,1.0,-1.8806676798417217,0.8806676798417217,-0.7492443093544369,0.9999999999514038,-1.4622928422886368e-10,0.8548706605033071,1511239077901.9417
0.0001,9999.0,1095445.115093558,0.24999999996201275,0.7499999998860383,1.5194877447240598e-10,0.9999999999999998,-1.8749999997720763,0.8749999997720763,-0.7500000000303896,0.9999999999415582,-1.7532550899555617e-10,0.8548706605075155,1199999999999.9998
0.00010633265716371628,9403.448517263503,976490.8050014309,0.2616886811080361,0.7383113187093336,1.8263043161618043e-10,1.0000000000000002,-1.8691556591489944,0.8691556591489944,-0.7507792454468005,0.9999999999297575,-2.100705875767294e-10,0.8548706605125594,953534292078.1984
0.00011306633979496398,8843.36519138599,870770.8134857651,0.2737244090774449,0.7262755907031759,2.193794868485176e-10,1.0000000000000002,-1.863137795104266,0.863137795104266,-0.751581627319431,0.9999999999156233,-2.515287467400246e-10,0.8548706605186009,758241809452.3186
0.00012022644346174131,8316.63771102671,776787.6572464546,0.28609918604759016,0.7139008136890448,2.633652631023097e-10,1.0000000000000002,-1.8569504065472855,0.8569504065472855,-0.7524066124603617,0.9999999998987057,-3.009576815001878e-10,0.854870660525832,603399064291.5212
0.00012783997194630256,7821.279563860015,693215.0336892391,0.2988032448776274,0.7011967548063974,3.1597552370324896e-10,1.0000000000000002,-1.8505983770461847,0.8505983770461847,-0.7532535497271752,0.999999999878471,-3.5984233318314703e-10,0.8548706605344811,480547082780.9319
0.00013593563908785269,7355.422544596407,618878.1480448514,0.3118250192179354,0.6881749804032083,3.788558180145625e-10,0.9999999999999996,-1.8440874897730486,0.8440874897730486,-0.75412166803026,0.9999999998542862,-4.2993432278781006e-10,0.8548706605448185,383010161982.3192
0.0001445439770745928,6917.309709189362,552736.3072320905,0.3251511311888099,0.6748488683572343,4.539556337119255e-10,0.9999999999999999,-1.8374244336645054,0.8374244336645054,-0.7550100755113991,0.9999999998254017,-5.132979528169724e-10,0.8548706605571649,305517425193.8765
0.0001536974515935271,6505.288748655574,493867.51892234,0.3387663981143081,0.6612336013421094,5.435824866880094e-10,1.0,-1.8306168000546992,0.8306168000546992,-0.7559177599927066,0.9999999997909298,-6.123638354182299e-10,0.8548706605718993,243905126113.9253
0.00016343058427231393,6117.805757518213,441454.86446635285,0.3526538595259725,0.6473461398235619,6.504652615250345e-10,0.9999999999999997,-1.82367306917333,0.82367306917333,-0.7568435907768891,0.999999999749821,-7.299913724140084e-10,0.8548706605894707,194882397234.2417
0.00017378008287493763,5753.399373371566,394774.4410584427,0.36679482532329,0.6332051738988819,7.778283262782128e-10,1.0000000000000002,-1.8166025860652997,0.8166025860652997,-0.7577863218579598,0.9999999997008353,-8.695415073566559e-10,0.8548706606104088,155846859191.78378
0.00018478497974222906,5410.6952654646375,353184.6921413165,0.3811689455987885,0.6188310534717336,9.29478189603997e-10,1.0000000000000004,-1.8094155256780124,0.8094155256780124,-0.7587445965762648,0.9999999996425084,-1.0349613954767983e-09,0.8548706606353399,124739426647.01395
0.000196486778999347,5088.400951518083,316116.9659534133,0.3957543022138036,0.6042456966762921,1.1099047514147917e-09,1.0000000000000004,-1.8021228470733262,0.8021228470733262,-0.7597169537235563,0.9999999995731136,-1.2308828993561157e-09,0.8548706606650016,99929936052.67877
0.0002089296130854041,4785.30092322638,283067.1606048555,0.4105275217569961,0.5894724769186045,1.3243995264871743e-09,1.0,-1.7947362369480928,0.7947362369480928,-0.7607018350735875,0.9999999994906156,-1.4627371222118194e-09,0.8548706607002642,80127017306.77489
0.00022216040919558117,4500.252062061336,253588.3304170132,0.4254639090447283,0.574536089376078,1.579193601042358e-09,0.9999999999999999,-1.7872680428837369,0.7872680428837369,-0.7616975942821682,0.9999999993926179,-1.7368875436207974e-09,0.8548706607421519,64307041222.134995
0.00023622906626344652,4232.179328088203,227284.14272086706,0.44053759984524116,0.5594623982731403,1.881618523671976e-09,0.9999999999999999,-1.779731196983897,0.7797311969838969,-0.7627025070688136,0.9999999992763006,-2.0607847322001877e-09,0.85487066079187,51658081435.15866
0.0002511886431509582,3980.071705534969,203803.08709890553,0.4557217310434077,0.5442782667162983,2.2402938438683086e-09,0.9999999999999999,-1.7721391307917307,0.7721391307917307,-0.7637147825611024,0.9999999991383485,-2.4431460852995097e-09,0.8548706608508356,41535698217.9919
0.00026709555875589855,3742.97838982381,182833.35036729928,0.47098862602619246,0.5290113713084619,2.6653456051680602e-09,0.9999999999999999,-1.7645056825968162,0.7645056825968162,-0.7647325756537576,0.999999998974867,-2.8941645976767442e-09,0.8548706609207134,33428033917.434353
0.0002840098047914219,3520.005201684514,164098.28060022066,0.4863099926771345,0.5136900041542045,3.168660788674763e-09,0.9999999999999998,-1.75684499843748,0.7568449984374801,-0.7657540002083358,0.9999999987812843,-3.4257513016077646e-09,0.8548706610034574,26928245610.622276
0.0003019951720402019,3310.311214825908,147352.37234734412,0.5016571310363752,0.49834286519944176,3.764183501723529e-09,1.0000000000000004,-1.7491714282702866,0.7491714282702866,-0.7667771428972949,0.9999999985522371,-4.051816764008342e-09,0.8548706611013603,21712721554.659683
0.0003211194909364824,3113.1055844467583,132377.71302241302,0.5170011474241045,0.4829988481076359,4.468259633350334e-09,1.0,-1.7414994189077226,0.7414994189077226,-0.7678000774789701,0.9999999982814386,-4.7885978882346924e-09,0.8548706612171092,17523858826.743187
0.0003414548873833601,2927.6445646252373,118980.83736339727,0.5323131716503215,0.4676868230496406,5.300037773486613e-09,0.9999999999999999,-1.7338434054126506,0.7338434054126506,-0.768820879278313,0.999999997961524,-5.655037268141631e-09,0.854870661353852,14156439584.665524
0.0003630780547701018,2753.228703338163,106989.94298766981,0.5475645738496852,0.45243541986837976,6.281935440124315e-09,1.0000000000000004,-1.7262177026800851,0.7262177026800851,-0.7698376396426551,0.999999997583871,-6.6732235015609085e-09,0.8548706615152742,11446847828.596481
0.0003860705432153815,2589.2002045313225,96252.42548129937,0.5627271774904724,0.43727281506934673,7.4401811055453375e-09,1.0000000000000002,-1.7186363989317952,0.7186363989317952,-0.7708484801424271,0.9999999971383918,-7.86890221490837e-09,0.8548706617056878,9264529342.103313
0.00041051906712730787,2434.940447292027,86632.69625170791,0.5777734652108215,0.42222652598373395,8.805444190894298e-09,0.9999999999999996,-1.711113252797123,0.7111132527971229,-0.7718515662937168,0.9999999966132906,-9.272069109435442e-09,0.8548706619301345,7505223993.753852
0.00043651583224016654,2289.86765276777,78010.25060996381,0.5926767743291882,0.40732321525724424,1.0413567144740152e-08,0.9999999999999996,-1.7036615955565095,0.7036615955565095,-0.7728451205924652,0.9999999959947818,-1.0917658146646279e-08,0.854870662194507,6085599136.856562
0.0004641588833612782,2153.4346900318824,70277.95729679373,0.6074114791513869,0.3925885085421977,1.2306415978511042e-08,1.0000000000000004,-1.6962942399865362,0.6962942399865362,-0.7738274346684616,0.9999999952667631,-1.2846340084944187e-08,0.8548706625056881,4938991221.028684
0.0004935524741394807,2025.1270126211432,63340.54398163874,0.6219531575425434,0.37804682792458827,1.4532868249248105e-08,1.0,-1.6890233970722626,0.6890233970722626,-0.7747968803903648,0.9999999944104353,-1.5105449007232056e-08,0.8548706628717128,4012024453.583688
0.0005248074602497734,1904.4607179632444,57113.25619678349,0.636278739635091,0.36372124321494864,1.714996051530209e-08,1.0000000000000002,-1.6818606016513022,0.6818606016513022,-0.7757519197798262,0.9999999934038614,-1.7750057292812323e-08,0.854870663301958,3261923977.4575596
0.000558041717476997,1790.980722375332,51520.66976299869,0.6503666369881352,0.34963334278764413,2.0224220809780845e-08,1.0000000000000002,-1.6748166478318631,0.6748166478318631,-0.776691113622418,0.9999999922214535,-2.0844222747767637e-08,0.8548706638073609,2654379359.145212
0.0005933805862753281,1684.259044750751,46495.63905841677,0.6641968509827103,0.3358031251840738,2.3833215756668774e-08,0.9999999999999999,-1.6679015347925048,0.6679015347925048,-0.7776131286943325,0.9999999908333785,-2.446243538706173e-08,0.8548706644006732,2161844399.9268656
0.0006309573444801943,1583.8931924611109,41978.36551311237,0.6777510597149806,0.32224891221767293,2.8067346684717182e-08,1.0000000000000002,-1.6611244233324878,0.6611244233324878,-0.7785167435556681,0.9999999892048667,-2.8691295741187177e-08,0.8548706650967567,1762183121.692656
0.0006709137099554119,1489.5046433861946,37915.57250866326,0.6910126831195379,0.3089872838485273,3.303193457775612e-08,0.9999999999999999,-1.654493603306586,0.654493603306586,-0.779400852892455,0.9999999872954097,-3.3631461635728776e-08,0.8548706659129262,1437590591.1733007
0.0007134003750712565,1400.7374183467693,34259.774451889825,0.7039669265030087,0.2960330346473512,3.884964005671716e-08,1.0,-1.6480164718541848,0.6480164718541848,-0.7802644704194418,0.9999999850578307,-3.93999062743053e-08,0.8548706668693464,1173732099.8952913
0.0007585775750291835,1317.2567385564075,30968.629198919174,0.7166008030815656,0.2833991512551622,4.566327195711704e-08,0.9999999999999997,-1.641699522125747,0.6416995221257471,-0.7811067303832335,0.9999999824372031,-4.613253727218381e-08,0.8548706679894953,959055950.6665144
0.0008066156921766143,1238.747763028943,28004.364250812687,0.7289031364845159,0.27109680987643764,5.363904660684941e-08,1.0,-1.6355483420254997,0.6355483420254997,-0.7819268877299331,0.9999999793695975,-5.398723418803132e-08,0.8548706693006984,784244375.0260729
0.0008576958985908946,1164.914401179831,25333.268243934006,0.7408645445020778,0.2591353925275526,6.297036980919739e-08,1.0000000000000002,-1.629567622331117,0.6295676223311171,-0.7827243170225175,0.999999975780627,-6.314737125694969e-08,0.8548706708347512,641774439.506339
0.0009120108393559096,1095.4781961431852,22925.240233508754,0.752477405613949,0.24752252050382603,7.388222501101484e-08,1.0000000000000002,-1.623761173421993,0.623761173421993,-0.7834985102104007,0.9999999715837596,-7.382590263872423e-08,0.8548706726286407,525566600.9340558
0.0009697653591082506,1030.1772745930539,20753.390132046807,0.7637358100338029,0.23626410332993256,8.663626443630102e-08,0.9999999999999998,-1.6181319497483508,0.6181319497483508,-0.7842490733668863,0.9999999666783599,-8.627009979233841e-08,0.8548706747253819,430703164.6584212
0.001031177274593056,968.7653591082485,18793.68442834654,0.7746354971436361,0.2253644013196485,1.015367153810296e-07,1.0,-1.6126820811040394,0.6126820811040394,-0.7849757225194612,0.9999999609474172,-1.0076704483930399e-07,0.8548706771749894,353202538.529246
0.0010964781961431851,911.0108393559096,17024.63198909157,0.7851737812730435,0.21482609978972456,1.1893723173225275e-07,0.9999999999999998,-1.6074129097252627,0.6074129097252627,-0.7856782787032981,0.9999999542549108,-1.1765000029477636e-07,0.8548706800356033,289838059.89145935
0.0011659144011798334,856.6958985908929,15427.005343663353,0.7953494678060492,0.20465039294510937,1.3924884148277356e-07,1.0,-1.6023250322236735,0.6023250322236735,-0.7863566623701767,0.9999999464427533,-1.3730579468663992e-07,0.8548706833747957,237992460.73323864
0.0012397477630289454,805.6156921766127,13983.5933826377,0.8051627615774472,0.19483707547338763,1.6294916501360004e-07,0.9999999999999998,-1.597418345372543,0.597418345372543,-0.7870108872836608,0.9999999373272442,-1.6018338576581876e-07,0.8548706872710866,195540852.0277251
0.0013182567385564075,757.5775750291835,12678.981869400202,0.8146151694580508,0.1853846399488427,1.9059310673318288e-07,1.0000000000000002,-1.5926920947959882,0.5926920947959882,-0.7876410540272014,0.999999926694959,-1.8680378871922757e-07,0.8548706918157014,160756550.60548285
0.0014017374183467723,712.400375071255,11499.358579380172,0.8237093989306847,0.17629037824406055,2.2282525490140964e-07,1.0000000000000002,-1.5881449256599076,0.5881449256599076,-0.7882473432453455,0.9999999142979789,-2.1777158658995692e-07,0.8548706971146094,132235218.27181162
0.0014905046433861975,669.9137099554106,10432.34024873266,0.8324492543334061,0.16755048527233218,2.6039426183022243e-07,1.0000000000000002,-1.5837749345259546,0.5837749345259546,-0.7888300087298725,0.9999998998483608,-2.537882746364469e-07,0.8548707032908875,108833694.72565046
0.001584893192461114,629.957344480193,9466.818839362571,0.8408395323002419,0.15916016353023846,3.041695199557624e-07,1.0000000000000002,-1.5795797216028407,0.5795797216028407,-0.7893893704529544,0.999999883011723,-2.956677303753769e-07,0.8548707104874625,89620631.67743732
0.001685259044750751,592.3805862753281,8592.82491481932,0.848885917769432,0.15111372707006868,3.5516049946269336e-07,1.0000000000000002,-1.5755564427093678,0.5755564427093678,-0.7899258076387508,0.999999863399808,-3.4435414742304165e-07,0.8548707188702895,73836613.79288173
0.0017919807223753359,557.0417174769958,7801.406176075743,0.8565948817608757,0.143404703699953,4.145391713033717e-07,1.0,-1.571701860347617,0.5717018603476169,-0.7904397519536509,0.9999998405618572,-4.009428249867908e-07,0.8548707286320387,60861913.09445527
0.0019054607179632482,523.8074602497724,7084.519431340299,0.8639735819536027,0.13602593438039062,4.836660068597495e-07,1.0000000000000002,-1.5680123933700436,0.5680123933700436,-0.790931680883994,0.9999998139746128,-4.667042671313882e-07,0.8548707399963693,50190391.2976404
0.0020261270126211432,492.55247413948064,6434.934473194093,0.8710297669253361,0.12896966895454043,5.641201236127836e-07,1.0,-1.5644841648084848,0.5644841648084848,-0.7914021113588685,0.9999997830307217,-5.431121181106472e-07,0.8548707532228855,41408358.315000355
0.002154434690031887,463.1588833612772,5846.148512476564,0.8777716847533801,0.12222765751238279,6.57734236713882e-07,0.9999999999999997,-1.5611130475143358,0.5611130475143358,-0.791851593664755,0.9999997470252936,-6.318755436829446e-07,0.854870768612883,34177429.95025135
0.0022908676527677745,435.5158322401657,5312.309974102071,0.8842079965222261,0.11579123684259275,7.666351812673502e-07,1.0000000000000002,-1.5578947073359029,0.5578947073359029,-0.7922807056885461,0.9999997051403149,-7.349767652404977e-07,0.85487078651601,28220615.626010984
0.002435940447292027,409.5190671273079,4828.150597716374,0.8903476951406782,0.10965141156843,8.932908917163248e-07,1.0,-1.5548246436300157,0.5548246436300157,-0.7926900475159977,0.9999996564265801,-8.547145658853749e-07,0.8548708073379914,23311017.370690886
0.002590200204531328,385.0705432153807,4388.924907870261,0.8962000297415463,0.10379892969358775,1.0405648656244356e-06,0.9999999999999997,-1.551898226969649,0.5518982269696491,-0.7930802364040467,0.999999599782744,-9.937547177236157e-07,0.8548708315495817,19262641.80287484
0.002754228703338169,362.078054770101,3990.3562260337203,0.9017744358209181,0.09822435239977928,1.211779302429108e-06,0.9999999999999998,-1.5491107339670007,0.5491107339670007,-0.7934519021377331,0.9999995339310376,-1.1551884304540735e-06,0.8548708596969459,15922923.515553541
0.0029286445646252374,340.4548873833601,3628.5884919287246,0.9070804711721807,0.09291811803952263,1.4107882969641257e-06,1.0000000000000004,-1.5464573791821106,0.5464573791821106,-0.7938056827757184,0.9999994573891166,-1.3426000960810763e-06,0.8548708924136919,13166635.868395578
0.0031141055844467647,320.1194909364817,3300.1432457646824,0.9121277575821674,0.08787060035514607,1.6420626868269528e-06,1.0000000000000002,-1.5439333441306102,0.5439333441306102,-0.7941422207825851,0.9999993684374281,-1.5601458070803639e-06,0.8548709304348197,10890927.55895112
0.0033113112148259144,300.9951720402013,3001.8811972955755,0.9169259281826966,0.08307216102889643,1.910788406772698e-06,0.9999999999999998,-1.5415338034408215,0.5415338034408215,-0.7944621595412237,0.999999265081382,-1.8126443600002075e-06,0.8548709746128906,9011273.504006874
0.003521005201684521,283.00980479142135,2730.967873315847,0.9214845802895963,0.07851319672990595,2.222980497780067e-06,1.0,-1.5392539482405079,0.5392539482405079,-0.7947661402345988,0.9999991450075009,-2.10568272838578e-06,0.8548710259367709,7458168.9456823105
0.0037439783898238106,266.09555875589854,2484.842893275856,0.9258132335121783,0.07418418087256214,2.5856152596609316e-06,1.0,-1.5370890068775502,0.5370890068775502,-0.7950547990829931,0.9999990055325925,-2.445738303985283e-06,0.8548710855533571,6174428.239526374
0.003981071705534978,250.1886431509577,2261.1924740143877,0.9299212928780054,0.07007570033856315,3.0067834314971104e-06,1.0,-1.535034263097252,0.535034263097252,-0.7953287649203662,0.999998843544834,-2.840320570279515e-06,0.8548711547927599,5112976.030881467
0.004233179328088211,235.22906626344604,2057.9248099626766,0.9338180166894945,0.06617848744276271,3.4958677423832807e-06,0.9999999999999996,-1.533085071812297,0.533085071812297,-0.7955886570916936,0.9999986554354837,-3.298135295403665e-06,0.854871235197493,4235039.718269422
0.004501252062061337,221.16040919558114,1873.1480152656964,0.9375124888093388,0.062483447441955116,4.06374870589708e-06,0.9999999999999998,-1.5312368726102903,0.5312368726102903,-0.7958350836519611,0.9999984370197285,-3.8292748216914355e-06,0.854871328556307,3508669.228685837
0.00478630092322639,207.92961308540367,1705.1503497083445,0.9410135950596761,0.058981681897176876,4.72304314694551e-06,0.9999999999999999,-1.5294852011487874,0.5294852011487874,-0.7960686398468282,0.9999981834449435,-4.445438597008795e-06,0.8548714369434036,2907523.9826844092
0.0050894009515180935,195.48677899934663,1552.3824816692227,0.9443300034143397,0.05566450820499769,5.488380662522149e-06,0.9999999999999999,-1.5278256985893086,0.5278256985893086,-0.7962899068547586,0.9999978890843606,-5.160188751087414e-06,0.8548715627638872,2409878.1429923037
0.0054116952654646375,183.78497974222907,1413.4415690345686,0.9474701476632595,0.052523475612696664,6.376724043937631e-06,1.0000000000000002,-1.5262541192205508,0.5262541192205508,-0.796499450770593,0.9999975474138293,-5.989246282491858e-06,0.8548717088064435,1997804.3295467638
0.005754399373371578,172.78008287493728,1287.0569635138468,0.9504422142322209,0.04955037802713428,7.407740645194546e-06,1.0000000000000002,-1.524766336417313,0.524766336417313,-0.7966978218110248,0.9999971508689827,-6.9508343051932496e-06,0.8548718783043949,1656503.356291342
0.006118805757518225,162.4305842723136,1172.0773654813852,0.9532541318487955,0.046737263918413714,8.604232791145487e-06,1.0000000000000004,-1.5233583470759888,0.5233583470759888,-0.7968855537232014,0.9999966906796958,-8.066075827121685e-06,0.8548720750064632,1373753.5304769073
0.006506288748655574,152.6974515935271,1067.4592756568845,0.9559135637555228,0.04407644360787314,9.992636603960334e-06,0.9999999999999999,-1.5220262746601234,0.5220262746601234,-0.79706316337865,0.9999961566782293,-9.359454718693393e-06,0.8548723032587809,1139457.9188832324
0.006918309709189377,143.5439770745925,972.2566069238587,0.9584279021836212,0.04156049421626374,1.1603600115099465e-05,1.0,-1.5207663709809267,0.5207663709809267,-0.7972311505358762,0.9999955370768788,-1.0859349902815253e-05,0.8548725680999386,945271.941022215
0.007356422544596421,134.93563908785242,885.6113346268239,0.9608042648139977,0.0391822625327475,1.347265325471085e-05,0.9999999999999999,-1.5195750168279512,0.5195750168279512,-0.797389997756273,0.9999948182102867,-1.2598654388958875e-05,0.8548728753711404,784296.8693173737
0.00782227956386003,126.8399719463023,806.745077013323,0.9630494929665674,0.036934866049123986,1.5640984308493138e-05,0.9999999999999999,-1.5184487215546243,0.5184487215546243,-0.7975401704593833,0.9999939842368044,-1.4615492616934777e-05,0.854873231843865,650827.4395442418
0.008317637711026726,119.22644346174106,734.9515092963413,0.9651701512733456,0.03481169238690748,1.8156339746833765e-05,1.0,-1.517384121712161,0.5173841217121611,-0.797682117105045,0.999993016792405,-1.695405171074387e-05,0.8548736453678129,540143.9138024958
0.008844365191386008,112.06633979496375,669.5895252832286,0.9671725286051018,0.03280639732788563,2.1074067012492467e-05,0.9999999999999999,-1.5163779788136522,0.5163779788136522,-0.7978162694915129,0.9999918945896106,-1.9665544715333084e-05,0.8548741250423632,448340.68380828475
0.009404448517263523,105.33265716371606,610.0770698052884,0.969062640035134,0.030912901641906448,2.445832295916806e-05,0.9999999999999996,-1.5154271762979736,0.5154271762979736,-0.79794304316027,0.999990592952708,-2.2809326752412963e-05,0.85487468141527,372184.9278603904
0.01,99.0,555.8855734253962,0.9708462296366688,0.029125386889100068,2.838347423095724e-05,0.9999999999999998,-1.5145287157505585,0.5145287157505585,-0.7980628378999254,0.9999890832791419,-2.6454188347174775e-05,0.8548753267129254,308999.99999999994
0.010633265716371628,93.04448517263504,506.53492822053227,0.9725287739222334,0.027438290357727126,3.2935720039494367e-05,1.0,-1.5136797124250516,0.5136797124250516,-0.7981760383433263,0.9999873324153694,-3.067985401681264e-05,0.854876075107198,256569.18293827417
0.011306633979496399,87.4436519138599,461.588949939317,0.9741154857438696,0.025846299283509407,3.8214972621043814e-05,1.0000000000000002,-1.5128773900964316,0.5128773900964316,-0.7982830146538089,0.9999853019336072,-3.557871865623443e-05,0.8548769430246539,213056.21645744683
0.012022644346174132,82.17637711026708,420.6512776156211,0.9756113184820245,0.02434434448173173,4.433703624358515e-05,0.9999999999999999,-1.5121190752621492,0.5121190752621492,-0.7983841232983799,0.9999829472937525,-4.1257859400934844e-05,0.854877949504885,176939.65203205068
0.012783997194630256,77.22279563860013,383.36166686152205,0.9770209703582092,0.022927593509687105,5.1436132103636536e-05,1.0,-1.5114021906932367,0.5114021906932367,-0.7984797079075683,0.9999802168722678,-4.7841366600926636e-05,0.8548791166157376,146958.60824763222
0.013593563908785269,72.56422544596407,349.3926376394643,0.9783488887118555,0.021591443464202203,5.9667823942415065e-05,1.0000000000000002,-1.5107242483218826,0.5107242483218826,-0.7985701002237489,0.9999770508369452,-5.5473044428807844e-05,0.8548804699344638,122067.93127421154
0.01445439770745928,68.18309709189363,318.44644138935166,0.9795992740850668,0.020331513507052708,6.921240788042514e-05,0.9999999999999999,-1.5100828414356162,0.5100828414356162,-0.7986556211419177,0.999973379843123,-6.431953961449524e-05,0.8548820391052572,101401.11733226823
0.01536974515935274,64.06288748655561,290.2523160185066,0.9807760839599405,0.01914363720005707,8.027884000267089e-05,1.0000000000000002,-1.509475636130641,0.509475636130641,-0.7987365818492477,0.9999691235230759,-7.457396601571716e-05,0.8548838584852777,84239.64375028235
0.016343058427231393,60.18805757518213,264.5640005012841,0.9818830359916589,0.018023854721505677,9.310928683547178e-05,1.0,-1.5089003619578212,0.5089003619578212,-0.7988132850722903,0.9999641887358325,-8.646010338878885e-05,0.8548859678931956,69987.59325954506
0.017378008287493762,56.543993733715666,241.15748372520284,0.9829236105763965,0.016968405026318807,0.00010798439728449494,0.9999999999999999,-1.5083548016740624,0.5083548016740624,-0.7988860264434582,0.999958467539506,-0.00010023726103851332,0.8548884134764984,58150.651915426206
0.018478497974222945,53.11695265464626,219.82896480099794,0.9839010525859714,0.015973718003895493,0.00012522941013298408,0.9999999999999998,-1.5078367799888548,0.5078367799888548,-0.7989550960014858,0.9999518348422566,-0.0001162059112513214,0.8548912487163711,48318.72208256492
0.0196486778999347,49.894009515180834,200.3930043596289,0.984818372090873,0.015036406679975337,0.0001452212291520384,1.0000000000000002,-1.5073441511703376,0.5073441511703376,-0.7990207798439548,0.9999441456810954,-0.0001347142138402561,0.8548945355919324,40151.52449565193
0.02089296130854041,46.8630092322638,182.68084842071613,0.9856783438794353,0.014153259501943172,0.0001683966186214234,0.9999999999999999,-1.506874785346747,0.506874785346747,-0.7990833619537668,0.999935232069761,-0.00015616557208289402,0.8548983459290401,33366.67259852027
0.022216040919558117,44.012520620613365,166.5389082612188,0.9864835055631592,0.013321232740817,0.00019526169602385692,1.0,-1.5064265533071195,0.5064265533071195,-0.7991431262257173,0.9999248993476831,-0.00018102738218779487,0.8549027629628589,27729.792341091867
0.023622906626344652,41.331793280882025,151.8273813642977,0.9872361540360377,0.012537443037619967,0.00022640292634283407,1.0000000000000004,-1.5059973095688863,0.5059973095688863,-0.7992003587241483,0.9999129219514066,-0.00020984116360570643,0.8549078831479681,23046.334792718244
0.025118864315095822,38.81071705534969,138.41900000753384,0.9879383400287781,0.011799160116905263,0.00026249985431654635,1.0,-1.5055848734389654,0.5055848734389654,-0.7992553502081378,0.9998990385175706,-0.00024323428648732553,0.8549138182551013,19154.790113241612
0.026709555875589854,36.439783898238105,126.19789537568414,0.9885918604663677,0.011103799685825392,0.00030433984780697495,1.0,-1.5051870077481742,0.5051870077481742,-0.7993083989669099,0.9998829462123819,-0.0002819335459180926,0.8549206977997378,15921.06190859258
0.028400980479142194,34.21005201684514,115.05856627265712,0.9891982482988811,0.010448916533272712,0.00035283516784597986,0.9999999999999999,-1.5048013948854149,0.5048013948854149,-0.7993598140152778,0.999864294166213,-0.00032678087083316354,0.8549286718548438,13233.80267363909
0.030199517204020192,32.11311214825908,104.90494257505051,0.9897587594300579,0.009832197840218786,0.00040904272972317623,0.9999999999999999,-1.5044256096971356,0.5044256096971356,-0.7994099187070484,0.9998426758731834,-0.000378751499398751,0.8549379143082272,11000.545442218574
0.032111949093648236,30.141055844467587,95.64953452854766,0.9902743563150089,0.009251456709404967,0.0004741869755861284,1.0,-1.5040570887477276,0.5040570887477276,-0.7994590548336361,0.9998176203940053,-0.000438975002870934,0.8549486266343921,9144.495197861414
0.034145488738336074,28.286445646252314,87.21265985030035,0.9907456877366135,0.00870462591994716,0.0005496863434392299,0.9999999999999999,-1.5036930953566627,0.5036930953566627,-0.7995075872857781,0.9997885821756003,-0.0005087595973034634,0.8549610422616183,7601.867097430069
0.03630780547701017,26.542287033381633,79.52174137542414,0.9911730641985566,0.008189751910173916,0.0006371838912692547,0.9999999999999997,-1.5033306797366583,0.5033306797366583,-0.7995559093684453,0.9997549292725888,-0.0005896202478193727,0.8549754316274877,6319.677986922442
0.03860705432153815,24.902002045313225,72.5106686830801,0.9915564282903973,0.007704988990086405,0.0007385827195164353,1.0000000000000002,-1.502966633452464,0.5029666334524641,-0.7996044488730046,0.999715929723263,-0.0006833111443722065,0.8549921080304257,5253.913754806669
0.04105190671273087,23.359404472920218,66.11921776545825,0.9918953192852451,0.00724859378317969,0.0008560869315752984,1.0,-1.5025974373001256,0.5025974373001256,-0.7996536750266497,0.999670735795548,-0.0007918632118973748,0.8550114344013152,4368.008359052917
0.04365158322401665,21.908676527677702,60.29252336853543,0.9921888311221722,0.006818919895965745,0.0009922489818619121,0.9999999999999998,-1.5022192015698477,0.5022192015698477,-0.7997041064573535,0.999618365776207,-0.0009176274123582284,0.8550338311381291,3631.581362182268
0.04641588833612782,20.54434690031882,54.98059914323822,0.9924355628019393,0.006414412812365439,0.0011500243856951446,0.9999999999999999,-1.501827597499687,0.5018275974996871,-0.7997563203333748,0.9995576829285788,-0.0010633247021972255,0.8550597851681505,3019.3899122102803
0.04935524741394806,19.261270126211436,50.13790120534259,0.992633560084541,0.0060336050091647445,0.00133283490629452,1.0000000000000002,-1.5014177785499772,0.5014177785499772,-0.7998109628600029,0.9994873711898867,-0.0012321036266976805,0.8550898604270335,2510.4586447107695
0.052480746024977334,18.054607179632445,45.7229311172005,0.9927802472190375,0.005675111287937145,0.001544641493025371,1.0,-1.5009842899273507,0.5009842899273507,-0.7998687613430198,0.9994059071180672,-0.0014276066630188582,0.8551247099720691,2087.357223403808
0.05580417174769969,16.91980722375332,41.697874678806215,0.9928723472589088,0.005337624318202533,0.0017900284228890176,1.0000000000000004,-1.5005209645599087,0.5005209645599087,-0.7999305380586786,0.999311527529658,-0.0016540465659579907,0.8551650899789354,1735.6004074828038
0.05933805862753281,15.85259044750751,38.02827325386238,0.9929057893187829,0.0050199103861045865,0.002074300295112679,1.0000000000000002,-1.500020803469446,0.500020803469446,-0.7999972262040737,0.9992021921941874,-0.0019162941238328906,0.8552118759073083,1443.1498181975037
0.06309573444801943,14.84893192461111,34.68272466205677,0.9928756009105122,0.004720805342531417,0.0024035937469563087,0.9999999999999999,-1.4994758382005136,0.49947583820051356,-0.8000698882399313,0.9990755408665553,-0.002219978894171432,0.8552660811613582,1200.0001277608076
0.06709137099554119,13.905046433861946,31.632610944961115,0.9927757832585367,0.004439210744364646,0.0027850059970987314,1.0,-1.4988769726480817,0.49887697264808173,-0.8001497369802556,0.9989288438472698,-0.002571604656450515,0.8553288786166747,997.8353367150256
0.07134003750712564,13.017374183467695,28.85185056275388,0.9925991672380804,0.00417409018241238,0.0032267425795071717,0.9999999999999999,-1.4982138012751012,0.4982138012751012,-0.8002381598299864,0.998758945161728,-0.0029786814860112173,0.8554016254357921,829.7432458903875
0.07585775750291851,12.182567385564047,26.31667280496592,0.992337247308438,0.003924465789554586,0.003738286902007578,1.0000000000000002,-1.4974744003291347,0.4974744003291347,-0.8003367466227819,0.9985621973453817,-0.0034498765104306827,0.8554858916503366,689.9782523786901
0.08066156921766143,11.397477630289428,24.005412402991166,0.9919799905335832,0.003689414922700446,0.004330594543716444,1.0000000000000002,-1.4966450882563924,0.4966450882563924,-0.8004473215658141,0.9983343867139552,-0.00399518554371145,0.8555834930487571,573.7642769853431
0.08576958985908946,10.659144011798311,21.898322517308678,0.991515617503409,0.003468067012325813,0.005016315484265127,1.0,-1.4957101510779298,0.4957101510779298,-0.8005719798562758,0.9980706478906672,-0.004626127885486059,0.8556965289742009,477.13102255601325
0.09120108393559115,9.964781961431829,19.977404440114785,0.9909303517058718,0.003259600573625953,0.00581004772050215,1.0,-1.4946515280467543,0.4946515280467543,-0.800713129593766,0.9977653662613454,-0.005355966595024408,0.8558274257064121,396.7779173605912
0.09697653591082506,9.311772745930538,18.226252506054763,0.9902081336749016,0.0030632403736882787,0.006728625951410493,1.0000000000000004,-1.4934484524625957,0.4934484524625957,-0.8008735396716538,0.9974120669417652,-0.006199956465733387,0.8559789861729767,329.9610559011088
0.1031177274593056,8.697653591082485,16.62991284150411,0.9893302960819824,0.0028782547495698413,0.007791449168447776,1.0,-1.4920770421079115,0.4920770421079115,-0.8010563943856116,0.9970032887813662,-0.007175621683841688,0.8561544468061977,274.39924467399703
0.1096478196143185,8.120108393559097,15.174754707747681,0.9882751958938824,0.0027039530727654176,0.009020851033352336,1.0,-1.490509833420561,0.4905098334205611,-0.801265355543925,0.9965304419102491,-0.008303064685886754,0.8563575424285046,228.19592038258213
0.11659144011798335,7.576958985908929,13.848353306668532,0.9870177998440496,0.0025396833562873447,0.010442516799662654,0.9999999999999996,-1.488715253287122,0.48871525328712195,-0.8015046328950503,0.9959836473847451,-0.009605306941108517,0.8565925801058112,189.77425591794892
0.12397477630289454,7.066156921766128,12.639383020302294,0.9855292198403514,0.0023848300014654065,0.012085950158182687,0.9999999999999994,-1.4866570222982196,0.4866570222982196,-0.8017790636935705,0.9953515576314682,-0.011108661155053007,0.8568645229464921,157.82322421445932
0.13182567385564073,6.585775750291837,11.537520148828591,0.9837761956627458,0.0022388116826318446,0.013984992654621695,0.9999999999999993,-1.484293483552339,0.4842934835523389,-0.8020942021930213,0.9946211566712994,-0.012843132560837434,0.8571790848322053,131.25276768138406
0.14017374183467723,6.13400375071255,10.533354296161725,0.98172052352974,0.002101079369103796,0.016178397101155786,0.9999999999999996,-1.4815768517615535,0.4815768517615535,-0.802456419765126,0.9937775395764785,-0.01484284433060654,0.8575428370298842,109.15653444943766
0.14905046433861976,5.7091370995541055,9.618307629070992,0.9793184310104165,0.0019711144853307313,0.018710454504252745,1.0,-1.4784523786798849,0.4784523786798849,-0.8028730161760151,0.9928036713445182,-0.017146478443699913,0.8579633275304958,90.78090304319609
0.15848931924611143,5.30957344480193,8.784561305437926,0.9765199015553832,0.0018484272117523322,0.0216316712328648,1.0000000000000002,-1.4748574329776831,0.4748574329776831,-0.8033523422696421,0.9916801264488981,-0.019797718269848653,0.8584492137610181,75.4992333326088
0.16852590447507546,4.933805862753268,8.024988430497013,0.9732679558952456,0.0017325549308163293,0.024999489173937375,0.9999999999999993,-1.4707204959276672,0.4707204959276672,-0.8039039338763109,0.9903848118561779,-0.022845672277734215,0.8590104089838095,62.79046122429343
0.1791980722375336,4.580417174769957,7.333092957292644,0.9694979030476475,0.0016230608247211654,0.028879036127631662,1.0000000000000004,-1.465960079037753,0.46596007903775294,-0.8045386561282994,0.9888926784124493,-0.02634524920706054,0.8596582421830633,52.221303744800814
0.19054607179632482,4.248074602497723,6.70295399964955,0.9651365810792492,0.0015195326337310478,0.03334388628701968,0.9999999999999999,-1.4604835765464204,0.46048357654642036,-0.8052688564604771,0.9871754283511462,-0.03035744323689753,0.8604056304786233,43.431465104130375
0.20261270126211475,3.9355247413947962,6.129175073167655,0.9601016175292325,0.0014215815862706075,0.03847680088449601,0.9999999999999991,-1.454186075078349,0.45418607507834907,-0.8061085233228866,0.98520123042904,-0.03494947261324313,0.8612672620242757,36.12133729128694
0.21544346900318867,3.641588833612772,5.606837822537191,0.9543007519760957,0.0013288415142841553,0.044370406509622484,1.0000000000000022,-1.4469491554378173,0.4469491554378173,-0.8070734459416242,0.9829344590347606,-0.040194696376384786,0.862259785844125,30.04177429950239
0.22908676527677746,3.3651583224016566,5.131459832204255,0.9476312790447626,0.001240968169287112,0.05112775278595272,1.0000000000000024,-1.4386397382831155,0.43863973828311553,-0.8081813682289177,0.9803354796977105,-0.04617221092497379,0.8634020030218131,24.985590158009387
0.2435940447292027,3.1051906712730784,4.698956152437313,0.9399796895030991,0.0011576387557602863,0.05886267174113977,0.9999999999999991,-1.4291090471106427,0.4291090471106427,-0.8094521270519142,0.9773605108687924,-0.05296600119128866,0.8647150509519084,20.780490009999316
0.25902002045313277,2.8607054321538072,4.3056042044504945,0.9312216100071978,0.001078551698488141,0.06769983829431679,1.0000000000000027,-1.418191789369907,0.418191789369907,-0.8109077614173456,0.973961600656032,-0.060663490853153854,0.8662225688500041,17.283192556942232
0.2754228703338169,2.63078054770101,3.9480117567027397,0.9212221680507914,0.0010034266583609293,0.07777440529084144,0.9999999999999938,-1.405705690206867,0.405705690206867,-0.8125725746390843,0.9700867671958302,-0.06935330403378774,0.867950828262147,14.374542977137855
0.29286445646252374,2.4145488738336005,3.623087690060725,0.9098369364826275,0.0009320048060516907,0.08923105871131996,0.9999999999999992,-1.3914515533868892,0.3914515533868892,-0.8144731262150813,0.9656803620341077,-0.0791220208040305,0.8699288068109919,11.955449324122814
0.31141055844467647,2.2111949093648176,3.3280152924323003,0.8969136391030156,0.0008640493536082431,0.1022223115433838,1.0000000000000078,-1.3752140695734976,0.37521406957349757,-0.8166381240568669,0.9606837263294677,-0.09004968646070341,0.8721881768376363,9.943503583622416
0.33113112148259144,2.019951720402013,3.0602278439898587,0.8822948211915905,0.0007993463289477993,0.11690583247945704,0.9999999999999954,-1.3567636410318182,0.35676364103181823,-0.8190981811957574,0.9550362182771319,-0.10220382940438551,0.8747631730625961,8.270171983954397
0.3521005201684521,1.8400980479142133,2.8173862724967282,0.8658217000409857,0.0007377055560384508,0.1334405944029794,1.0000000000000036,-1.3358595393679857,0.33585953936798574,-0.821885394750935,0.9486766944603926,-0.11563176824699754,0.8776902952635797,6.878458618177098
0.3743978389823818,1.6709555875589799,2.5973586748695014,0.8473394018335509,0.0006789617729658621,0.1519816363934834,1.0000000000000002,-1.312254751186343,0.31225475118634294,-0.8250326998418208,0.9415455244640448,-0.130351064299438,0.8810077940072708,5.720962614746076
0.39810717055349776,1.511886431509577,2.398201516410856,0.8267037511103639,0.0006229757805876581,0.17267327310903707,0.9999999999999887,-1.2857028832458794,0.28570288324587945,-0.8285729489005492,0.9335872026503704,-0.14633812424923856,0.8847548809981169,4.758262541918303
0.42331793280882113,1.3622906626344604,2.2181423337518966,0.8037896944057752,0.0005696354669449707,0.19564067012728822,1.0000000000000084,-1.2559674762862987,0.2559674762862987,-0.8325376698284934,0.9247535884125815,-0.1635152055124731,0.8889706026980287,3.9575729106952156
0.45012520620613455,1.221604091955807,2.0555637822698554,0.7785012971729512,0.0005188565002176998,0.22097984632684273,1.0000000000000115,-1.22283399230021,0.22283399230021006,-0.8369554676933052,0.9150077514127528,-0.18173644626559274,0.8936923195246625,3.291626934832098
0.47863009232263903,1.0892961308540365,1.9089888846593626,0.7507830433448892,0.00047058243227138876,0.24874637422283,0.9999999999999906,-1.1861245669636429,0.18612456696364288,-0.8418500577381808,0.9043283176066038,-0.20077404303761284,0.8989537470991599,2.737747432713884
0.5089400951518094,0.9648677899934661,1.77706735571183,0.7206318893645515,0.00042478391635636267,0.2789433267190955,1.0000000000000033,-1.1457153310635257,0.14571533106352574,-0.8472379558581964,0.8927141051080402,-0.22030631106869247,0.9047825453206678,2.277074179266594
0.5411695265464638,0.8478497974222905,1.6585629005676887,0.6881091952199352,0.0003814567310974718,0.31150934804899516,1.0000000000000278,-1.1015556849433725,0.10155568494337253,-0.8531259086742169,0.880188712288848,-0.23991001612444132,0.9111974900391844,1.8939213564016404
0.5754399373371578,0.7378008287493727,1.5523414109468292,0.6533513135477887,0.0003406183362443517,0.3463080681159794,1.0000000000000124,-1.0536883632917422,0.0536883632917422,-0.8595082182277676,0.8668045891861618,-0.2590599194684467,0.9182053337070077,1.5752431905047306
0.6118805757518225,0.6343058427231361,1.4573600166827891,0.6165773319469671,0.00030230278082747126,0.3831203652721991,0.9999999999999936,-1.0022684981007404,0.002268498100740368,-0.8663642002532346,0.8526460133568465,-0.2771387076342172,0.9257975545209591,1.3101895570580584
0.6506288748655573,0.536974515935271,1.3726569875233883,0.5780923260652997,0.0002665539519060327,0.4216411199828126,1.0000000000000182,-0.9475792742993799,-0.05242072570062006,-0.8736560967600826,0.837830338468149,-0.29346010165960446,0.9339473000747204,1.0897364018560325
0.6918309709189376,0.445439770745925,1.297342519813124,0.5382845942730781,0.0002334173881626424,0.46148198833875365,0.9999999999999943,-0.8900413352003277,-0.10995866479967231,-0.8813278219732895,0.8225069275620178,-0.3073066808563235,0.942606933432654,0.9063783803696165
0.7356422544596422,0.359356390878524,1.2305904789708473,0.49761579090992425,0.00020293116167264307,0.5021812779284338,1.0000000000000306,-0.8302130375146193,-0.16978696248538072,-0.889304928331384,0.8068533546429101,-0.3179816747713935,0.9517066581887995,0.7538732388515165
0.782227956386003,0.278399719463023,1.1716311937986925,0.4566036752668076,0.00017511660311006166,0.5432212081300875,1.000000000000005,-0.7687791767413719,-0.23122082325862814,-0.897496109767817,0.7910687661038125,-0.3248708357557708,0.9611546987604871,0.6270292252590913
0.8317637711026725,0.20226443461741073,1.1197454035370091,0.4157982699260491,0.0001499698415722617,0.584051760232339,0.9999999999999604,-0.7065270137824906,-0.2934729862175094,-0.9057963981623345,0.7753647076029466,-0.32750709599482125,0.9708394097317201,0.5215282852765867
0.8844365191386008,0.13066339794963766,1.0742594354277708,0.37575338443059486,0.00012745517952941185,0.6241191603899315,1.0000000000000557,-0.6443102630911659,-0.3556897369088341,-0.9140919649211778,0.7599541690807955,-0.3256280418290263,0.9806334681232418,0.4337790187496217
0.9404448517263523,0.06332657163716049,1.0345416362110675,0.33699643510585003,0.00010750117919851452,0.6628960637149917,1.0000000000000402,-0.5830038459377377,-0.4169961540622623,-0.9222661538749682,0.745039975494234,-0.3192154616909236,0.9903999832663941,0.3607943863599749
1.0,0.0,1.00000000000002,0.299999999999988,8.999999999999641e-05,0.6999099999999775,0.9999999999999655,-0.5234541602617383,-0.4765458397382617,-0.9302061119651015,0.7308038461538549,-0.3085081665047673,0.999999999999994,0.30008999999999997
