a,z,E,dE_dln_a,d2E_dln_a2,Hdot_over_H0_sq,Hddot_over_H0_cu,background_denominator,Q,Q_X,Q_XX,V,V_X,V_XX,Omega,c_hat,Lambda_hat,M2_4_hat,M1_3_hat,M2_bar_hat,M3_bar_hat,Mhat2_hat,m2_sq_hat,m5_bar_hat,deltaR_deltaK_coefficient_hat,F_hat,Fdot_hat
1e-07,9999999.0,948841398759.561,-1897524709981.841,3794891306087.2583,-1.8004500000000005e+24,6.832939006957167e+36,1897682797519.122,1.0,3.1151962261631304e-32,-8.53621079203836e-44,1.9969851541826883e+17,210465.64334091905,7.093985147143527e-20,0.0,-10648.51411961043,58480.45513339722,5324.257059805215,5.6087550453954094e-08,5.911654289286255e-21,0.0,0.0,0.0,-1.0383987420543768e-32,-5.191993710271884e-33,1897682727363.9077,-3.600900000000001e+24
1.2232071190499325e-07,8175229.379436494,634175960519.4998,-1268222685641.2793,2536316109548.634,-8.042763398191779e+23,2.0400549539649502e+36,1268351921038.9995,1.0,8.880622663075606e-32,-3.640885237132323e-43,1.3347225152192638e+17,210465.6433408883,1.3516505777681307e-19,0.0,-9064.247622612616,49784.59166504911,4532.123811306308,7.142474690773688e-08,1.1263754814734419e-20,0.0,0.0,0.0,-2.9602075543585353e-32,-1.4801037771792677e-32,1268351850883.7852,-1.6085526796383558e+24
1.4962356560944328e-07,6683438.175686149,423866924665.9463,-847628201222.3615,1695150728002.5803,-3.5928155891225025e+23,6.090933346385567e+35,847733849331.8926,1.0,2.531582344415519e-31,-1.552872779745147e-42,8.920942499061002e+16,210465.64334084932,2.5753296548784317e-19,0.0,-7715.8546224159145,42382.55872281865,3857.9273112079572,9.095508512163369e-08,2.1461080457320258e-20,0.0,0.0,0.0,-8.438607814718397e-32,-4.2193039073591984e-32,847733779176.6781,-7.185631178245005e+23
1.830206106311057e-07,5463864.49881854,283304641012.66296,-566522917066.5627,1132959442846.1453,-1.6049857164498918e+23,1.8185916554321875e+35,566609282025.3259,1.0,7.21654363081045e-31,-6.622910720078359e-42,5.962589353206591e+16,210465.64334079952,4.90675272642954e-19,0.0,-6568.223970736835,36080.57265959089,3284.1119853684177,1.1582449449588214e-07,4.088960605357951e-20,0.0,0.0,0.0,-2.4055145436034834e-31,-1.2027572718017417e-31,566609211870.1115,-3.2099714328997835e+23
2.2387211385683377e-07,4466834.921509635,189357817050.0465,-378645033560.4361,757219440258.3713,-7.169939699184578e+22,5.429977075277835e+34,378715634100.093,1.0,2.0570858346840724e-30,-2.8245061405439735e-41,3.9853314786951656e+16,210465.64334073616,9.348606795368395e-19,0.0,-5591.47127758649,30704.477936094576,2795.735638793245,1.4749181390731574e-07,7.790505662806953e-20,0.0,0.0,0.0,-6.856952782280241e-31,-3.4284763911401206e-31,378715563944.8786,-1.4339879398369156e+23
2.7384196342643614e-07,3651740.272548377,126566676957.66245,-253075641150.37704,506093543219.5331,-3.2030942919333075e+22,1.6213426496717124e+34,253133353915.3249,1.0,5.8635205442301256e-30,-1.204515578780499e-40,2.6637937091312016e+16,210465.6433406555,1.7811031453348623e-18,0.0,-4760.160843382382,26131.29808573344,2380.080421691191,1.8781409185857197e-07,1.4842526211123803e-19,0.0,0.0,0.0,-1.9545068480767087e-30,-9.772534240383543e-31,253133283760.11044,-6.406188583866615e+22
3.3496543915782793e-07,2985381.6189179574,84598677812.94168,-169150178912.33554,338253154802.8838,-1.4309881487806117e+22,4.841375291913781e+33,169197355625.88336,1.0,1.6712581450805656e-29,-5.136334620757798e-40,1.7805115151600206e+16,210465.64334055278,3.3932695045902126e-18,0.0,-4052.6434145409585,22236.63987122674,2026.3217072704792,2.3915505991633576e-07,2.8277245871585025e-19,0.0,0.0,0.0,-5.5708604836018855e-30,-2.7854302418009428e-30,169197285470.6689,-2.8619762975612233e+22
4.0973210981354135e-07,2440618.068041981,56548049093.30655,-113057534936.18486,226076480323.5227,-6.393183035939602e+21,1.445718173696591e+33,113096098186.6131,1.0,4.7632459261262535e-29,-2.1900736818512406e-39,1.1901421532016848e+16,210465.64334042193,6.464454347377922e-18,0.0,-3450.4925204906976,18921.67476441234,1725.2462602453488,3.0452303050918783e-07,5.38704528948159e-19,0.0,0.0,0.0,-1.5877486420420844e-29,-7.938743210210422e-30,113096028031.39865,-1.2786366071879204e+22
5.011872336272725e-07,1995261.3149688789,37799297055.886795,-75567072563.89075,151102597293.48425,-2.8563822234862596e+21,4.317418479627771e+32,75598594111.77359,1.0,1.357472850010992e-28,-9.337288481344687e-39,7955453372632647.0,210465.64334025537,1.2314764680688023e-17,0.0,-2938.024716638296,16098.462947223958,1469.012358319148,3.877461317636627e-07,1.026230390057335e-18,0.0,0.0,0.0,-4.52490950003664e-29,-2.26245475001832e-29,75598523956.55914,-5.712764446972519e+21
6.130557921498202e-07,1631171.9092278397,25267632194.898293,-50509499593.536865,100993208119.07149,-1.2762554580778544e+21,1.2894246515307299e+32,50535264389.796585,1.0,3.8683077006857198e-28,-3.980428377382178e-38,5317968465541418.0,210465.64334004335,2.3458314287428713e-17,0.0,-2501.8912423265065,13697.41998530181,1250.9456211632532,4.936948816524744e-07,1.9548595239523875e-18,0.0,0.0,0.0,-1.2894359002285732e-28,-6.447179501142866e-29,50535194234.58214,-2.552510916155709e+21
7.498942093324558e-07,1333520.432163324,16891311421.167175,-33761564320.17582,67502043864.37868,-5.70277096997856e+20,3.851288714170855e+31,33782622842.33435,1.0,1.1022093070668023e-27,-1.6965788664475792e-37,3555040725076538.0,210465.64333977326,4.4682625576738194e-17,0.0,-2130.7304621106887,11655.256075995207,1065.3652310553443,6.285647239180745e-07,3.723552131394844e-18,0.0,0.0,0.0,-3.6740310235560077e-28,-1.8370155117780039e-28,33782552687.119904,-1.140554193995712e+21
9.172759353897804e-07,1090183.4923851267,11292346302.930256,-22567481567.56839,45117725864.932274,-2.548398170459776e+20,1.1504373759134465e+31,22584692605.86051,1.0,3.1401467446650403e-27,-7.23001342423454e-37,2376650929430714.0,210465.64333942946,8.510309875866427e-17,0.0,-1814.8720411617696,9914.743094232079,907.4360205808848,8.00234421907961e-07,7.091924896555341e-18,0.0,0.0,0.0,-1.0467155815550135e-27,-5.2335779077750675e-28,22584622450.646065,-5.096796340919552e+20
1.122018454301963e-06,891249.9381337458,7549738057.610523,-15085410479.188738,30156729117.182083,-1.138908976094078e+20,3.436980614034687e+30,15099476115.221046,1.0,8.94470321711778e-27,-3.080402020181714e-36,1588960477312774.5,210465.64333899182,1.6207239910153304e-16,0.0,-1546.0851524742575,8433.686212127128,773.0425762371287,1.0187202782473016e-06,1.3506033258461074e-17,0.0,0.0,0.0,-2.9815677390392597e-27,-1.4907838695196298e-27,15099405960.0066,-2.277817952188156e+20
1.3724609610075625e-06,728617.1745132274,5047919373.144739,-10084344543.647564,20157168712.148342,-5.090495818734498e+19,1.0269778302631297e+30,10095838746.289478,0.9999999999999999,2.5473966201350412e-26,-1.312071513579858e-35,1062413598369795.8,210465.64333843478,3.08617265996715e-16,-1.1102230246251565e-16,-1317.3641598936838,7172.9060213295,658.6820799468419,1.296751184345582e-06,2.5718105499726174e-17,0.0,0.0,0.0,-8.491322067116804e-27,-4.245661033558402e-27,10095768591.07503,-1.0180991637468996e+20
1.678804018122559e-06,595661.1435290109,3375460468.934964,-6741528934.648643,13473639733.426746,-2.2755764419087737e+19,3.0692370300636243e+29,6750920937.869927,0.9999999999999999,7.253088308114065e-26,-5.586802089566971e-35,710418459138721.2,210465.64333772557,5.875803086816024e-16,-1.1102230246251565e-16,-1122.746196622648,6099.597588210931,561.373098311324,1.6504956885028332e-06,4.896502572346682e-17,0.0,0.0,0.0,-2.4176961027046884e-26,-1.2088480513523442e-26,6750850782.655482,-4.551152883817547e+19
2.053525026457146e-06,486966.5251658631,2257369129.3746862,-4507064843.912188,9006430188.95225,-1.0174109042737312e+19,9.174957407371538e+28,4514738258.749372,0.9999999999999997,2.0645343883650258e-25,-2.3778961712105974e-34,475098646048278.6,210465.64333682306,1.1184998867586401e-15,-3.3306690738754696e-16,-957.1558892337084,5185.8898589739865,478.5779446168542,2.1004797989706754e-06,9.320832389655302e-17,0.0,0.0,0.0,-6.881781294550086e-26,-3.440890647275043e-26,4514668103.534925,-2.034821808547462e+19
2.5118864315095823e-06,398106.1705534969,1509843206.6585665,-3013417974.233215,6020541484.608304,-4.5497886572188385e+18,2.7435000883624787e+28,3019686413.317132,0.9999999999999994,5.874433950475894e-25,-1.0115969793339775e-33,317770121813261.5,210465.6433356745,2.1286738063417156e-15,-5.551115123125783e-16,-816.2731839413975,4408.003928703607,408.13659197069876,2.6727432955456475e-06,1.773894838618094e-16,0.0,0.0,0.0,-1.9581446501586314e-25,-9.790723250793157e-26,3019616258.1026874,-9.099577314437674e+18
3.0725573652674454e-06,325460.783498046,1010029210.9978633,-2014938570.9634054,4024731338.303915,-2.0351468150393306e+18,8.206561740999548e+27,2020058421.9957254,0.9999999999999989,1.6707851416107783e-24,-4.300906667735189e-33,212576447668683.72,210465.64333421324,4.050100315987418e-15,-1.1102230246251565e-15,-696.4208333936567,3745.609376681816,348.21041669682836,3.4002930595642122e-06,3.375083596656173e-16,0.0,0.0,0.0,-5.569283805369261e-25,-2.7846419026846307e-25,2019988266.7812815,-4.0702936300786586e+18
3.7583740428844434e-06,266071.50597988087,675810223.0160594,-1347439577.5900457,2690672421.9903016,-9.106134414317937e+17,2.4558790398411307e+27,1351620446.0321174,0.999999999999998,4.7494625200715625e-24,-1.8272293214322415e-32,142234833348861.16,210465.6433323544,7.703364779750362e-15,-1.9984014443252818e-15,-594.4686142337714,3181.7357989258617,297.2343071168857,4.324924410353685e-06,6.419470649791943e-16,0.0,0.0,0.0,-1.5831541733571875e-24,-7.9157708667859375e-25,1351550290.8176742,-1.8212268828635855e+18
4.597269885308718e-06,217519.40340195244,452296920.2335304,-901180594.1641723,1798922184.0558672,-4.0760120731467814e+17,7.353323139782022e+26,904593840.467059,0.9999999999999962,1.3492343638310804e-23,-7.755987690894621e-32,95192962285632.88,210465.64332999047,1.4646109138417096e-14,-3.774758283725532e-15,-507.75178155175854,2701.482546056519,253.87589077587927,5.499495556480001e-06,1.2205090948680866e-15,0.0,0.0,0.0,-4.497447879436935e-24,-2.2487239397184675e-24,904523685.2526168,-8.152024146293548e+17
5.623413251903491e-06,177826.94100389228,302798652.532624,-602811585.9719392,1202811824.497221,-1.8253053596335722e+17,2.203137584631586e+26,605597305.0652457,0.9999999999999928,3.829910224216312e-23,-3.2885769139575493e-31,63728713197443.164,210465.64332698492,2.78325997251269e-14,-7.216449660063518e-15,-434.0016375284805,2292.5077771611127,217.00081876424025,6.99075565917745e-06,2.3193833104272364e-15,0.0,0.0,0.0,-1.2766367414054373e-23,-6.3831837070271865e-24,605527149.8508047,-3.650610719267131e+17
6.878599123088081e-06,145377.43856076608,202788782.9816242,-403304838.6554749,804311478.7254542,-8.178569740154406e+16,6.606050208951492e+25,405577565.96324545,0.9999999999999862,1.08611201546461e-22,-1.392528323651843e-30,42680071663514.8,210465.64332316522,5.286032011146907e-14,-1.3766765505351941e-14,-371.2864078756037,1944.213549382866,185.64320393780184,8.882842864096974e-06,4.4050266759557345e-15,0.0,0.0,0.0,-3.620373384882033e-23,-1.8101866924410166e-23,405507410.7488062,-1.6357139480308694e+17
8.413951416451948e-06,118849.22274370189,135871270.10578054,-269889163.83166593,537899669.971218,-3.667018347759554e+16,1.9827052061060987e+25,271742540.2115574,0.9999999999999739,3.07650044234356e-22,-5.8871173750461236e-30,28596234266659.246,210465.64331831288,1.0032192541973167e-13,-2.609024107869118e-14,-317.9608895046264,1647.5543219725453,158.9804447523132,1.1281583568964217e-05,8.360160451644301e-15,0.0,0.0,0.0,-1.0255001474478533e-22,-5.1275007372392666e-23,271672384.9971202,-7.334036695519008e+16
1.0292005271944266e-05,97161.79515771077,91084802.3757079,-180659019.15731588,359782400.5847881,-1.6455291057333344e+16,5.957710282183184e+24,182169604.7514111,0.9999999999999505,8.702207612516064e-22,-2.484030178735503e-29,19170221524017.945,210465.643312152,1.9023332654841778e-13,-4.951594689828198e-14,-272.62356348086337,1394.8597933961673,136.31178174043168,1.4319735910529373e-05,1.5852777212368113e-14,0.0,0.0,0.0,-2.900735870838688e-22,-1.450367935419344e-22,182099449.53697658,-3.291058211466584e+16
1.2589254117941661e-05,79431.82347242822,61100905.92675841,-120971419.53927408,240687670.28643236,-7391463325095610.0,1.792720073844838e+24,122201811.85351086,0.9999999999999062,2.457338271995148e-21,-1.0456603564677038e-28,12859641468989.598,210465.64330433475,3.6034942700975707e-13,-9.381384558082573e-14,-234.08006501382897,1179.6000813215248,117.04003250691449,1.8163325714805955e-05,3.0029118917479697e-14,0.0,0.0,0.0,-8.19112757331716e-22,-4.09556378665858e-22,122131656.63907976,-1.47829266501905e+16
1.539926526059492e-05,64937.16315762114,41019557.019350395,-81037730.85711661,161049632.43068033,-3324131821612265.5,5.403628649709277e+23,82039114.03869322,0.9999999999998225,6.924881110649594e-21,-4.389294325922506e-28,8633207452862.145,210465.6432944234,6.817333333692334e-13,-1.7752466163756253e-13,-201.3120724313519,996.2320206977834,100.65603621567595,2.3019217660792003e-05,5.681111111410267e-14,0.0,0.0,0.0,-2.3082937035498648e-21,-1.1541468517749324e-21,81968958.8242664,-6648263643223917.0
1.883649089489802e-05,53087.444423098794,27564152.09897352,-54314075.09480274,107789869.22998944,-1497121427028212.2,1.632116198769065e+23,55128304.19793743,0.9999999999996646,1.9466719687358094e-20,-1.836206352562387e-27,5801307000583.614,210465.64328186878,1.2878006935930124e-12,-3.353983757392598e-13,-173.4508244009628,840.0286490586576,86.7254122004814,2.9144043157895746e-05,1.0731672446608401e-13,0.0,0.0,0.0,-6.488906562452698e-21,-3.244453281226349e-21,55058148.983516045,-2994242854055902.0
2.3040929760558447e-05,43400.026364474405,18543401.56090822,-36425498.046273276,72166107.18857332,-675452637328123.2,4.94185733483817e+22,37086803.121804245,0.9999999999993676,5.456276685210861e-20,-7.650332834001044e-27,3902748935768.536,210465.64326598315,2.4282703104308714e-12,-6.323830348264892e-13,-149.7546028524934,706.9936965134103,74.8773014262467,3.685456477017626e-05,2.0235585920257226e-13,0.0,0.0,0.0,-1.818758895070287e-20,-9.093794475351435e-21,37016647.90738975,-1350905274655802.2
2.818382931264449e-05,35480.3389233576,12491633.003195092,-24446886.665008064,48334362.34849035,-305381536289984.75,1.5007764971561584e+22,24983266.006374728,0.9999999999988102,1.5239786067707775e-19,-3.1719987103291763e-26,2629059573426.955,210465.64324590922,4.568875550520275e-12,-1.1898260154907803e-12,-129.58963081323577,593.718767240393,64.79481540661789,4.6539492820873055e-05,3.807396292100218e-13,0.0,0.0,0.0,-5.079928689235925e-20,-2.5399643446179625e-20,24913110.791968934,-610763072579591.6
3.447466065731491e-05,29005.811986931563,8428343.716241702,-16422328.236183386,32387912.343002334,-138413026995494.92,4.5738035715531394e+21,16856687.432463832,0.999999999997767,4.238957026068765e-19,-1.3076458007449786e-25,1773876780000.1733,210465.64322058109,8.574572835380469e-12,-2.2329915694285773e-12,-112.41393097734496,497.32333492638065,56.20696548867248,5.8672687328199886e-05,7.145477362817069e-13,0.0,0.0,0.0,-1.412985675356255e-19,-7.064928376781275e-20,16786532.218069017,-276826053990668.4
4.216965034285822e-05,23712.737056616555,5697461.122145373,-11043839.17308932,21714961.196398504,-62921844327902.51,1.3997894578463e+21,11394922.24426599,0.9999999999958219,1.1733221525418249e-18,-5.35438071661651e-25,1199119818312.824,210465.64318868075,1.604389763486154e-11,-4.178102308571852e-12,-97.76377174265338,415.35951849542505,48.88188587132669,7.382759382871618e-05,1.3369914695717936e-12,0.0,0.0,0.0,-3.9110738418060827e-19,-1.9555369209030413e-19,11324767.029884998,-125843688655531.61
5.158221650723061e-05,19385.526359522057,3859882.4367389986,-7436614.4718350805,14569307.404518645,-28704457588635.293,4.3052761458152047e+20,7719764.873446725,0.9999999999922098,3.2292095813319627e-18,-2.1751815111126473e-24,812372638411.9863,210465.6431485856,2.991448643407812e-11,-7.790212919189798e-12,-85.2423899590552,345.75555504842197,42.6211949795276,9.269270947215805e-05,2.492873869506506e-12,0.0,0.0,0.0,-1.076403193777321e-18,-5.382015968886605e-19,7649609.659083108,-57408915177038.03
6.309573444801929e-05,15847.931924611143,2621628.8090118235,-5015475.273629347,9783377.149569072,-13148714468233.154,1.3318759308144583e+20,5243257.617984205,0.9999999999855338,8.82884131352212e-18,-8.756002122134897e-24,551762792299.2433,210465.64309830888,5.555026737053615e-11,-1.446620601086579e-11,-74.51071913185183,286.7550433381953,37.255359565925914,0.00011608791351684292,4.6291889475446765e-12,0.0,0.0,0.0,-2.9429471045073734e-18,-1.4714735522536867e-18,5173102.403642375,-26297428936268.49
7.717915155850112e-05,12955.866975170216,1785806.7780601545,-3388905.8805359337,6576411.0811160905,-6051931091668.986,4.148229590651416e+19,3571613.5560706495,0.9999999999732617,2.3956271095840887e-17,-3.487852415749325e-23,375850971062.8602,210465.64303543247,1.026750511199983e-10,-2.6738278258164883e-11,-65.27986322817337,236.8662315828763,32.639931614086684,0.00014498170188537052,8.55625425999984e-12,0.0,0.0,0.0,-7.98542369861363e-18,-3.992711849306815e-18,3501458.3417560654,-12103862183169.682
9.440608762859227e-05,10591.537251772897,1220484.9605940483,-2294900.661688192,4426250.301657975,-2800891743647.768,1.3021037904818235e+19,2440969.921125697,0.9999999999508394,6.444726766364364e-17,-1.3729206121795658e-22,256870151247.8153,210465.6429570299,1.887766102436552e-10,-4.916056450809947e-11,-57.30503722897042,194.82031934153144,28.65251861448521,0.00018050981989975725,1.5731384186971215e-11,0.0,0.0,0.0,-2.148242255454788e-17,-1.074121127727394e-17,2370814.706845087,-5601783487152.335
0.00011547819846894582,8658.643233600653,837210.6558733743,-1558073.957207448,2983631.7423756993,-1304436119612.8713,4.123700127062857e+18,1674421.3116685136,0.9999999999101469,1.7171905515060304e-16,-5.3328220354029405e-22,176204078292.67313,210465.6428595811,3.450360546926223e-10,-8.985312494047548e-11,-50.38065154302595,159.53148610448432,25.190325771512974,0.00022399653796424128,2.875300455771847e-11,0.0,0.0,0.0,-5.723968505020101e-17,-2.861984252510051e-17,1604266.0974301312,-2608872239103.8467
0.0001412537544622754,7078.45784384138,576640.0920392156,-1060983.4302626585,2014897.1307089864,-611805582878.7421,1.3190966789483075e+18,1153280.1839805816,0.9999999998368372,4.527268625395603e-16,-2.0412903279760267e-21,121362927079.2003,210465.64273887494,6.265451032402504e-10,-1.631628165910115e-10,-44.336166321795545,130.0638055699005,22.168083160897773,0.0002769808220208798,5.221209193668743e-11,0.0,0.0,0.0,-1.5090895417985345e-16,-7.545447708992672e-17,1083124.969794505,-1223611165653.6672
0.00017278259805078626,5786.619883491209,398925.1058625835,-724954.8503875496,1363694.211998046,-289202690436.4466,4.266788811745099e+17,797850.2116031087,0.9999999997058,1.1799708372889422e-15,-7.690476562806373e-21,83960028301.14577,210465.64258989756,1.1297279788326075e-09,-2.9419999769686456e-10,-39.03231500441095,105.60294803804942,19.516157502205473,0.00034125074078050863,9.41439982360504e-11,0.0,0.0,0.0,-3.933236124296474e-16,-1.966618062148237e-16,727694.997481589,-578405380784.4064
0.00021134890398366455,4730.512589614807,277280.47693088744,-497258.66476348764,925373.0529387045,-137880119723.63614,1.397088943765197e+17,554560.9537099473,0.9999999994735005,3.0380762741105023e-15,-2.848739442501804e-20,58358013315.49119,210465.64240670102,2.0217581717706593e-09,-5.264995106557535e-10,-34.35733107410946,85.43342281111623,17.17866553705473,0.00041889032040389444,1.6847984764755446e-10,0.0,0.0,0.0,-1.0126920913701675e-15,-5.063460456850837e-16,484405.73966781265,-275760239371.7747
0.0002585234839562189,3867.1205463305246,193678.47063822957,-342533.01249011175,629868.2831477439,-66341270002.19043,4.635128468224681e+16,387356.9410881578,0.999999999065157,7.722845219226111e-15,-1.0367387507666781e-19,40762663363.10484,210465.64218224568,3.5897972424851437e-09,-9.348429808042624e-10,-30.22293252930386,68.92108106681312,15.11146626465193,0.000512343359873805,2.9914977020709527e-10,0.0,0.0,0.0,-2.574281739742037e-15,-1.2871408698710186e-15,317201.727143287,-132682539939.88144
0.00031622776601683794,3161.277660168379,135966.29383655544,-237045.87798132928,430253.6938741466,-32230249498.353683,1.559407600184302e+16,271932.5874402785,0.9999999983534351,1.9376153125625522e-14,-3.705182858568282e-19,28616233017.968662,210465.64190820637,6.322808950322151e-09,-1.646564884438817e-09,-26.56001560862345,55.501215835078014,13.280007804311724,0.0006244982495572162,5.269007458601775e-10,0.0,0.0,0.0,-6.458717708541841e-15,-3.2293588542709204e-15,201777.37361415784,-64460498941.5154
0.0003868120546330521,2584.234839562191,95935.55305370988,-164855.68792006563,295088.428105832,-15815521594.661295,5323163502118009.0,191871.10582039825,0.999999997123254,4.797797524742949e-14,-1.3002764009029994e-18,20191137469.101418,210465.64157473296,1.104670461542246e-08,-2.8767459525624872e-09,-23.314230171830946,44.67105630422461,11.657115085915473,0.0007587967035938462,9.205587179518686e-10,0.0,0.0,0.0,-1.599265841580983e-14,-7.996329207904915e-15,121715.89213878258,-31631043142.005463
0.0004731512589614803,2112.4890398366474,68028.80840001066,-115241.56184626133,203297.59202523643,-7839746130.557291,1844309331065740.5,136057.6164472555,0.9999999950139082,1.1727012475473869e-13,-4.481958916132842e-18,14317726556.427353,210465.64117015013,1.9146592435165144e-08,-4.986091761693956e-09,-20.441774139806174,35.98588905331499,10.220887069903087,0.0009193680067759334,1.5955493695970909e-09,0.0,0.0,0.0,-3.9090041584912896e-14,-1.9545020792456448e-14,65902.4029409588,-15679492220.461302
0.0005787619883491203,1726.8259805078644,48472.59423557155,-80982.9040693404,140747.06237622467,-3925451448.971353,648592685066063.4,96945.188038824,0.9999999914241964,2.830730653410463e-13,-1.5183630698821043e-17,10201815407.803188,210465.64068058837,3.293108600471037e-08,-8.57580362279009e-09,-17.90578652106701,29.056865846430057,8.952893260533505,0.0011111895745077728,2.744257167059191e-09,0.0,0.0,0.0,-9.435768844701543e-14,-4.7178844223507715e-14,26789.9747446704,-7850902862.932249
0.0007079457843841374,1411.5375446227554,34695.98505170176,-57207.34656245629,97951.04794795805,-1984865241.1785057,231463459807988.38,69391.96957503777,0.9999999853572686,6.752472994498385e-13,-5.060075325584305e-17,7302312533.223093,210465.64008952852,5.622808849899265e-08,-1.4642731360758887e-08,-15.673622778927358,23.549211415531545,7.836811389463679,0.0013402748938776384,4.685674041582714e-09,0.0,0.0,0.0,-2.2508243314994617e-13,-1.1254121657497309e-13,-763.2434629902418,-3969730452.130609
0.0008659643233600645,1153.7819846894593,24940.391834978436,-40619.13903832855,68537.31688712079,-1013057243.6153831,83781310424117.95,49880.7830258466,0.9999999751673188,1.5930900500927063e-12,-1.6607734784791592e-16,5249095365.581468,210465.63937725042,9.535749618652213e-08,-2.4832681244646437e-08,-13.715109714039254,19.179820329543134,6.857554857019627,0.0016138914149780097,7.946458015543496e-09,0.0,0.0,0.0,-5.310300166975687e-13,-2.6551500834878436e-13,-20274.42970352799,-2026114461.0675616
0.0010592537251772876,943.0608762859246,17997.447565310555,-28982.271260966907,48219.48932189588,-521606907.3428589,30736036959144.195,35994.89434723541,0.9999999581465384,3.7208353211843365e-12,-5.375302136579576e-16,3787844163.422202,210465.63852016593,1.6071729262120972e-07,-4.185346158536163e-08,-12.001681234978458,15.713655964311158,6.000840617489229,0.0019408134046150348,1.3393107718434073e-08,0.0,0.0,0.0,-1.2402784403947789e-12,-6.201392201973894e-13,-34160.31801073639,-1043213791.981421
0.0012956866975170189,770.7915155850128,13032.702427680539,-20774.169154799536,34108.88723418237,-270743564.77680206,11417912561400.27,26065.40390457787,0.9999999298522599,8.611904144499492e-12,-1.718058929063083e-15,2742935910.2785406,210465.63749002162,2.693673217223301e-07,-7.014774006108837e-08,-10.506162526981575,12.959013248609978,5.253081263490787,0.0023316176275979083,2.2447276810194106e-08,0.0,0.0,0.0,-2.870634714833164e-12,-1.435317357416582e-12,-44089.808006998646,-541487109.801873
0.0015848931924611108,629.9573444801943,9466.818839362604,-14953.595066744907,24253.86842116066,-141562975.4940604,4290523081664.962,18933.63652691811,0.999999883011723,1.9772348687122616e-11,-5.430346503808251e-15,1992439949.6659756,210465.63625294468,4.492349833192774e-07,-1.1698827695472147e-07,-9.202927783879204,10.762026519519296,4.601463891939602,0.002799032512655156,3.743624860993974e-08,0.0,0.0,0.0,-6.590782895707539e-12,-3.2953914478537694e-12,-51221.57484859241,-283125933.76446384
0.0019386526359522057,514.8221650723061,6895.314706642992,-10804.985422706306,17331.56879810678,-74503774.89024994,1629047964484.3943,13790.628020226266,0.9999998057404839,4.5076292969480835e-11,-1.6996811125638756e-14,1451226697.9939063,210465.63476830503,7.459565420001836e-07,-1.9425951613971648e-07,-8.068192150745727,9.000868320643104,4.034096075372863,0.003358353984285156,6.216304516668174e-08,0.0,0.0,0.0,-1.5025430989826946e-11,-7.512715494913473e-12,-56364.58271194123,-149007534.72850993
0.0023713737056616554,420.6965034285822,5034.172955773294,-7833.927468300302,12441.706452670482,-39437345.79840693,624258195998.9279,10068.344229084409,0.9999996786459046,1.021352577968529e-10,-5.2749810664982674e-14,1059520319.5218406,210465.63298735727,1.233999726316444e-06,-3.2135409544498117e-07,-7.0802750085861055,7.580131646684489,3.5401375042930527,0.004027943479943926,1.0283331052636977e-07,0.0,0.0,0.0,-3.40450859322843e-11,-1.702254296614215e-11,-60086.86573134001,-78874678.41652717
0.00290068119869315,343.7466065731498,3682.833931975647,-5696.840718418129,8968.667966254676,-20980518.302850805,241167098194.97968,7365.66583443329,0.9999994701201153,2.3020527974566568e-10,-1.6251987963455328e-13,775109897.8207428,210465.63085161796,2.0347387573614815e-06,-5.298798847475084e-07,-6.219752690217308,6.425708482984032,3.109876345108654,0.004829826085116828,1.695615631134568e-07,0.0,0.0,0.0,-7.673509324855523e-11,-3.8367546624277613e-11,-62789.54320050521,-41961025.04386081
0.0035481338923357532,280.8382931264455,2698.896353508413,-4153.539800836356,6489.222380199541,-11209973.422629302,93828836072.39656,5397.7902613884435,0.9999991286935678,5.165408778078497e-10,-4.976131375162208e-13,568024855.8055663,210465.6282909254,3.3458166997287443e-06,-8.713064322263264e-07,-5.469481485699205,5.48034764169341,2.7347407428496027,0.005790409511927605,2.788180583107276e-07,0.0,0.0,0.0,-1.7218029260261657e-10,-8.609014630130828e-11,-64757.41766391795,-22419936.68724378
0.004340102636447431,229.40929760558492,1980.7297648743843,-3035.1164193957443,4710.689530134099,-6011745.4317561155,36727750286.98043,3961.4565852793153,0.9999985706174168,1.1546310727136003e-09,-1.5156236061539404e-12,416875474.5226902,210465.62522111868,5.488829119614403e-06,-1.4293825831845908e-06,-4.814509274654893,4.699947409153836,2.4072546373274464,0.00694134807674965,4.5740242663453363e-07,0.0,0.0,0.0,-3.8487702423786675e-10,-1.9243851211893338e-10,-66193.75000977905,-12023481.926704649
0.005308844442309879,187.36490894898023,1455.4545439254089,-2222.0949135811334,3429.4206359274954,-3234158.139005199,14451312453.6727,2910.9055454067475,0.9999976597027812,2.572718993992324e-09,-4.595862792347606e-12,306323097.61969507,210465.62154125652,8.986741320118417e-06,-2.3402972187946958e-06,-4.241909622011697,4.050552901867647,2.1209548110058485,0.008320580073793542,7.488951100098662e-07,0.0,0.0,0.0,-8.575729979974413e-10,-4.2878649899872066e-10,-67244.29945504652,-6468308.406363448
0.006493816315762113,152.9926526059492,1070.581384409304,-1629.496371579232,2502.8271993493017,-1744508.4813752319,5711271871.185917,2141.158509595624,0.9999961745956213,5.717124447543291e-09,-1.3884533936496656e-11,225320529.6670267,210465.6171302879,1.4689552814138825e-05,-3.82540437871004e-06,-3.740573123870392,3.5059778530396493,1.870286561935196,0.009973572087816959,1.224129401178234e-06,0.0,0.0,0.0,-1.905708149181097e-09,-9.528540745905484e-10,-68014.04457944004,-3489010.022362065
0.007943282347242805,124.89254117941688,788.1597285149342,-1196.5659061616204,1830.4562176552663,-943085.0597505689,2265535066.084448,1576.3143386366708,0.9999937556668494,1.2676279540068828e-08,-4.1816811506316954e-11,165880482.25400537,210465.61184306126,2.3978239298112196e-05,-6.2443331505512845e-06,-3.300984408263506,3.045954617918351,1.650492204131753,0.011954809847460725,1.998186608176009e-06,0.0,0.0,0.0,-4.225426513356276e-09,-2.112713256678138e-09,-68578.88645926998,-1886163.9950063433
0.009716279515771057,101.92005271944286,580.6569028621598,-879.6624227121064,1341.119129737343,-510782.0579362357,901490779.1212646,1161.3076574896734,0.9999898188344034,2.8054200120944498e-08,-1.2561793367979798e-10,122208273.69787565,210465.6055055456,3.9095675890806896e-05,-1.0181165596589992e-05,-2.915004612355108,2.6547112161120676,1.457502306177554,0.014329582071531023,3.25797299090057e-06,0.0,0.0,0.0,-9.351400040314833e-09,-4.6757000201574166e-09,-68993.89039416319,-1021558.7075014871
0.011885022274370166,83.13951416451964,428.03881636317465,-647.3051359248444,984.0857511569328,-277071.72420707426,359651413.8486593,856.0702500760511,0.9999834157512395,6.199156946160196e-08,-3.765501502167775e-10,90087416.24438892,210465.59790910652,6.368351524041523e-05,-1.6584248760498355e-05,-2.575671235861748,2.3198877937419553,1.287835617930874,0.017176111037028666,5.306959603367916e-06,0.0,0.0,0.0,-2.0663856487200655e-08,-1.0331928243600328e-08,-69299.12450979004,-554138.6695866939
0.014537843856076607,67.78599123088081,315.6903204305812,-476.700117834042,723.0202284062068,-150489.61294832453,143794885.78888902,631.371778581916,0.9999730070204857,1.368073850473337e-07,-1.1267345816555818e-09,66441923.34378392,210465.5888036564,0.00010365304133487063,-2.6992979514250948e-05,-2.2770211738655135,2.0317135900613934,1.1385105869327568,0.02058809042424565,8.637753444572525e-06,0.0,0.0,0.0,-4.5602461682444564e-08,-2.2801230841222282e-08,-69523.81903559325,-300975.0012470881
0.01778279410038923,55.2341325190349,232.92611641046244,-351.28925359955883,531.7768572119478,-81824.4415776753,57595374.7663587,465.84159699358514,0.9999560944164826,3.0159320350312345e-07,-3.366485223693444e-09,49022906.82792043,210465.57788946579,0.00016859744070665507,-4.3905583517411806e-05,-2.0139386193583437,1.782383793918319,1.0069693096791719,0.024677695460265263,1.4049786725554545e-05,0.0,0.0,0.0,-1.0053106783437448e-07,-5.026553391718724e-08,-69689.34448770383,-163645.14690350302
0.0217520403401952,44.97269885308728,171.91957051441773,-259.01030844655975,391.4653762985258,-44528.940986939415,23103738.001152035,343.82637937384465,0.9999286246349394,6.642675045967781e-07,-1.004595059645512e-08,36183129.257654384,210465.56480739245,0.00027408140183270943,-7.137536506063302e-05,-1.7820270911584324,1.5655855849283844,0.8910135455792162,0.029579128511731438,2.28401168193924e-05,0.0,0.0,0.0,-2.2142250153225938e-07,-1.1071125076612969e-07,-69811.35403643081,-89054.57657368337
0.026607250597988085,36.583740428844436,126.9289763448115,-191.0549537167924,288.388682412136,-24250.409700877797,9279380.882117685,253.8426430233679,0.9998840230705273,1.4619442502422694e-06,-2.9946314546050275e-08,26714158.76896881,210465.5491272562,0.00044535140917544236,-0.00011597692947273863,-1.5775036489405205,1.3761341380049323,0.7887518244702603,0.03545274702821764,3.711261743128682e-05,0.0,0.0,0.0,-4.873147500807565e-07,-2.436573750403782e-07,-69901.33097806228,-48497.89441417781
0.032546178349804535,29.725573652674516,93.73664984186485,-140.97778202259042,212.58435944146154,-13214.784988934307,3730876.205659139,187.45493613831985,0.9998116291201835,3.215320882651309e-06,-8.91842658020803e-08,19728317.831440877,210465.53033407504,0.0007233441784951729,-0.0001883708798164907,-1.3971130002682226,1.2096878947363372,0.6985565001341113,0.04248977413466753,6.027868154126423e-05,0.0,0.0,0.0,-1.0717736275504363e-06,-5.358868137752182e-07,-69967.71054124336,-26426.981125966664
0.03981071705534969,24.11886431509582,69.24103933113176,-104.05425076966357,156.78709633210096,-7204.824470113722,1501380.363368184,138.46005527868064,0.9996941650418202,7.0671373193505285e-06,-2.6537090153194605e-07,14572836.428047704,210465.50781190154,0.0011744062394103837,-0.0003058349581798181,-1.2380593733914198,1.062518373094984,0.6190296866957099,0.05091748389211058,9.786718661753167e-05,0.0,0.0,0.0,-2.3557124397835094e-06,-1.1778562198917547e-06,-70016.69566250373,-14407.357313549313
0.04869675251658631,19.53525026457146,51.159311124891246,-76.81617884661104,115.68652490766426,-3929.8627930390635,604660.5059081764,102.29221352825276,0.9995036484871952,1.552332122981426e-05,-7.889206150369731e-07,10767256.543331778,210465.48082509794,0.0019059898091704766,-0.0004963515128048046,-1.0979545058246198,0.9313144122779873,0.5489772529123099,0.06100452252544046,0.0001588324840975392,0.0,0.0,0.0,-5.174440409938087e-06,-2.5872202049690434e-06,-70052.85180998345,-7857.696969001989
0.05956621435290097,15.788040181225625,37.809993126410774,-56.71454141904994,85.39377993993148,-2144.376421221817,243695.8957397584,75.58832426111202,0.9991948101472581,3.4073102316623555e-05,-2.343033116325533e-06,7957686.110504146,210465.44849715394,0.0030919290345288717,-0.0008051898527419166,-0.9747807258400403,0.8130030924614466,0.48739036292002014,0.07306555720564602,0.0002576607528774054,0.0,0.0,0.0,-1.1357700772207852e-05,-5.678850386103926e-06,-70079.54169048762,-4286.957147103414
0.07286181745132274,12.724609610075627,27.953819918864177,-41.87395237914518,63.056430387942214,-1170.5369240977186,98288.31405598114,55.86968759088373,0.9986945417424585,7.472085096522805e-05,-6.949827003016863e-06,5883302.371338583,210465.409787742,0.005012959708959062,-0.0013054582575414697,-0.866868728937831,0.7045716350403652,0.4334343644689155,0.0874635150548021,0.0004177466424132543,0.0,0.0,0.0,-2.4906950321742684e-05,-1.2453475160871342e-05,-70099.2435530943,-2339.4846376183837
0.08912509381337441,10.220184543019652,20.67700616797962,-30.91345294258701,46.579468470757305,-639.1976571674194,39674.32669260875,41.30853347327428,0.9978851060301789,0.00016365185192786615,-2.0578163567575488e-05,4351784.938305611,210465.36346993092,0.00812119284411308,-0.002114893969821119,-0.7728900177045402,0.6028751521048199,0.3864450088522701,0.10460588034340147,0.0006767660703427541,0.0,0.0,0.0,-5.455061730928872e-05,-2.727530865464436e-05,-70113.78463617794,-1276.9894056533449
0.10901844923851267,8.172759353897805,15.305522133277892,-22.81541986917665,34.422487201012984,-349.2019137877114,16030.965978949265,30.556569760618416,0.9965777493785594,0.00035775329626944343,-6.077274347133601e-05,3221273.735341025,210465.30811192116,0.013141442386332226,-0.0034222506214406367,-0.6918635068185567,0.5044174576682421,0.34593175340927834,0.12492813572115176,0.001095120198861017,0.0,0.0,0.0,-0.00011925109875648114,-5.962554937824057e-05,-70124.51261144022,-697.1609688502958
0.1333521432163324,6.498942093324558,11.342066835513402,-16.829501240453638,25.451826658801846,-190.88132787758087,6486.623648790643,22.618927774779607,0.9944720853729717,0.0007798105523017692,-0.00017875996195298592,2387104.01534056,210465.24207235654,0.021227192167788744,-0.005527914627028285,-0.6231731567546397,0.40509866426964747,0.31158657837731984,0.14885127371631143,0.0017689326806490518,0.0,0.0,0.0,-0.0002599368507672564,-0.0001299684253836282,-70132.42163630536,-380.6652730433846
0.16311729092278363,5.130557921498215,8.419686102982524,-12.402117220476645,18.832523890303097,-104.42193400880747,2630.1116653515064,16.761402723873125,0.9910957896837671,0.001692074541938806,-0.0005225128057306657,1772044.5527075327,210465.16352693387,0.03419216761433451,-0.008904210316232897,-0.5665856987174585,0.29994287178691903,0.2832928493587292,0.1766896961563171,0.0028493473011945375,0.0,0.0,0.0,-0.0005640248473129353,-0.00028201242365646765,-70138.24512503434,-207.87688136109105
0.1995262314968879,4.011872336272725,6.267612785346522,-9.124664294339338,13.94916434742508,-57.18986259319613,1069.8029021644527,12.442148888252124,0.9857207499722086,0.0036452156230648695,-0.0015121483959773159,1319108.1821648804,210465.07055922374,0.054832320106719075,-0.014279250027791401,-0.5222383626967464,0.18286885637769767,0.2611191813483732,0.2084693806056517,0.004569360008893249,0.0,0.0,0.0,-0.0012150718743549566,-0.0006075359371774783,-70142.52409289456,-113.53043170548806
0.24406190680419762,3.0973210981354216,4.686089740148256,-6.695437108045311,10.347744043117308,-31.375419137819044,437.30277952834996,9.261360071444477,0.9772609724087749,0.007763923903175024,-0.004307685782307793,986252.9025220274,210464.96137284322,0.08731786595030464,-0.022739027591225147,-0.4905249007670819,0.04667952512270501,0.24526245038354094,0.2435963666162484,0.007276488829192065,0.0,0.0,0.0,-0.002587974634391675,-0.0012939873171958374,-70145.65756765034,-62.00885389331852
0.2985382618917957,2.3496543915782793,3.527796215434198,-4.891645493746151,7.692773713401345,-17.25672846008342,180.15302963032326,6.924190999549639,0.9641851392772021,0.016243505479645093,-0.011971528871851012,742472.7683933518,210464.8347138211,0.13752906517554395,-0.03581486072279794,-0.47173015202579216,-0.11632916303755825,0.23586507601289608,0.28030976330211244,0.011460755431295334,0.0,0.0,0.0,-0.005414501826548364,-0.002707250913274182,-70147.93985118822,-33.87068770078464
0.3651741272548377,1.738419634264361,2.684121956149274,-3.5489079668130907,5.7353426048348615,-9.525701794076097,75.12617601056539,5.213426129625977,0.9445393111781908,0.03306001126796776,-0.032023891127522165,564909.0612233863,210464.69061272652,0.2129690450757474,-0.05546068882180921,-0.46515480780680674,-0.3123822955888347,0.23257740390340337,0.31491980864745645,0.017747420422978916,0.0,0.0,0.0,-0.011020003755989253,-0.005510001877994626,-70149.58817229756,-18.501969525821163
0.4466835921509626,1.238721138568342,2.0749818835918523,-2.5463514370169804,4.288957193056549,-5.283633101068314,31.920305598266538,3.9692906222369735,0.9162767736879351,0.06455823212654754,-0.08089294892467594,436706.62945050054,210464.53150229526,0.321497189038329,-0.08372322631206486,-0.467448367166723,-0.5418329513247183,0.2337241835833615,0.3411020122102784,0.02679143241986074,0.0,0.0,0.0,-0.02151941070884918,-0.01075970535442459,-70150.76336000237,-10.107208879871141
0.546386549881854,0.8302061063110568,1.6411836351118283,-1.7959772584304259,3.2111526471509575,-2.947528485569022,13.942881519548626,3.0743938264615718,0.8781522915062309,0.11879007895222309,-0.18818991285806663,345407.51848004054,210464.36349992812,0.4678952006160739,-0.12184770849376914,-0.4703596290834666,-0.7921363523942264,0.2351798145417333,0.3501371415146707,0.0389912667180061,0.0,0.0,0.0,-0.03959669298407436,-0.01979834649203718,-70151.5854558252,-5.521541395783881
0.6683439175686136,0.4962356560944359,1.3386017638003227,-1.2351641711692858,2.3910221066502615,-1.6533929381101697,6.3265758747027325,2.442179992644957,0.8311789403406667,0.20178794228394997,-0.39193781461095617,281724.8413440272,210464.1970373135,0.6482728690918405,-0.16882105965933325,-0.45987481459826596,-1.0319508691462431,0.22993740729913298,0.3336347587680654,0.05402273909098659,0.0,0.0,0.0,-0.06726264742798332,-0.03363132371399166,-70152.14553591087,-3.016493226461521
0.8175230379436493,0.2232071190499325,1.1336631493393652,-0.8208509223225706,1.7456065856019776,-0.930568441738328,3.0072978203474925,2.0076622812664953,0.7797609104918386,0.3108353159564257,-0.7128853239674092,238592.61525875542,210464.04540311295,0.8457181037113402,-0.2202390895081614,-0.42105580245395247,-1.2170012028686523,0.21052790122697623,0.28925353560681194,0.07047650864261164,0.0,0.0,0.0,-0.10361177198547523,-0.05180588599273762,-70152.5143455149,-1.647991435289839
1.0,0.0,1.00000000000002,-0.5234541602617487,1.2252096394347782,-0.5234541602617592,1.4992138973301652,1.7200360000000432,0.7308038461538549,0.43071384615382363,-1.1198559999999187,210461.33619669377,210463.92047976647,1.033713230769199,-0.26919615384614515,-0.34981059956961025,-1.3153858736617652,0.17490529978480512,0.2254589546515623,0.08614276923076637,0.0,0.0,0.0,-0.14357128205127453,-0.07178564102563727,-70152.7478383837,-0.9003599999999998
