a,z,k_over_H0,constraint_discriminant,constraint_block_determinant,constraint_relative_error,kinetic_positive,kinetic_negative,kinetic_null,normalized_null_residual,m5_bar_hat
1e-07,9999999.0,0.01,3.689212190416041e+52,-3.689212190416037e+24,1.0186717895389452e-15,4,0,1,1.0147575675507368e-16,-9.865058355941714e-33
1e-07,9999999.0,0.01778279410038923,3.689212190416041e+52,-3.689212190416037e+24,1.0186717895389452e-15,4,0,1,1.7651354712515835e-16,-9.865058355941714e-33
1e-07,9999999.0,0.03162277660168379,3.689212190416041e+52,-3.689212190416037e+24,1.0186717895389452e-15,4,0,1,1.3046422118051236e-16,-9.865058355941714e-33
1e-07,9999999.0,0.05623413251903491,3.689212190416041e+52,-3.689212190416037e+24,1.0186717895389452e-15,4,0,1,8.125100057922755e-17,-9.865058355941714e-33
1e-07,9999999.0,0.1,3.689212190416041e+52,-3.689212190416037e+24,1.0186717895389452e-15,4,0,1,5.4161521931430516e-17,-9.865058355941714e-33
1e-07,9999999.0,0.1778279410038923,3.689212190416041e+52,-3.689212190416037e+24,1.0186717895389452e-15,4,0,1,1.0444500569117004e-16,-9.865058355941714e-33
1e-07,9999999.0,0.31622776601683794,3.689212190416041e+52,-3.689212190416037e+24,1.0186717895389452e-15,4,0,1,8.28467366648671e-17,-9.865058355941714e-33
1e-07,9999999.0,0.5623413251903491,3.689212190416041e+52,-3.689212190416037e+24,1.0186717895389452e-15,4,0,1,1.4362765663603126e-16,-9.865058355941714e-33
1e-07,9999999.0,1.0,3.689212190416041e+52,-3.689212190416037e+24,1.0186717895389452e-15,4,0,1,5.3412811481858405e-17,-9.865058355941714e-33
1e-07,9999999.0,1.7782794100389228,3.689212190416041e+52,-3.689212190416037e+24,1.0186717895389452e-15,4,0,1,9.111551230107742e-17,-9.865058355941714e-33
1e-07,9999999.0,3.1622776601683795,3.689212190416041e+52,-3.689212190416037e+24,1.0186717895389452e-15,4,0,1,5.664156858612336e-17,-9.865058355941714e-33
1e-07,9999999.0,5.623413251903491,3.689212190416041e+52,-3.689212190416037e+24,1.0186717895389452e-15,4,0,1,6.228745631679051e-17,-9.865058355941714e-33
1e-07,9999999.0,10.0,3.689212190416041e+52,-3.689212190416037e+24,1.0186717895389452e-15,4,0,1,4.740357192882328e-17,-9.865058355941714e-33
1e-07,9999999.0,17.78279410038923,3.689212190416041e+52,-3.689212190416037e+24,1.0186717895389452e-15,4,0,1,9.899484245166647e-17,-9.865058355941714e-33
1e-07,9999999.0,31.622776601683793,3.689212190416041e+52,-3.689212190416037e+24,1.0186717895389452e-15,4,0,1,2.490900591173678e-17,-9.865058355941714e-33
1e-07,9999999.0,56.23413251903491,3.689212190416041e+52,-3.689212190416037e+24,1.0186717895389452e-15,4,0,1,5.1226269357546516e-17,-9.865058355941714e-33
1e-07,9999999.0,100.0,3.689212190416041e+52,-3.689212190416037e+24,1.0186717895389452e-15,4,0,1,1.2218467089730949e-17,-9.865058355941714e-33
1.9573417814876615e-07,5108968.774506925,0.01,1.7129383202312e+50,-2.5142496119171402e+23,1.3345704356861536e-16,4,0,1,6.258228703148955e-17,-3.240279512496094e-31
1.9573417814876615e-07,5108968.774506925,0.01778279410038923,1.7129383202312e+50,-2.5142496119171402e+23,1.3345704356861536e-16,4,0,1,1.3035715240943276e-16,-3.240279512496094e-31
1.9573417814876615e-07,5108968.774506925,0.03162277660168379,1.7129383202312e+50,-2.5142496119171402e+23,1.3345704356861536e-16,4,0,1,1.633966334681333e-17,-3.240279512496094e-31
1.9573417814876615e-07,5108968.774506925,0.05623413251903491,1.7129383202312e+50,-2.5142496119171402e+23,1.3345704356861536e-16,4,0,1,1.3602793426619684e-16,-3.240279512496094e-31
1.9573417814876615e-07,5108968.774506925,0.1,1.7129383202312e+50,-2.5142496119171402e+23,1.3345704356861536e-16,4,0,1,1.1084767256098314e-16,-3.240279512496094e-31
1.9573417814876615e-07,5108968.774506925,0.1778279410038923,1.7129383202312e+50,-2.5142496119171402e+23,1.3345704356861536e-16,4,0,1,3.459539526180114e-17,-3.240279512496094e-31
1.9573417814876615e-07,5108968.774506925,0.31622776601683794,1.7129383202312e+50,-2.5142496119171402e+23,1.3345704356861536e-16,4,0,1,1.8566735417508342e-16,-3.240279512496094e-31
1.9573417814876615e-07,5108968.774506925,0.5623413251903491,1.7129383202312e+50,-2.5142496119171402e+23,1.3345704356861536e-16,4,0,1,1.7154102824288065e-17,-3.240279512496094e-31
1.9573417814876615e-07,5108968.774506925,1.0,1.7129383202312e+50,-2.5142496119171402e+23,1.3345704356861536e-16,4,0,1,2.8944227396463994e-16,-3.240279512496094e-31
1.9573417814876615e-07,5108968.774506925,1.7782794100389228,1.7129383202312e+50,-2.5142496119171402e+23,1.3345704356861536e-16,4,0,1,2.2826227491148177e-17,-3.240279512496094e-31
1.9573417814876615e-07,5108968.774506925,3.1622776601683795,1.7129383202312e+50,-2.5142496119171402e+23,1.3345704356861536e-16,4,0,1,1.4978053359485102e-16,-3.240279512496094e-31
1.9573417814876615e-07,5108968.774506925,5.623413251903491,1.7129383202312e+50,-2.5142496119171402e+23,1.3345704356861536e-16,4,0,1,1.4351143963246113e-16,-3.240279512496094e-31
1.9573417814876615e-07,5108968.774506925,10.0,1.7129383202312e+50,-2.5142496119171402e+23,1.3345704356861536e-16,4,0,1,2.8101497450496286e-16,-3.240279512496094e-31
1.9573417814876615e-07,5108968.774506925,17.78279410038923,1.7129383202312e+50,-2.5142496119171402e+23,1.3345704356861536e-16,4,0,1,8.405389789143539e-17,-3.240279512496094e-31
1.9573417814876615e-07,5108968.774506925,31.622776601683793,1.7129383202312e+50,-2.5142496119171402e+23,1.3345704356861536e-16,4,0,1,1.9774618900948684e-17,-3.240279512496094e-31
1.9573417814876615e-07,5108968.774506925,56.23413251903491,1.7129383202312e+50,-2.5142496119171402e+23,1.3345704356861536e-16,4,0,1,1.0889323812227515e-16,-3.240279512496094e-31
1.9573417814876615e-07,5108968.774506925,100.0,1.7129383202312e+50,-2.5142496119171402e+23,1.3345704356861536e-16,4,0,1,8.285578459945394e-18,-3.240279512496094e-31
3.831186849557285e-07,2610156.2156825387,0.01,7.955822268180508e+47,-1.7140299482296165e+22,9.788169697576637e-16,4,0,1,4.771646563121912e-17,-1.0638721904064615e-29
3.831186849557285e-07,2610156.2156825387,0.01778279410038923,7.955822268180508e+47,-1.7140299482296165e+22,9.788169697576637e-16,4,0,1,6.259936749257031e-17,-1.0638721904064615e-29
3.831186849557285e-07,2610156.2156825387,0.03162277660168379,7.955822268180508e+47,-1.7140299482296165e+22,9.788169697576637e-16,4,0,1,3.751258998166233e-17,-1.0638721904064615e-29
3.831186849557285e-07,2610156.2156825387,0.05623413251903491,7.955822268180508e+47,-1.7140299482296165e+22,9.788169697576637e-16,4,0,1,1.4262943170316585e-16,-1.0638721904064615e-29
3.831186849557285e-07,2610156.2156825387,0.1,7.955822268180508e+47,-1.7140299482296165e+22,9.788169697576637e-16,4,0,1,1.78284207902541e-16,-1.0638721904064615e-29
3.831186849557285e-07,2610156.2156825387,0.1778279410038923,7.955822268180508e+47,-1.7140299482296165e+22,9.788169697576637e-16,4,0,1,5.019706135487263e-17,-1.0638721904064615e-29
3.831186849557285e-07,2610156.2156825387,0.31622776601683794,7.955822268180508e+47,-1.7140299482296165e+22,9.788169697576637e-16,4,0,1,6.528007948670826e-17,-1.0638721904064615e-29
3.831186849557285e-07,2610156.2156825387,0.5623413251903491,7.955822268180508e+47,-1.7140299482296165e+22,9.788169697576637e-16,4,0,1,8.886869058233744e-17,-1.0638721904064615e-29
3.831186849557285e-07,2610156.2156825387,1.0,7.955822268180508e+47,-1.7140299482296165e+22,9.788169697576637e-16,4,0,1,9.585267070805853e-17,-1.0638721904064615e-29
3.831186849557285e-07,2610156.2156825387,1.7782794100389228,7.955822268180508e+47,-1.7140299482296165e+22,9.788169697576637e-16,4,0,1,1.5464910561817147e-16,-1.0638721904064615e-29
3.831186849557285e-07,2610156.2156825387,3.1622776601683795,7.955822268180508e+47,-1.7140299482296165e+22,9.788169697576637e-16,4,0,1,7.143980017679955e-17,-1.0638721904064615e-29
3.831186849557285e-07,2610156.2156825387,5.623413251903491,7.955822268180508e+47,-1.7140299482296165e+22,9.788169697576637e-16,4,0,1,1.570188896583316e-17,-1.0638721904064615e-29
3.831186849557285e-07,2610156.2156825387,10.0,7.955822268180508e+47,-1.7140299482296165e+22,9.788169697576637e-16,4,0,1,2.0276735381527415e-16,-1.0638721904064615e-29
3.831186849557285e-07,2610156.2156825387,17.78279410038923,7.955822268180508e+47,-1.7140299482296165e+22,9.788169697576637e-16,4,0,1,1.0108709820466817e-16,-1.0638721904064615e-29
3.831186849557285e-07,2610156.2156825387,31.622776601683793,7.955822268180508e+47,-1.7140299482296165e+22,9.788169697576637e-16,4,0,1,8.80226915131705e-17,-1.0638721904064615e-29
3.831186849557285e-07,2610156.2156825387,56.23413251903491,7.955822268180508e+47,-1.7140299482296165e+22,9.788169697576637e-16,4,0,1,1.9504912265610556e-16,-1.0638721904064615e-29
3.831186849557285e-07,2610156.2156825387,100.0,7.955822268180508e+47,-1.7140299482296165e+22,9.788169697576637e-16,4,0,1,2.458655370889695e-16,-1.0638721904064615e-29
7.498942093324558e-07,1333520.432163324,0.01,3.6973689373191486e+45,-1.1692107191884796e+21,4.147810074274731e-15,4,0,1,1.259432305371734e-16,-3.4902196511455666e-28
7.498942093324558e-07,1333520.432163324,0.01778279410038923,3.6973689373191486e+45,-1.1692107191884796e+21,4.147810074274731e-15,4,0,1,5.2850968253338785e-17,-3.4902196511455666e-28
7.498942093324558e-07,1333520.432163324,0.03162277660168379,3.6973689373191486e+45,-1.1692107191884796e+21,4.147810074274731e-15,4,0,1,1.686765127857296e-17,-3.4902196511455666e-28
7.498942093324558e-07,1333520.432163324,0.05623413251903491,3.6973689373191486e+45,-1.1692107191884796e+21,4.147810074274731e-15,4,0,1,2.2021900584259248e-16,-3.4902196511455666e-28
7.498942093324558e-07,1333520.432163324,0.1,3.6973689373191486e+45,-1.1692107191884796e+21,4.147810074274731e-15,4,0,1,5.927362448529796e-18,-3.4902196511455666e-28
7.498942093324558e-07,1333520.432163324,0.1778279410038923,3.6973689373191486e+45,-1.1692107191884796e+21,4.147810074274731e-15,4,0,1,3.9829571018500055e-17,-3.4902196511455666e-28
7.498942093324558e-07,1333520.432163324,0.31622776601683794,3.6973689373191486e+45,-1.1692107191884796e+21,4.147810074274731e-15,4,0,1,6.712052441464905e-17,-3.4902196511455666e-28
7.498942093324558e-07,1333520.432163324,0.5623413251903491,3.6973689373191486e+45,-1.1692107191884796e+21,4.147810074274731e-15,4,0,1,9.73944533458721e-17,-3.4902196511455666e-28
7.498942093324558e-07,1333520.432163324,1.0,3.6973689373191486e+45,-1.1692107191884796e+21,4.147810074274731e-15,4,0,1,3.5875898282897223e-16,-3.4902196511455666e-28
7.498942093324558e-07,1333520.432163324,1.7782794100389228,3.6973689373191486e+45,-1.1692107191884796e+21,4.147810074274731e-15,4,0,1,1.3686577000749732e-16,-3.4902196511455666e-28
7.498942093324558e-07,1333520.432163324,3.1622776601683795,3.6973689373191486e+45,-1.1692107191884796e+21,4.147810074274731e-15,4,0,1,1.492286644014281e-16,-3.4902196511455666e-28
7.498942093324558e-07,1333520.432163324,5.623413251903491,3.6973689373191486e+45,-1.1692107191884796e+21,4.147810074274731e-15,4,0,1,8.297153597482756e-18,-3.4902196511455666e-28
7.498942093324558e-07,1333520.432163324,10.0,3.6973689373191486e+45,-1.1692107191884796e+21,4.147810074274731e-15,4,0,1,1.1955141790263804e-17,-3.4902196511455666e-28
7.498942093324558e-07,1333520.432163324,17.78279410038923,3.6973689373191486e+45,-1.1692107191884796e+21,4.147810074274731e-15,4,0,1,1.3219677611438603e-16,-3.4902196511455666e-28
7.498942093324558e-07,1333520.432163324,31.622776601683793,3.6973689373191486e+45,-1.1692107191884796e+21,4.147810074274731e-15,4,0,1,1.016408182723792e-16,-3.4902196511455666e-28
7.498942093324558e-07,1333520.432163324,56.23413251903491,3.6973689373191486e+45,-1.1692107191884796e+21,4.147810074274731e-15,4,0,1,3.373184067985475e-17,-3.4902196511455666e-28
7.498942093324558e-07,1333520.432163324,100.0,3.6973689373191486e+45,-1.1692107191884796e+21,4.147810074274731e-15,4,0,1,1.9283917909182661e-16,-3.4902196511455666e-28
1.4677992676220705e-06,681291.0690579609,0.01,1.7203488681528176e+43,-7.9851520963365e+19,2.8725313836568565e-15,4,0,1,2.825754286500125e-17,-1.1432605917869722e-26
1.4677992676220705e-06,681291.0690579609,0.01778279410038923,1.7203488681528176e+43,-7.9851520963365e+19,2.8725313836568565e-15,4,0,1,1.7601277913537284e-16,-1.1432605917869722e-26
1.4677992676220705e-06,681291.0690579609,0.03162277660168379,1.7203488681528176e+43,-7.9851520963365e+19,2.8725313836568565e-15,4,0,1,7.28760577360774e-18,-1.1432605917869722e-26
1.4677992676220705e-06,681291.0690579609,0.05623413251903491,1.7203488681528176e+43,-7.9851520963365e+19,2.8725313836568565e-15,4,0,1,2.246243301588242e-17,-1.1432605917869722e-26
1.4677992676220705e-06,681291.0690579609,0.1,1.7203488681528176e+43,-7.9851520963365e+19,2.8725313836568565e-15,4,0,1,1.6829586872445397e-16,-1.1432605917869722e-26
1.4677992676220705e-06,681291.0690579609,0.1778279410038923,1.7203488681528176e+43,-7.9851520963365e+19,2.8725313836568565e-15,4,0,1,9.743703113697848e-17,-1.1432605917869722e-26
1.4677992676220705e-06,681291.0690579609,0.31622776601683794,1.7203488681528176e+43,-7.9851520963365e+19,2.8725313836568565e-15,4,0,1,3.53249791001394e-18,-1.1432605917869722e-26
1.4677992676220705e-06,681291.0690579609,0.5623413251903491,1.7203488681528176e+43,-7.9851520963365e+19,2.8725313836568565e-15,4,0,1,1.1188259106058978e-17,-1.1432605917869722e-26
1.4677992676220705e-06,681291.0690579609,1.0,1.7203488681528176e+43,-7.9851520963365e+19,2.8725313836568565e-15,4,0,1,9.180173006114821e-17,-1.1432605917869722e-26
1.4677992676220705e-06,681291.0690579609,1.7782794100389228,1.7203488681528176e+43,-7.9851520963365e+19,2.8725313836568565e-15,4,0,1,2.0341004134853593e-16,-1.1432605917869722e-26
1.4677992676220705e-06,681291.0690579609,3.1622776601683795,1.7203488681528176e+43,-7.9851520963365e+19,2.8725313836568565e-15,4,0,1,2.099060381112603e-17,-1.1432605917869722e-26
1.4677992676220705e-06,681291.0690579609,5.623413251903491,1.7203488681528176e+43,-7.9851520963365e+19,2.8725313836568565e-15,4,0,1,9.443532323908094e-17,-1.1432605917869722e-26
1.4677992676220705e-06,681291.0690579609,10.0,1.7203488681528176e+43,-7.9851520963365e+19,2.8725313836568565e-15,4,0,1,2.2748501464505404e-16,-1.1432605917869722e-26
1.4677992676220705e-06,681291.0690579609,17.78279410038923,1.7203488681528176e+43,-7.9851520963365e+19,2.8725313836568565e-15,4,0,1,4.860540890729825e-18,-1.1432605917869722e-26
1.4677992676220705e-06,681291.0690579609,31.622776601683793,1.7203488681528176e+43,-7.9851520963365e+19,2.8725313836568565e-15,4,0,1,2.3683961232064014e-16,-1.1432605917869722e-26
1.4677992676220705e-06,681291.0690579609,56.23413251903491,1.7203488681528176e+43,-7.9851520963365e+19,2.8725313836568565e-15,4,0,1,3.472762864668335e-16,-1.1432605917869722e-26
1.4677992676220705e-06,681291.0690579609,100.0,1.7203488681528176e+43,-7.9851520963365e+19,2.8725313836568565e-15,4,0,1,1.0329825942679267e-16,-1.1432605917869722e-26
2.8729848333536687e-06,348069.0588428406,0.01,8.023148398500367e+40,-5.466107372773414e+18,0.0,4,0,1,3.276632997570941e-16,-3.73363430451624e-25
2.8729848333536687e-06,348069.0588428406,0.01778279410038923,8.023148398500367e+40,-5.466107372773414e+18,0.0,4,0,1,2.2537253889319054e-17,-3.73363430451624e-25
2.8729848333536687e-06,348069.0588428406,0.03162277660168379,8.023148398500367e+40,-5.466107372773414e+18,0.0,4,0,1,1.773754436343059e-16,-3.73363430451624e-25
2.8729848333536687e-06,348069.0588428406,0.05623413251903491,8.023148398500367e+40,-5.466107372773414e+18,0.0,4,0,1,3.747495459447103e-17,-3.73363430451624e-25
2.8729848333536687e-06,348069.0588428406,0.1,8.023148398500367e+40,-5.466107372773414e+18,0.0,4,0,1,1.8891463060082065e-17,-3.73363430451624e-25
2.8729848333536687e-06,348069.0588428406,0.1778279410038923,8.023148398500367e+40,-5.466107372773414e+18,0.0,4,0,1,2.0243517598755453e-16,-3.73363430451624e-25
2.8729848333536687e-06,348069.0588428406,0.31622776601683794,8.023148398500367e+40,-5.466107372773414e+18,0.0,4,0,1,5.1425742679199684e-17,-3.73363430451624e-25
2.8729848333536687e-06,348069.0588428406,0.5623413251903491,8.023148398500367e+40,-5.466107372773414e+18,0.0,4,0,1,6.251913867554825e-18,-3.73363430451624e-25
2.8729848333536687e-06,348069.0588428406,1.0,8.023148398500367e+40,-5.466107372773414e+18,0.0,4,0,1,3.3382054433965787e-16,-3.73363430451624e-25
2.8729848333536687e-06,348069.0588428406,1.7782794100389228,8.023148398500367e+40,-5.466107372773414e+18,0.0,4,0,1,2.0632529745020205e-16,-3.73363430451624e-25
2.8729848333536687e-06,348069.0588428406,3.1622776601683795,8.023148398500367e+40,-5.466107372773414e+18,0.0,4,0,1,1.3375097597102925e-16,-3.73363430451624e-25
2.8729848333536687e-06,348069.0588428406,5.623413251903491,8.023148398500367e+40,-5.466107372773414e+18,0.0,4,0,1,2.881615812238215e-17,-3.73363430451624e-25
2.8729848333536687e-06,348069.0588428406,10.0,8.023148398500367e+40,-5.466107372773414e+18,0.0,4,0,1,6.797530900070795e-17,-3.73363430451624e-25
2.8729848333536687e-06,348069.0588428406,17.78279410038923,8.023148398500367e+40,-5.466107372773414e+18,0.0,4,0,1,1.0767160053126192e-16,-3.73363430451624e-25
2.8729848333536687e-06,348069.0588428406,31.622776601683793,8.023148398500367e+40,-5.466107372773414e+18,0.0,4,0,1,1.9300645950299322e-17,-3.73363430451624e-25
2.8729848333536687e-06,348069.0588428406,56.23413251903491,8.023148398500367e+40,-5.466107372773414e+18,0.0,4,0,1,9.158793816802646e-17,-3.73363430451624e-25
2.8729848333536687e-06,348069.0588428406,100.0,8.023148398500367e+40,-5.466107372773414e+18,0.0,4,0,1,1.328715228850249e-17,-3.73363430451624e-25
5.623413251903491e-06,177826.94100389228,0.01,3.758535910015501e+38,-3.758535910015492e+17,2.554186052717641e-15,4,0,1,1.8632684420181057e-17,-1.2122412806047843e-23
5.623413251903491e-06,177826.94100389228,0.01778279410038923,3.758535910015501e+38,-3.758535910015492e+17,2.554186052717641e-15,4,0,1,4.983729347227805e-17,-1.2122412806047843e-23
5.623413251903491e-06,177826.94100389228,0.03162277660168379,3.758535910015501e+38,-3.758535910015492e+17,2.554186052717641e-15,4,0,1,3.609847345000187e-17,-1.2122412806047843e-23
5.623413251903491e-06,177826.94100389228,0.05623413251903491,3.758535910015501e+38,-3.758535910015492e+17,2.554186052717641e-15,4,0,1,4.608239844005246e-17,-1.2122412806047843e-23
5.623413251903491e-06,177826.94100389228,0.1,3.758535910015501e+38,-3.758535910015492e+17,2.554186052717641e-15,4,0,1,7.225497281592905e-17,-1.2122412806047843e-23
5.623413251903491e-06,177826.94100389228,0.1778279410038923,3.758535910015501e+38,-3.758535910015492e+17,2.554186052717641e-15,4,0,1,1.1840830188077976e-16,-1.2122412806047843e-23
5.623413251903491e-06,177826.94100389228,0.31622776601683794,3.758535910015501e+38,-3.758535910015492e+17,2.554186052717641e-15,4,0,1,2.218005692535573e-16,-1.2122412806047843e-23
5.623413251903491e-06,177826.94100389228,0.5623413251903491,3.758535910015501e+38,-3.758535910015492e+17,2.554186052717641e-15,4,0,1,6.040594361660305e-17,-1.2122412806047843e-23
5.623413251903491e-06,177826.94100389228,1.0,3.758535910015501e+38,-3.758535910015492e+17,2.554186052717641e-15,4,0,1,7.318009842372242e-17,-1.2122412806047843e-23
5.623413251903491e-06,177826.94100389228,1.7782794100389228,3.758535910015501e+38,-3.758535910015492e+17,2.554186052717641e-15,4,0,1,9.223278418034057e-17,-1.2122412806047843e-23
5.623413251903491e-06,177826.94100389228,3.1622776601683795,3.758535910015501e+38,-3.758535910015492e+17,2.554186052717641e-15,4,0,1,1.3953314384829004e-16,-1.2122412806047843e-23
5.623413251903491e-06,177826.94100389228,5.623413251903491,3.758535910015501e+38,-3.758535910015492e+17,2.554186052717641e-15,4,0,1,3.294290648590523e-17,-1.2122412806047843e-23
5.623413251903491e-06,177826.94100389228,10.0,3.758535910015501e+38,-3.758535910015492e+17,2.554186052717641e-15,4,0,1,9.768855197302186e-17,-1.2122412806047843e-23
5.623413251903491e-06,177826.94100389228,17.78279410038923,3.758535910015501e+38,-3.758535910015492e+17,2.554186052717641e-15,4,0,1,1.7203151593396786e-17,-1.2122412806047843e-23
5.623413251903491e-06,177826.94100389228,31.622776601683793,3.758535910015501e+38,-3.758535910015492e+17,2.554186052717641e-15,4,0,1,4.3144674687271495e-17,-1.2122412806047843e-23
5.623413251903491e-06,177826.94100389228,56.23413251903491,3.758535910015501e+38,-3.758535910015492e+17,2.554186052717641e-15,4,0,1,1.2568689531647926e-16,-1.2122412806047843e-23
5.623413251903491e-06,177826.94100389228,100.0,3.758535910015501e+38,-3.758535910015492e+17,2.554186052717641e-15,4,0,1,1.5018598401785438e-16,-1.2122412806047843e-23
1.1006941712522103e-05,90850.75756516862,0.01,1.7759201378969488e+36,-2.606694277760425e+16,3.2224722598527903e-15,4,0,1,1.744278519559638e-17,-3.8922099273446686e-22
1.1006941712522103e-05,90850.75756516862,0.01778279410038923,1.7759201378969488e+36,-2.606694277760425e+16,3.2224722598527903e-15,4,0,1,2.1941375895037534e-16,-3.8922099273446686e-22
1.1006941712522103e-05,90850.75756516862,0.03162277660168379,1.7759201378969488e+36,-2.606694277760425e+16,3.2224722598527903e-15,4,0,1,1.1076943697795897e-16,-3.8922099273446686e-22
1.1006941712522103e-05,90850.75756516862,0.05623413251903491,1.7759201378969488e+36,-2.606694277760425e+16,3.2224722598527903e-15,4,0,1,8.400050232942324e-18,-3.8922099273446686e-22
1.1006941712522103e-05,90850.75756516862,0.1,1.7759201378969488e+36,-2.606694277760425e+16,3.2224722598527903e-15,4,0,1,3.0659522322150635e-16,-3.8922099273446686e-22
1.1006941712522103e-05,90850.75756516862,0.1778279410038923,1.7759201378969488e+36,-2.606694277760425e+16,3.2224722598527903e-15,4,0,1,1.9232510174354706e-19,-3.8922099273446686e-22
1.1006941712522103e-05,90850.75756516862,0.31622776601683794,1.7759201378969488e+36,-2.606694277760425e+16,3.2224722598527903e-15,4,0,1,2.079507525343163e-18,-3.8922099273446686e-22
1.1006941712522103e-05,90850.75756516862,0.5623413251903491,1.7759201378969488e+36,-2.606694277760425e+16,3.2224722598527903e-15,4,0,1,2.0593749108785362e-17,-3.8922099273446686e-22
1.1006941712522103e-05,90850.75756516862,1.0,1.7759201378969488e+36,-2.606694277760425e+16,3.2224722598527903e-15,4,0,1,2.0967257908995373e-16,-3.8922099273446686e-22
1.1006941712522103e-05,90850.75756516862,1.7782794100389228,1.7759201378969488e+36,-2.606694277760425e+16,3.2224722598527903e-15,4,0,1,2.1467365981369165e-17,-3.8922099273446686e-22
1.1006941712522103e-05,90850.75756516862,3.1622776601683795,1.7759201378969488e+36,-2.606694277760425e+16,3.2224722598527903e-15,4,0,1,3.2010299455897683e-16,-3.8922099273446686e-22
1.1006941712522103e-05,90850.75756516862,5.623413251903491,1.7759201378969488e+36,-2.606694277760425e+16,3.2224722598527903e-15,4,0,1,1.214618746957315e-19,-3.8922099273446686e-22
1.1006941712522103e-05,90850.75756516862,10.0,1.7759201378969488e+36,-2.606694277760425e+16,3.2224722598527903e-15,4,0,1,1.4795157281903927e-16,-3.8922099273446686e-22
1.1006941712522103e-05,90850.75756516862,17.78279410038923,1.7759201378969488e+36,-2.606694277760425e+16,3.2224722598527903e-15,4,0,1,2.2909842090465727e-17,-3.8922099273446686e-22
1.1006941712522103e-05,90850.75756516862,31.622776601683793,1.7759201378969488e+36,-2.606694277760425e+16,3.2224722598527903e-15,4,0,1,2.1317841685301294e-17,-3.8922099273446686e-22
1.1006941712522103e-05,90850.75756516862,56.23413251903491,1.7759201378969488e+36,-2.606694277760425e+16,3.2224722598527903e-15,4,0,1,2.5926208554755384e-16,-3.8922099273446686e-22
1.1006941712522103e-05,90850.75756516862,100.0,1.7759201378969488e+36,-2.606694277760425e+16,3.2224722598527903e-15,4,0,1,3.6891237423119103e-16,-3.8922099273446686e-22
2.1544346900318867e-05,46414.888336127726,0.01,8.528023151142101e+33,-1837306891421561.0,2.9935118763662417e-15,4,0,1,2.8247965457398885e-16,-1.2237062240347125e-20
2.1544346900318867e-05,46414.888336127726,0.01778279410038923,8.528023151142101e+33,-1837306891421561.0,2.9935118763662417e-15,4,0,1,1.1716040355929913e-16,-1.2237062240347125e-20
2.1544346900318867e-05,46414.888336127726,0.03162277660168379,8.528023151142101e+33,-1837306891421561.0,2.9935118763662417e-15,4,0,1,1.1627231755437435e-16,-1.2237062240347125e-20
2.1544346900318867e-05,46414.888336127726,0.05623413251903491,8.528023151142101e+33,-1837306891421561.0,2.9935118763662417e-15,4,0,1,1.8819186926260923e-17,-1.2237062240347125e-20
2.1544346900318867e-05,46414.888336127726,0.1,8.528023151142101e+33,-1837306891421561.0,2.9935118763662417e-15,4,0,1,1.2578826666013373e-16,-1.2237062240347125e-20
2.1544346900318867e-05,46414.888336127726,0.1778279410038923,8.528023151142101e+33,-1837306891421561.0,2.9935118763662417e-15,4,0,1,8.009823899117166e-19,-1.2237062240347125e-20
2.1544346900318867e-05,46414.888336127726,0.31622776601683794,8.528023151142101e+33,-1837306891421561.0,2.9935118763662417e-15,4,0,1,1.836245614442076e-18,-1.2237062240347125e-20
2.1544346900318867e-05,46414.888336127726,0.5623413251903491,8.528023151142101e+33,-1837306891421561.0,2.9935118763662417e-15,4,0,1,2.4551931197916136e-16,-1.2237062240347125e-20
2.1544346900318867e-05,46414.888336127726,1.0,8.528023151142101e+33,-1837306891421561.0,2.9935118763662417e-15,4,0,1,2.637305054533136e-16,-1.2237062240347125e-20
2.1544346900318867e-05,46414.888336127726,1.7782794100389228,8.528023151142101e+33,-1837306891421561.0,2.9935118763662417e-15,4,0,1,5.749263593501101e-17,-1.2237062240347125e-20
2.1544346900318867e-05,46414.888336127726,3.1622776601683795,8.528023151142101e+33,-1837306891421561.0,2.9935118763662417e-15,4,0,1,6.055218452188614e-18,-1.2237062240347125e-20
2.1544346900318867e-05,46414.888336127726,5.623413251903491,8.528023151142101e+33,-1837306891421561.0,2.9935118763662417e-15,4,0,1,1.937376707119915e-17,-1.2237062240347125e-20
2.1544346900318867e-05,46414.888336127726,10.0,8.528023151142101e+33,-1837306891421561.0,2.9935118763662417e-15,4,0,1,3.853693120306138e-17,-1.2237062240347125e-20
2.1544346900318867e-05,46414.888336127726,17.78279410038923,8.528023151142101e+33,-1837306891421561.0,2.9935118763662417e-15,4,0,1,1.578183818783664e-16,-1.2237062240347125e-20
2.1544346900318867e-05,46414.888336127726,31.622776601683793,8.528023151142101e+33,-1837306891421561.0,2.9935118763662417e-15,4,0,1,8.766865317005664e-17,-1.2237062240347125e-20
2.1544346900318867e-05,46414.888336127726,56.23413251903491,8.528023151142101e+33,-1837306891421561.0,2.9935118763662417e-15,4,0,1,1.3380199758935169e-17,-1.2237062240347125e-20
2.1544346900318867e-05,46414.888336127726,100.0,8.528023151142101e+33,-1837306891421561.0,2.9935118763662417e-15,4,0,1,9.021798739094905e-17,-1.2237062240347125e-20
4.216965034285822e-05,23712.737056616555,0.01,4.217223496307443e+31,-133360316503102.02,5.858189456095265e-16,4,0,1,4.669784553765965e-17,-3.7032137590490847e-19
4.216965034285822e-05,23712.737056616555,0.01778279410038923,4.217223496307443e+31,-133360316503102.02,5.858189456095265e-16,4,0,1,1.935307022110313e-16,-3.7032137590490847e-19
4.216965034285822e-05,23712.737056616555,0.03162277660168379,4.217223496307443e+31,-133360316503102.02,5.858189456095265e-16,4,0,1,7.293080856923555e-17,-3.7032137590490847e-19
4.216965034285822e-05,23712.737056616555,0.05623413251903491,4.217223496307443e+31,-133360316503102.02,5.858189456095265e-16,4,0,1,8.612091774109755e-18,-3.7032137590490847e-19
4.216965034285822e-05,23712.737056616555,0.1,4.217223496307443e+31,-133360316503102.02,5.858189456095265e-16,4,0,1,1.4639608556658886e-16,-3.7032137590490847e-19
4.216965034285822e-05,23712.737056616555,0.1778279410038923,4.217223496307443e+31,-133360316503102.02,5.858189456095265e-16,4,0,1,5.824772700735688e-17,-3.7032137590490847e-19
4.216965034285822e-05,23712.737056616555,0.31622776601683794,4.217223496307443e+31,-133360316503102.02,5.858189456095265e-16,4,0,1,2.526622897875524e-17,-3.7032137590490847e-19
4.216965034285822e-05,23712.737056616555,0.5623413251903491,4.217223496307443e+31,-133360316503102.02,5.858189456095265e-16,4,0,1,6.101241278254777e-17,-3.7032137590490847e-19
4.216965034285822e-05,23712.737056616555,1.0,4.217223496307443e+31,-133360316503102.02,5.858189456095265e-16,4,0,1,5.600756458313542e-17,-3.7032137590490847e-19
4.216965034285822e-05,23712.737056616555,1.7782794100389228,4.217223496307443e+31,-133360316503102.02,5.858189456095265e-16,4,0,1,2.681173148834501e-17,-3.7032137590490847e-19
4.216965034285822e-05,23712.737056616555,3.1622776601683795,4.217223496307443e+31,-133360316503102.02,5.858189456095265e-16,4,0,1,1.9600816463697694e-17,-3.7032137590490847e-19
4.216965034285822e-05,23712.737056616555,5.623413251903491,4.217223496307443e+31,-133360316503102.02,5.858189456095265e-16,4,0,1,1.313068643481685e-16,-3.7032137590490847e-19
4.216965034285822e-05,23712.737056616555,10.0,4.217223496307443e+31,-133360316503102.02,5.858189456095265e-16,4,0,1,3.691538526110815e-17,-3.7032137590490847e-19
4.216965034285822e-05,23712.737056616555,17.78279410038923,4.217223496307443e+31,-133360316503102.02,5.858189456095265e-16,4,0,1,1.1087693027006096e-17,-3.7032137590490847e-19
4.216965034285822e-05,23712.737056616555,31.622776601683793,4.217223496307443e+31,-133360316503102.02,5.858189456095265e-16,4,0,1,1.2922424112526106e-16,-3.7032137590490847e-19
4.216965034285822e-05,23712.737056616555,56.23413251903491,4.217223496307443e+31,-133360316503102.02,5.858189456095265e-16,4,0,1,4.2987952421325253e-16,-3.7032137590490847e-19
4.216965034285822e-05,23712.737056616555,100.0,4.217223496307443e+31,-133360316503102.02,5.858189456095265e-16,4,0,1,2.431018165038691e-16,-3.7032137590490847e-19
8.25404185268019e-05,12114.276586285876,0.01,2.1926458718341096e+29,-10177360594772.404,1.727179147904912e-15,4,0,1,5.116269128960774e-16,-1.0499960689600577e-17
8.25404185268019e-05,12114.276586285876,0.01778279410038923,2.1926458718341096e+29,-10177360594772.404,1.727179147904912e-15,4,0,1,2.358109097088774e-16,-1.0499960689600577e-17
8.25404185268019e-05,12114.276586285876,0.03162277660168379,2.1926458718341096e+29,-10177360594772.404,1.727179147904912e-15,4,0,1,9.841269161899319e-17,-1.0499960689600577e-17
8.25404185268019e-05,12114.276586285876,0.05623413251903491,2.1926458718341096e+29,-10177360594772.404,1.727179147904912e-15,4,0,1,2.6336845976671984e-16,-1.0499960689600577e-17
8.25404185268019e-05,12114.276586285876,0.1,2.1926458718341096e+29,-10177360594772.404,1.727179147904912e-15,4,0,1,7.729401986206191e-17,-1.0499960689600577e-17
8.25404185268019e-05,12114.276586285876,0.1778279410038923,2.1926458718341096e+29,-10177360594772.404,1.727179147904912e-15,4,0,1,4.9929331092472725e-17,-1.0499960689600577e-17
8.25404185268019e-05,12114.276586285876,0.31622776601683794,2.1926458718341096e+29,-10177360594772.404,1.727179147904912e-15,4,0,1,7.23589191443606e-17,-1.0499960689600577e-17
8.25404185268019e-05,12114.276586285876,0.5623413251903491,2.1926458718341096e+29,-10177360594772.404,1.727179147904912e-15,4,0,1,2.828869576760998e-16,-1.0499960689600577e-17
8.25404185268019e-05,12114.276586285876,1.0,2.1926458718341096e+29,-10177360594772.404,1.727179147904912e-15,4,0,1,4.56824151332085e-17,-1.0499960689600577e-17
8.25404185268019e-05,12114.276586285876,1.7782794100389228,2.1926458718341096e+29,-10177360594772.404,1.727179147904912e-15,4,0,1,1.9157867669043292e-16,-1.0499960689600577e-17
8.25404185268019e-05,12114.276586285876,3.1622776601683795,2.1926458718341096e+29,-10177360594772.404,1.727179147904912e-15,4,0,1,2.1101043852808137e-16,-1.0499960689600577e-17
8.25404185268019e-05,12114.276586285876,5.623413251903491,2.1926458718341096e+29,-10177360594772.404,1.727179147904912e-15,4,0,1,2.2412691304665173e-16,-1.0499960689600577e-17
8.25404185268019e-05,12114.276586285876,10.0,2.1926458718341096e+29,-10177360594772.404,1.727179147904912e-15,4,0,1,1.917524098568537e-16,-1.0499960689600577e-17
8.25404185268019e-05,12114.276586285876,17.78279410038923,2.1926458718341096e+29,-10177360594772.404,1.727179147904912e-15,4,0,1,2.5474775995576412e-17,-1.0499960689600577e-17
8.25404185268019e-05,12114.276586285876,31.622776601683793,2.1926458718341096e+29,-10177360594772.404,1.727179147904912e-15,4,0,1,2.2214680656338525e-16,-1.0499960689600577e-17
8.25404185268019e-05,12114.276586285876,56.23413251903491,2.1926458718341096e+29,-10177360594772.404,1.727179147904912e-15,4,0,1,3.096469202563933e-17,-1.0499960689600577e-17
8.25404185268019e-05,12114.276586285876,100.0,2.1926458718341096e+29,-10177360594772.404,1.727179147904912e-15,4,0,1,2.595379761912839e-16,-1.0499960689600577e-17
0.00016155980984398745,6188.658188912604,0.01,1.23140496886212e+27,-838946439084.3282,8.730257867229336e-16,4,0,1,5.931062799141993e-17,-2.6931396781840503e-16
0.00016155980984398745,6188.658188912604,0.01778279410038923,1.23140496886212e+27,-838946439084.3282,8.730257867229336e-16,4,0,1,1.210542316932212e-16,-2.6931396781840503e-16
0.00016155980984398745,6188.658188912604,0.03162277660168379,1.23140496886212e+27,-838946439084.3282,8.730257867229336e-16,4,0,1,1.0518712503912837e-16,-2.6931396781840503e-16
0.00016155980984398745,6188.658188912604,0.05623413251903491,1.23140496886212e+27,-838946439084.3282,8.730257867229336e-16,4,0,1,3.277702762914576e-16,-2.6931396781840503e-16
0.00016155980984398745,6188.658188912604,0.1,1.23140496886212e+27,-838946439084.3282,8.730257867229336e-16,4,0,1,1.7839104452896384e-16,-2.6931396781840503e-16
0.00016155980984398745,6188.658188912604,0.1778279410038923,1.23140496886212e+27,-838946439084.3282,8.730257867229336e-16,4,0,1,1.7244337422100087e-18,-2.6931396781840503e-16
0.00016155980984398745,6188.658188912604,0.31622776601683794,1.23140496886212e+27,-838946439084.3282,8.730257867229336e-16,4,0,1,9.08142968666485e-17,-2.6931396781840503e-16
0.00016155980984398745,6188.658188912604,0.5623413251903491,1.23140496886212e+27,-838946439084.3282,8.730257867229336e-16,4,0,1,1.4499773203602932e-16,-2.6931396781840503e-16
0.00016155980984398745,6188.658188912604,1.0,1.23140496886212e+27,-838946439084.3282,8.730257867229336e-16,4,0,1,1.3773959817727741e-17,-2.6931396781840503e-16
0.00016155980984398745,6188.658188912604,1.7782794100389228,1.23140496886212e+27,-838946439084.3282,8.730257867229336e-16,4,0,1,1.25523863256095e-16,-2.6931396781840503e-16
0.00016155980984398745,6188.658188912604,3.1622776601683795,1.23140496886212e+27,-838946439084.3282,8.730257867229336e-16,4,0,1,1.1284506088744754e-16,-2.6931396781840503e-16
0.00016155980984398745,6188.658188912604,5.623413251903491,1.23140496886212e+27,-838946439084.3282,8.730257867229336e-16,4,0,1,1.8860031866042965e-17,-2.6931396781840503e-16
0.00016155980984398745,6188.658188912604,10.0,1.23140496886212e+27,-838946439084.3282,8.730257867229336e-16,4,0,1,4.3206709132837037e-17,-2.6931396781840503e-16
0.00016155980984398745,6188.658188912604,17.78279410038923,1.23140496886212e+27,-838946439084.3282,8.730257867229336e-16,4,0,1,4.099553743400346e-17,-2.6931396781840503e-16
0.00016155980984398745,6188.658188912604,31.622776601683793,1.23140496886212e+27,-838946439084.3282,8.730257867229336e-16,4,0,1,1.3812748191924846e-16,-2.6931396781840503e-16
0.00016155980984398745,6188.658188912604,56.23413251903491,1.23140496886212e+27,-838946439084.3282,8.730257867229336e-16,4,0,1,1.7352330260014644e-16,-2.6931396781840503e-16
0.00016155980984398745,6188.658188912604,100.0,1.23140496886212e+27,-838946439084.3282,8.730257867229336e-16,4,0,1,1.7507540737026025e-17,-2.6931396781840503e-16
0.00031622776601683794,3161.277660168379,0.01,7.656895157663837e+24,-76568951576.6382,2.3913801218334364e-15,4,0,1,2.1708145269310494e-17,-6.051246885347611e-15
0.00031622776601683794,3161.277660168379,0.01778279410038923,7.656895157663837e+24,-76568951576.6382,2.3913801218334364e-15,4,0,1,2.3295351316857626e-16,-6.051246885347611e-15
0.00031622776601683794,3161.277660168379,0.03162277660168379,7.656895157663837e+24,-76568951576.6382,2.3913801218334364e-15,4,0,1,2.2406508199871445e-17,-6.051246885347611e-15
0.00031622776601683794,3161.277660168379,0.05623413251903491,7.656895157663837e+24,-76568951576.6382,2.3913801218334364e-15,4,0,1,2.22205355636037e-17,-6.051246885347611e-15
0.00031622776601683794,3161.277660168379,0.1,7.656895157663837e+24,-76568951576.6382,2.3913801218334364e-15,4,0,1,2.1812079156033982e-16,-6.051246885347611e-15
0.00031622776601683794,3161.277660168379,0.1778279410038923,7.656895157663837e+24,-76568951576.6382,2.3913801218334364e-15,4,0,1,2.238700715121869e-16,-6.051246885347611e-15
0.00031622776601683794,3161.277660168379,0.31622776601683794,7.656895157663837e+24,-76568951576.6382,2.3913801218334364e-15,4,0,1,1.1082206792733827e-16,-6.051246885347611e-15
0.00031622776601683794,3161.277660168379,0.5623413251903491,7.656895157663837e+24,-76568951576.6382,2.3913801218334364e-15,4,0,1,7.832703787716448e-17,-6.051246885347611e-15
0.00031622776601683794,3161.277660168379,1.0,7.656895157663837e+24,-76568951576.6382,2.3913801218334364e-15,4,0,1,1.4194002705991904e-16,-6.051246885347611e-15
0.00031622776601683794,3161.277660168379,1.7782794100389228,7.656895157663837e+24,-76568951576.6382,2.3913801218334364e-15,4,0,1,1.4378831971007365e-16,-6.051246885347611e-15
0.00031622776601683794,3161.277660168379,3.1622776601683795,7.656895157663837e+24,-76568951576.6382,2.3913801218334364e-15,4,0,1,3.854259221164424e-17,-6.051246885347611e-15
0.00031622776601683794,3161.277660168379,5.623413251903491,7.656895157663837e+24,-76568951576.6382,2.3913801218334364e-15,4,0,1,6.278449366602794e-17,-6.051246885347611e-15
0.00031622776601683794,3161.277660168379,10.0,7.656895157663837e+24,-76568951576.6382,2.3913801218334364e-15,4,0,1,2.424964895906417e-16,-6.051246885347611e-15
0.00031622776601683794,3161.277660168379,17.78279410038923,7.656895157663837e+24,-76568951576.6382,2.3913801218334364e-15,4,0,1,1.5270900558887308e-16,-6.051246885347611e-15
0.00031622776601683794,3161.277660168379,31.622776601683793,7.656895157663837e+24,-76568951576.6382,2.3913801218334364e-15,4,0,1,2.1360073918088911e-16,-6.051246885347611e-15
0.00031622776601683794,3161.277660168379,56.23413251903491,7.656895157663837e+24,-76568951576.6382,2.3913801218334364e-15,4,0,1,1.107606134607627e-16,-6.051246885347611e-15
0.00031622776601683794,3161.277660168379,100.0,7.656895157663837e+24,-76568951576.6382,2.3913801218334364e-15,4,0,1,2.13787056476194e-16,-6.051246885347611e-15
0.000618965818891261,1614.598098439873,0.01,5.3176480748127736e+22,-7805239949.682116,2.443677126018631e-16,4,0,1,1.2816607068114238e-16,-1.1776364500550192e-13
0.000618965818891261,1614.598098439873,0.01778279410038923,5.3176480748127736e+22,-7805239949.682116,2.443677126018631e-16,4,0,1,2.0825688442727818e-16,-1.1776364500550192e-13
0.000618965818891261,1614.598098439873,0.03162277660168379,5.3176480748127736e+22,-7805239949.682116,2.443677126018631e-16,4,0,1,2.6374407624521785e-16,-1.1776364500550192e-13
0.000618965818891261,1614.598098439873,0.05623413251903491,5.3176480748127736e+22,-7805239949.682116,2.443677126018631e-16,4,0,1,6.17193039486798e-17,-1.1776364500550192e-13
0.000618965818891261,1614.598098439873,0.1,5.3176480748127736e+22,-7805239949.682116,2.443677126018631e-16,4,0,1,3.9237554302856945e-17,-1.1776364500550192e-13
0.000618965818891261,1614.598098439873,0.1778279410038923,5.3176480748127736e+22,-7805239949.682116,2.443677126018631e-16,4,0,1,3.433615548948065e-16,-1.1776364500550192e-13
0.000618965818891261,1614.598098439873,0.31622776601683794,5.3176480748127736e+22,-7805239949.682116,2.443677126018631e-16,4,0,1,3.410074798483619e-16,-1.1776364500550192e-13
0.000618965818891261,1614.598098439873,0.5623413251903491,5.3176480748127736e+22,-7805239949.682116,2.443677126018631e-16,4,0,1,2.8406406885400504e-17,-1.1776364500550192e-13
0.000618965818891261,1614.598098439873,1.0,5.3176480748127736e+22,-7805239949.682116,2.443677126018631e-16,4,0,1,2.3244984665040956e-16,-1.1776364500550192e-13
0.000618965818891261,1614.598098439873,1.7782794100389228,5.3176480748127736e+22,-7805239949.682116,2.443677126018631e-16,4,0,1,1.2645359923367974e-16,-1.1776364500550192e-13
0.000618965818891261,1614.598098439873,3.1622776601683795,5.3176480748127736e+22,-7805239949.682116,2.443677126018631e-16,4,0,1,6.02626428291449e-17,-1.1776364500550192e-13
0.000618965818891261,1614.598098439873,5.623413251903491,5.3176480748127736e+22,-7805239949.682116,2.443677126018631e-16,4,0,1,4.111428087869442e-16,-1.1776364500550192e-13
0.000618965818891261,1614.598098439873,10.0,5.3176480748127736e+22,-7805239949.682116,2.443677126018631e-16,4,0,1,5.869419990563958e-17,-1.1776364500550192e-13
0.000618965818891261,1614.598098439873,17.78279410038923,5.3176480748127736e+22,-7805239949.682116,2.443677126018631e-16,4,0,1,2.4256438647686224e-16,-1.1776364500550192e-13
0.000618965818891261,1614.598098439873,31.622776601683793,5.3176480748127736e+22,-7805239949.682116,2.443677126018631e-16,4,0,1,6.310293191908127e-16,-1.1776364500550192e-13
0.000618965818891261,1614.598098439873,56.23413251903491,5.3176480748127736e+22,-7805239949.682116,2.443677126018631e-16,4,0,1,9.820991447358345e-17,-1.1776364500550192e-13
0.000618965818891261,1614.598098439873,100.0,5.3176480748127736e+22,-7805239949.682116,2.443677126018631e-16,4,0,1,3.366798319662858e-16,-1.1776364500550192e-13
0.00121152765862859,824.4041852680174,0.01,4.070524589560547e+20,-876967938.2377098,1.6312015664837508e-15,4,0,1,2.5217230128402174e-16,-2.0194565121607424e-12
0.00121152765862859,824.4041852680174,0.01778279410038923,4.070524589560547e+20,-876967938.2377098,1.6312015664837508e-15,4,0,1,2.508078323874776e-16,-2.0194565121607424e-12
0.00121152765862859,824.4041852680174,0.03162277660168379,4.070524589560547e+20,-876967938.2377098,1.6312015664837508e-15,4,0,1,2.2912256842384906e-17,-2.0194565121607424e-12
0.00121152765862859,824.4041852680174,0.05623413251903491,4.070524589560547e+20,-876967938.2377098,1.6312015664837508e-15,4,0,1,2.355354097886841e-16,-2.0194565121607424e-12
0.00121152765862859,824.4041852680174,0.1,4.070524589560547e+20,-876967938.2377098,1.6312015664837508e-15,4,0,1,2.148517419021636e-16,-2.0194565121607424e-12
0.00121152765862859,824.4041852680174,0.1778279410038923,4.070524589560547e+20,-876967938.2377098,1.6312015664837508e-15,4,0,1,5.1927079081340564e-17,-2.0194565121607424e-12
0.00121152765862859,824.4041852680174,0.31622776601683794,4.070524589560547e+20,-876967938.2377098,1.6312015664837508e-15,4,0,1,2.409675901710064e-16,-2.0194565121607424e-12
0.00121152765862859,824.4041852680174,0.5623413251903491,4.070524589560547e+20,-876967938.2377098,1.6312015664837508e-15,4,0,1,1.6082326977861405e-16,-2.0194565121607424e-12
0.00121152765862859,824.4041852680174,1.0,4.070524589560547e+20,-876967938.2377098,1.6312015664837508e-15,4,0,1,2.531637406493275e-16,-2.0194565121607424e-12
0.00121152765862859,824.4041852680174,1.7782794100389228,4.070524589560547e+20,-876967938.2377098,1.6312015664837508e-15,4,0,1,1.0619809221808245e-16,-2.0194565121607424e-12
0.00121152765862859,824.4041852680174,3.1622776601683795,4.070524589560547e+20,-876967938.2377098,1.6312015664837508e-15,4,0,1,6.96149472921634e-17,-2.0194565121607424e-12
0.00121152765862859,824.4041852680174,5.623413251903491,4.070524589560547e+20,-876967938.2377098,1.6312015664837508e-15,4,0,1,1.503328955623144e-16,-2.0194565121607424e-12
0.00121152765862859,824.4041852680174,10.0,4.070524589560547e+20,-876967938.2377098,1.6312015664837508e-15,4,0,1,1.7342779246454738e-16,-2.0194565121607424e-12
0.00121152765862859,824.4041852680174,17.78279410038923,4.070524589560547e+20,-876967938.2377098,1.6312015664837508e-15,4,0,1,2.4788968302214617e-16,-2.0194565121607424e-12
0.00121152765862859,824.4041852680174,31.622776601683793,4.070524589560547e+20,-876967938.2377098,1.6312015664837508e-15,4,0,1,6.214616814560708e-17,-2.0194565121607424e-12
0.00121152765862859,824.4041852680174,56.23413251903491,4.070524589560547e+20,-876967938.2377098,1.6312015664837508e-15,4,0,1,9.782566660567899e-17,-2.0194565121607424e-12
0.00121152765862859,824.4041852680174,100.0,4.070524589560547e+20,-876967938.2377098,1.6312015664837508e-15,4,0,1,9.885938380950737e-16,-2.0194565121607424e-12
0.0023713737056616554,420.6965034285822,0.01,3.3450804655962117e+18,-105780732.27820535,8.452103255245372e-16,4,0,1,2.307606459552371e-16,-3.157799727924196e-11
0.0023713737056616554,420.6965034285822,0.01778279410038923,3.3450804655962117e+18,-105780732.27820535,8.452103255245372e-16,4,0,1,4.1683570602259075e-16,-3.157799727924196e-11
0.0023713737056616554,420.6965034285822,0.03162277660168379,3.3450804655962117e+18,-105780732.27820535,8.452103255245372e-16,4,0,1,9.600159230930259e-17,-3.157799727924196e-11
0.0023713737056616554,420.6965034285822,0.05623413251903491,3.3450804655962117e+18,-105780732.27820535,8.452103255245372e-16,4,0,1,4.120546255089635e-17,-3.157799727924196e-11
0.0023713737056616554,420.6965034285822,0.1,3.3450804655962117e+18,-105780732.27820535,8.452103255245372e-16,4,0,1,2.08672271058246e-16,-3.157799727924196e-11
0.0023713737056616554,420.6965034285822,0.1778279410038923,3.3450804655962117e+18,-105780732.27820535,8.452103255245372e-16,4,0,1,1.0937554019946791e-16,-3.157799727924196e-11
0.0023713737056616554,420.6965034285822,0.31622776601683794,3.3450804655962117e+18,-105780732.27820535,8.452103255245372e-16,4,0,1,3.376714994900664e-16,-3.157799727924196e-11
0.0023713737056616554,420.6965034285822,0.5623413251903491,3.3450804655962117e+18,-105780732.27820535,8.452103255245372e-16,4,0,1,7.567934590505829e-17,-3.157799727924196e-11
0.0023713737056616554,420.6965034285822,1.0,3.3450804655962117e+18,-105780732.27820535,8.452103255245372e-16,4,0,1,3.3733128441879215e-16,-3.157799727924196e-11
0.0023713737056616554,420.6965034285822,1.7782794100389228,3.3450804655962117e+18,-105780732.27820535,8.452103255245372e-16,4,0,1,3.0351775164149336e-17,-3.157799727924196e-11
0.0023713737056616554,420.6965034285822,3.1622776601683795,3.3450804655962117e+18,-105780732.27820535,8.452103255245372e-16,4,0,1,3.573868282630857e-16,-3.157799727924196e-11
0.0023713737056616554,420.6965034285822,5.623413251903491,3.3450804655962117e+18,-105780732.27820535,8.452103255245372e-16,4,0,1,1.5625475010087348e-16,-3.157799727924196e-11
0.0023713737056616554,420.6965034285822,10.0,3.3450804655962117e+18,-105780732.27820535,8.452103255245372e-16,4,0,1,1.2186426339165152e-16,-3.157799727924196e-11
0.0023713737056616554,420.6965034285822,17.78279410038923,3.3450804655962117e+18,-105780732.27820535,8.452103255245372e-16,4,0,1,5.559432739519178e-16,-3.157799727924196e-11
0.0023713737056616554,420.6965034285822,31.622776601683793,3.3450804655962117e+18,-105780732.27820535,8.452103255245372e-16,4,0,1,9.66698729540791e-18,-3.157799727924196e-11
0.0023713737056616554,420.6965034285822,56.23413251903491,3.3450804655962117e+18,-105780732.27820535,8.452103255245372e-16,4,0,1,1.4792382107145854e-16,-3.157799727924196e-11
0.0023713737056616554,420.6965034285822,100.0,3.3450804655962117e+18,-105780732.27820535,8.452103255245372e-16,4,0,1,4.531753179349134e-17,-3.157799727924196e-11
0.004641588833612782,214.4434690031882,0.01,2.8751907695568964e+16,-13345453.370481825,2.9310018212170903e-15,4,0,1,1.9573950123274413e-16,-4.657776907249141e-10
0.004641588833612782,214.4434690031882,0.01778279410038923,2.8751907695568964e+16,-13345453.370481825,2.9310018212170903e-15,4,0,1,2.5670765124905757e-16,-4.657776907249141e-10
0.004641588833612782,214.4434690031882,0.03162277660168379,2.8751907695568964e+16,-13345453.370481825,2.9310018212170903e-15,4,0,1,2.70170692815192e-16,-4.657776907249141e-10
0.004641588833612782,214.4434690031882,0.05623413251903491,2.8751907695568964e+16,-13345453.370481825,2.9310018212170903e-15,4,0,1,3.3518814736490423e-16,-4.657776907249141e-10
0.004641588833612782,214.4434690031882,0.1,2.8751907695568964e+16,-13345453.370481825,2.9310018212170903e-15,4,0,1,9.057440707309617e-18,-4.657776907249141e-10
0.004641588833612782,214.4434690031882,0.1778279410038923,2.8751907695568964e+16,-13345453.370481825,2.9310018212170903e-15,4,0,1,6.806084773884096e-17,-4.657776907249141e-10
0.004641588833612782,214.4434690031882,0.31622776601683794,2.8751907695568964e+16,-13345453.370481825,2.9310018212170903e-15,4,0,1,1.8849530951821635e-16,-4.657776907249141e-10
0.004641588833612782,214.4434690031882,0.5623413251903491,2.8751907695568964e+16,-13345453.370481825,2.9310018212170903e-15,4,0,1,7.131683070652734e-17,-4.657776907249141e-10
0.004641588833612782,214.4434690031882,1.0,2.8751907695568964e+16,-13345453.370481825,2.9310018212170903e-15,4,0,1,2.6400250223590547e-17,-4.657776907249141e-10
0.004641588833612782,214.4434690031882,1.7782794100389228,2.8751907695568964e+16,-13345453.370481825,2.9310018212170903e-15,4,0,1,1.171575780638522e-16,-4.657776907249141e-10
0.004641588833612782,214.4434690031882,3.1622776601683795,2.8751907695568964e+16,-13345453.370481825,2.9310018212170903e-15,4,0,1,2.228865913864247e-16,-4.657776907249141e-10
0.004641588833612782,214.4434690031882,5.623413251903491,2.8751907695568964e+16,-13345453.370481825,2.9310018212170903e-15,4,0,1,2.581326477501233e-16,-4.657776907249141e-10
0.004641588833612782,214.4434690031882,10.0,2.8751907695568964e+16,-13345453.370481825,2.9310018212170903e-15,4,0,1,3.160406323092244e-16,-4.657776907249141e-10
0.004641588833612782,214.4434690031882,17.78279410038923,2.8751907695568964e+16,-13345453.370481825,2.9310018212170903e-15,4,0,1,4.770290988872117e-16,-4.657776907249141e-10
0.004641588833612782,214.4434690031882,31.622776601683793,2.8751907695568964e+16,-13345453.370481825,2.9310018212170903e-15,4,0,1,2.702714303212292e-16,-4.657776907249141e-10
0.004641588833612782,214.4434690031882,56.23413251903491,2.8751907695568964e+16,-13345453.370481825,2.9310018212170903e-15,4,0,1,1.0599598753984207e-15,-4.657776907249141e-10
0.004641588833612782,214.4434690031882,100.0,2.8751907695568964e+16,-13345453.370481825,2.9310018212170903e-15,4,0,1,2.748639069843076e-15,-4.657776907249141e-10
0.00908517575651688,109.06941712522081,0.01,253611403507731.53,-1727834.378324768,0.0,4,0,1,1.4011699479027373e-16,-6.642837291278519e-09
0.00908517575651688,109.06941712522081,0.01778279410038923,253611403507731.53,-1727834.378324768,0.0,4,0,1,2.222351055826814e-16,-6.642837291278519e-09
0.00908517575651688,109.06941712522081,0.03162277660168379,253611403507731.53,-1727834.378324768,0.0,4,0,1,2.0264078182083167e-16,-6.642837291278519e-09
0.00908517575651688,109.06941712522081,0.05623413251903491,253611403507731.53,-1727834.378324768,0.0,4,0,1,1.3679048543741042e-16,-6.642837291278519e-09
0.00908517575651688,109.06941712522081,0.1,253611403507731.53,-1727834.378324768,0.0,4,0,1,1.943650975431588e-17,-6.642837291278519e-09
0.00908517575651688,109.06941712522081,0.1778279410038923,253611403507731.53,-1727834.378324768,0.0,4,0,1,7.928530326654266e-17,-6.642837291278519e-09
0.00908517575651688,109.06941712522081,0.31622776601683794,253611403507731.53,-1727834.378324768,0.0,4,0,1,9.695520968144059e-17,-6.642837291278519e-09
0.00908517575651688,109.06941712522081,0.5623413251903491,253611403507731.53,-1727834.378324768,0.0,4,0,1,9.566520776565327e-17,-6.642837291278519e-09
0.00908517575651688,109.06941712522081,1.0,253611403507731.53,-1727834.378324768,0.0,4,0,1,1.0435783308579862e-16,-6.642837291278519e-09
0.00908517575651688,109.06941712522081,1.7782794100389228,253611403507731.53,-1727834.378324768,0.0,4,0,1,1.1992535924474125e-16,-6.642837291278519e-09
0.00908517575651688,109.06941712522081,3.1622776601683795,253611403507731.53,-1727834.378324768,0.0,4,0,1,1.1504921965863763e-16,-6.642837291278519e-09
0.00908517575651688,109.06941712522081,5.623413251903491,253611403507731.53,-1727834.378324768,0.0,4,0,1,2.778089593774816e-16,-6.642837291278519e-09
0.00908517575651688,109.06941712522081,10.0,253611403507731.53,-1727834.378324768,0.0,4,0,1,1.4502036809203298e-16,-6.642837291278519e-09
0.00908517575651688,109.06941712522081,17.78279410038923,253611403507731.53,-1727834.378324768,0.0,4,0,1,1.0083514998030481e-16,-6.642837291278519e-09
0.00908517575651688,109.06941712522081,31.622776601683793,253611403507731.53,-1727834.378324768,0.0,4,0,1,4.234651840535887e-16,-6.642837291278519e-09
0.00908517575651688,109.06941712522081,56.23413251903491,253611403507731.53,-1727834.378324768,0.0,4,0,1,5.865434020056172e-17,-6.642837291278519e-09
0.00908517575651688,109.06941712522081,100.0,253611403507731.53,-1727834.378324768,0.0,4,0,1,3.434916926041352e-15,-6.642837291278519e-09
0.01778279410038923,55.2341325190349,0.01,2268879234790.636,-226887.92347906364,1.2827403949253953e-16,4,0,1,2.4681571874762175e-16,-9.300856528536075e-08
0.01778279410038923,55.2341325190349,0.01778279410038923,2268879234790.636,-226887.92347906364,1.2827403949253953e-16,4,0,1,1.1260594553227772e-17,-9.300856528536075e-08
0.01778279410038923,55.2341325190349,0.03162277660168379,2268879234790.636,-226887.92347906364,1.2827403949253953e-16,4,0,1,4.308350930008612e-18,-9.300856528536075e-08
0.01778279410038923,55.2341325190349,0.05623413251903491,2268879234790.636,-226887.92347906364,1.2827403949253953e-16,4,0,1,3.086760724056855e-16,-9.300856528536075e-08
0.01778279410038923,55.2341325190349,0.1,2268879234790.636,-226887.92347906364,1.2827403949253953e-16,4,0,1,4.198380428207599e-17,-9.300856528536075e-08
0.01778279410038923,55.2341325190349,0.1778279410038923,2268879234790.636,-226887.92347906364,1.2827403949253953e-16,4,0,1,3.7183167882043277e-16,-9.300856528536075e-08
0.01778279410038923,55.2341325190349,0.31622776601683794,2268879234790.636,-226887.92347906364,1.2827403949253953e-16,4,0,1,5.593647002746059e-16,-9.300856528536075e-08
0.01778279410038923,55.2341325190349,0.5623413251903491,2268879234790.636,-226887.92347906364,1.2827403949253953e-16,4,0,1,2.63984121676198e-16,-9.300856528536075e-08
0.01778279410038923,55.2341325190349,1.0,2268879234790.636,-226887.92347906364,1.2827403949253953e-16,4,0,1,7.841248351500636e-17,-9.300856528536075e-08
0.01778279410038923,55.2341325190349,1.7782794100389228,2268879234790.636,-226887.92347906364,1.2827403949253953e-16,4,0,1,7.279020916436504e-17,-9.300856528536075e-08
0.01778279410038923,55.2341325190349,3.1622776601683795,2268879234790.636,-226887.92347906364,1.2827403949253953e-16,4,0,1,5.600821626054052e-17,-9.300856528536075e-08
0.01778279410038923,55.2341325190349,5.623413251903491,2268879234790.636,-226887.92347906364,1.2827403949253953e-16,4,0,1,2.5598365166269037e-16,-9.300856528536075e-08
0.01778279410038923,55.2341325190349,10.0,2268879234790.636,-226887.92347906364,1.2827403949253953e-16,4,0,1,2.695629942826225e-16,-9.300856528536075e-08
0.01778279410038923,55.2341325190349,17.78279410038923,2268879234790.636,-226887.92347906364,1.2827403949253953e-16,4,0,1,7.136885032255477e-16,-9.300856528536075e-08
0.01778279410038923,55.2341325190349,31.622776601683793,2268879234790.636,-226887.92347906364,1.2827403949253953e-16,4,0,1,6.832197738930063e-16,-9.300856528536075e-08
0.01778279410038923,55.2341325190349,56.23413251903491,2268879234790.636,-226887.92347906364,1.2827403949253953e-16,4,0,1,1.7281085927693465e-15,-9.300856528536075e-08
0.01778279410038923,55.2341325190349,100.0,2268879234790.636,-226887.92347906364,1.2827403949253953e-16,4,0,1,1.4722297135615573e-14,-9.300856528536075e-08
0.034807005884284134,27.729848333536623,0.01,20452992350.408955,-30020.887192610127,6.059079439842849e-16,4,0,1,1.2596447188003857e-16,-1.289089481979799e-06
0.034807005884284134,27.729848333536623,0.01778279410038923,20452992350.408955,-30020.887192610127,6.059079439842849e-16,4,0,1,3.1074324481367037e-17,-1.289089481979799e-06
0.034807005884284134,27.729848333536623,0.03162277660168379,20452992350.408955,-30020.887192610127,6.059079439842849e-16,4,0,1,3.889532150425107e-17,-1.289089481979799e-06
0.034807005884284134,27.729848333536623,0.05623413251903491,20452992350.408955,-30020.887192610127,6.059079439842849e-16,4,0,1,5.918295402833398e-17,-1.289089481979799e-06
0.034807005884284134,27.729848333536623,0.1,20452992350.408955,-30020.887192610127,6.059079439842849e-16,4,0,1,5.134033581966148e-16,-1.289089481979799e-06
0.034807005884284134,27.729848333536623,0.1778279410038923,20452992350.408955,-30020.887192610127,6.059079439842849e-16,4,0,1,3.6472029952460705e-17,-1.289089481979799e-06
0.034807005884284134,27.729848333536623,0.31622776601683794,20452992350.408955,-30020.887192610127,6.059079439842849e-16,4,0,1,2.4520272790930068e-17,-1.289089481979799e-06
0.034807005884284134,27.729848333536623,0.5623413251903491,20452992350.408955,-30020.887192610127,6.059079439842849e-16,4,0,1,2.988103464971902e-16,-1.289089481979799e-06
0.034807005884284134,27.729848333536623,1.0,20452992350.408955,-30020.887192610127,6.059079439842849e-16,4,0,1,4.1624348415408355e-16,-1.289089481979799e-06
0.034807005884284134,27.729848333536623,1.7782794100389228,20452992350.408955,-30020.887192610127,6.059079439842849e-16,4,0,1,7.279049973048826e-17,-1.289089481979799e-06
0.034807005884284134,27.729848333536623,3.1622776601683795,20452992350.408955,-30020.887192610127,6.059079439842849e-16,4,0,1,4.705807893466273e-16,-1.289089481979799e-06
0.034807005884284134,27.729848333536623,5.623413251903491,20452992350.408955,-30020.887192610127,6.059079439842849e-16,4,0,1,2.204756915153364e-16,-1.289089481979799e-06
0.034807005884284134,27.729848333536623,10.0,20452992350.408955,-30020.887192610127,6.059079439842849e-16,4,0,1,9.734646389527668e-17,-1.289089481979799e-06
0.034807005884284134,27.729848333536623,17.78279410038923,20452992350.408955,-30020.887192610127,6.059079439842849e-16,4,0,1,1.6642805280509812e-16,-1.289089481979799e-06
0.034807005884284134,27.729848333536623,31.622776601683793,20452992350.408955,-30020.887192610127,6.059079439842849e-16,4,0,1,2.089498824570926e-16,-1.289089481979799e-06
0.034807005884284134,27.729848333536623,56.23413251903491,20452992350.408955,-30020.887192610127,6.059079439842849e-16,4,0,1,3.1955165581996144e-15,-1.289089481979799e-06
0.034807005884284134,27.729848333536623,100.0,20452992350.408955,-30020.887192610127,6.059079439842849e-16,4,0,1,3.212098642759646e-15,-1.289089481979799e-06
0.06812920690579623,13.677992676220674,0.01,185227068.49654105,-3990.596219018621,3.418642172208769e-16,4,0,1,1.90113572253363e-16,-1.7736247171086147e-05
0.06812920690579623,13.677992676220674,0.01778279410038923,185227068.49654105,-3990.596219018621,3.418642172208769e-16,4,0,1,2.430210392486478e-16,-1.7736247171086147e-05
0.06812920690579623,13.677992676220674,0.03162277660168379,185227068.49654105,-3990.596219018621,3.418642172208769e-16,4,0,1,4.164333576324902e-17,-1.7736247171086147e-05
0.06812920690579623,13.677992676220674,0.05623413251903491,185227068.49654105,-3990.596219018621,3.418642172208769e-16,4,0,1,1.4012241142108103e-17,-1.7736247171086147e-05
0.06812920690579623,13.677992676220674,0.1,185227068.49654105,-3990.596219018621,3.418642172208769e-16,4,0,1,3.9877982200256865e-16,-1.7736247171086147e-05
0.06812920690579623,13.677992676220674,0.1778279410038923,185227068.49654105,-3990.596219018621,3.418642172208769e-16,4,0,1,1.868476651259694e-16,-1.7736247171086147e-05
0.06812920690579623,13.677992676220674,0.31622776601683794,185227068.49654105,-3990.596219018621,3.418642172208769e-16,4,0,1,2.1917665961916959e-16,-1.7736247171086147e-05
0.06812920690579623,13.677992676220674,0.5623413251903491,185227068.49654105,-3990.596219018621,3.418642172208769e-16,4,0,1,4.04547629803053e-17,-1.7736247171086147e-05
0.06812920690579623,13.677992676220674,1.0,185227068.49654105,-3990.596219018621,3.418642172208769e-16,4,0,1,2.6970770141734927e-16,-1.7736247171086147e-05
0.06812920690579623,13.677992676220674,1.7782794100389228,185227068.49654105,-3990.596219018621,3.418642172208769e-16,4,0,1,4.214651320103528e-17,-1.7736247171086147e-05
0.06812920690579623,13.677992676220674,3.1622776601683795,185227068.49654105,-3990.596219018621,3.418642172208769e-16,4,0,1,2.440138997683833e-16,-1.7736247171086147e-05
0.06812920690579623,13.677992676220674,5.623413251903491,185227068.49654105,-3990.596219018621,3.418642172208769e-16,4,0,1,2.4520893594495426e-17,-1.7736247171086147e-05
0.06812920690579623,13.677992676220674,10.0,185227068.49654105,-3990.596219018621,3.418642172208769e-16,4,0,1,1.9452312980904382e-16,-1.7736247171086147e-05
0.06812920690579623,13.677992676220674,17.78279410038923,185227068.49654105,-3990.596219018621,3.418642172208769e-16,4,0,1,8.69088360460547e-16,-1.7736247171086147e-05
0.06812920690579623,13.677992676220674,31.622776601683793,185227068.49654105,-3990.596219018621,3.418642172208769e-16,4,0,1,1.1798104096741078e-15,-1.7736247171086147e-05
0.06812920690579623,13.677992676220674,56.23413251903491,185227068.49654105,-3990.596219018621,3.418642172208769e-16,4,0,1,6.148729396706849e-16,-1.7736247171086147e-05
0.06812920690579623,13.677992676220674,100.0,185227068.49654105,-3990.596219018621,3.418642172208769e-16,4,0,1,1.1045856254325229e-14,-1.7736247171086147e-05
0.1333521432163324,6.498942093324558,0.01,1687007.2537607488,-533.4785351109621,6.393144067059947e-16,4,0,1,1.855774199585746e-16,-0.0002406368030925259
0.1333521432163324,6.498942093324558,0.01778279410038923,1687007.2537607488,-533.4785351109621,6.393144067059947e-16,4,0,1,1.857503695362449e-16,-0.0002406368030925259
0.1333521432163324,6.498942093324558,0.03162277660168379,1687007.2537607488,-533.4785351109621,6.393144067059947e-16,4,0,1,9.321847834374709e-17,-0.0002406368030925259
0.1333521432163324,6.498942093324558,0.05623413251903491,1687007.2537607488,-533.4785351109621,6.393144067059947e-16,4,0,1,1.6430910975858015e-17,-0.0002406368030925259
0.1333521432163324,6.498942093324558,0.1,1687007.2537607488,-533.4785351109621,6.393144067059947e-16,4,0,1,8.824329874054787e-17,-0.0002406368030925259
0.1333521432163324,6.498942093324558,0.1778279410038923,1687007.2537607488,-533.4785351109621,6.393144067059947e-16,4,0,1,2.388167532686998e-16,-0.0002406368030925259
0.1333521432163324,6.498942093324558,0.31622776601683794,1687007.2537607488,-533.4785351109621,6.393144067059947e-16,4,0,1,1.8658619190153623e-16,-0.0002406368030925259
0.1333521432163324,6.498942093324558,0.5623413251903491,1687007.2537607488,-533.4785351109621,6.393144067059947e-16,4,0,1,4.4092670934395196e-16,-0.0002406368030925259
0.1333521432163324,6.498942093324558,1.0,1687007.2537607488,-533.4785351109621,6.393144067059947e-16,4,0,1,7.02898967211519e-17,-0.0002406368030925259
0.1333521432163324,6.498942093324558,1.7782794100389228,1687007.2537607488,-533.4785351109621,6.393144067059947e-16,4,0,1,1.203900630159971e-16,-0.0002406368030925259
0.1333521432163324,6.498942093324558,3.1622776601683795,1687007.2537607488,-533.4785351109621,6.393144067059947e-16,4,0,1,4.0952664624824733e-16,-0.0002406368030925259
0.1333521432163324,6.498942093324558,5.623413251903491,1687007.2537607488,-533.4785351109621,6.393144067059947e-16,4,0,1,3.110113729816496e-16,-0.0002406368030925259
0.1333521432163324,6.498942093324558,10.0,1687007.2537607488,-533.4785351109621,6.393144067059947e-16,4,0,1,1.52654339204246e-15,-0.0002406368030925259
0.1333521432163324,6.498942093324558,17.78279410038923,1687007.2537607488,-533.4785351109621,6.393144067059947e-16,4,0,1,2.545585213271087e-15,-0.0002406368030925259
0.1333521432163324,6.498942093324558,31.622776601683793,1687007.2537607488,-533.4785351109621,6.393144067059947e-16,4,0,1,1.6280644744976474e-14,-0.0002406368030925259
0.1333521432163324,6.498942093324558,56.23413251903491,1687007.2537607488,-533.4785351109621,6.393144067059947e-16,4,0,1,2.2047582909172087e-14,-0.0002406368030925259
0.1333521432163324,6.498942093324558,100.0,1687007.2537607488,-533.4785351109621,6.393144067059947e-16,4,0,1,1.6069201199561564e-13,-0.0002406368030925259
0.26101572156825387,2.8311868495572847,0.01,15670.336228699009,-72.7352576580873,0.0,4,0,1,3.685828318003976e-18,-0.0030835084855914473
0.26101572156825387,2.8311868495572847,0.01778279410038923,15670.336228699009,-72.7352576580873,0.0,4,0,1,1.4660409679485665e-16,-0.0030835084855914473
0.26101572156825387,2.8311868495572847,0.03162277660168379,15670.336228699009,-72.7352576580873,0.0,4,0,1,2.328534204739902e-16,-0.0030835084855914473
0.26101572156825387,2.8311868495572847,0.05623413251903491,15670.336228699009,-72.7352576580873,0.0,4,0,1,3.1736850226668235e-16,-0.0030835084855914473
0.26101572156825387,2.8311868495572847,0.1,15670.336228699009,-72.7352576580873,0.0,4,0,1,2.1850539417967495e-16,-0.0030835084855914473
0.26101572156825387,2.8311868495572847,0.1778279410038923,15670.336228699009,-72.7352576580873,0.0,4,0,1,2.1102424513572963e-17,-0.0030835084855914473
0.26101572156825387,2.8311868495572847,0.31622776601683794,15670.336228699009,-72.7352576580873,0.0,4,0,1,1.1771605846114424e-17,-0.0030835084855914473
0.26101572156825387,2.8311868495572847,0.5623413251903491,15670.336228699009,-72.7352576580873,0.0,4,0,1,1.971887785339153e-17,-0.0030835084855914473
0.26101572156825387,2.8311868495572847,1.0,15670.336228699009,-72.7352576580873,0.0,4,0,1,2.0851262809033445e-16,-0.0030835084855914473
0.26101572156825387,2.8311868495572847,1.7782794100389228,15670.336228699009,-72.7352576580873,0.0,4,0,1,1.5908667890725892e-16,-0.0030835084855914473
0.26101572156825387,2.8311868495572847,3.1622776601683795,15670.336228699009,-72.7352576580873,0.0,4,0,1,1.597124318274877e-16,-0.0030835084855914473
0.26101572156825387,2.8311868495572847,5.623413251903491,15670.336228699009,-72.7352576580873,0.0,4,0,1,8.068031977114676e-16,-0.0030835084855914473
0.26101572156825387,2.8311868495572847,10.0,15670.336228699009,-72.7352576580873,0.0,4,0,1,2.467097978499483e-15,-0.0030835084855914473
0.26101572156825387,2.8311868495572847,17.78279410038923,15670.336228699009,-72.7352576580873,0.0,4,0,1,8.155938927472983e-15,-0.0030835084855914473
0.26101572156825387,2.8311868495572847,31.622776601683793,15670.336228699009,-72.7352576580873,0.0,4,0,1,2.7328680532481695e-14,-0.0030835084855914473
0.26101572156825387,2.8311868495572847,56.23413251903491,15670.336228699009,-72.7352576580873,0.0,4,0,1,3.399326655248472e-14,-0.0030835084855914473
0.26101572156825387,2.8311868495572847,100.0,15670.336228699009,-72.7352576580873,0.0,4,0,1,1.9440342052020389e-13,-0.0030835084855914473
0.5108969774506935,0.9573417814876575,0.01,160.42447635473886,-10.929592342326067,1.625272730915233e-16,4,0,1,3.440984881936052e-17,-0.030760520386956276
0.5108969774506935,0.9573417814876575,0.01778279410038923,160.42447635473886,-10.929592342326067,1.625272730915233e-16,4,0,1,3.387145549337038e-16,-0.030760520386956276
0.5108969774506935,0.9573417814876575,0.03162277660168379,160.42447635473886,-10.929592342326067,1.625272730915233e-16,4,0,1,4.061580807434825e-17,-0.030760520386956276
0.5108969774506935,0.9573417814876575,0.05623413251903491,160.42447635473886,-10.929592342326067,1.625272730915233e-16,4,0,1,1.493254153471632e-17,-0.030760520386956276
0.5108969774506935,0.9573417814876575,0.1,160.42447635473886,-10.929592342326067,1.625272730915233e-16,4,0,1,2.6216960734429342e-17,-0.030760520386956276
0.5108969774506935,0.9573417814876575,0.1778279410038923,160.42447635473886,-10.929592342326067,1.625272730915233e-16,4,0,1,5.828010568586402e-17,-0.030760520386956276
0.5108969774506935,0.9573417814876575,0.31622776601683794,160.42447635473886,-10.929592342326067,1.625272730915233e-16,4,0,1,8.056427047949251e-17,-0.030760520386956276
0.5108969774506935,0.9573417814876575,0.5623413251903491,160.42447635473886,-10.929592342326067,1.625272730915233e-16,4,0,1,4.0870030313488775e-17,-0.030760520386956276
0.5108969774506935,0.9573417814876575,1.0,160.42447635473886,-10.929592342326067,1.625272730915233e-16,4,0,1,8.555616046921215e-17,-0.030760520386956276
0.5108969774506935,0.9573417814876575,1.7782794100389228,160.42447635473886,-10.929592342326067,1.625272730915233e-16,4,0,1,2.0739108238026002e-16,-0.030760520386956276
0.5108969774506935,0.9573417814876575,3.1622776601683795,160.42447635473886,-10.929592342326067,1.625272730915233e-16,4,0,1,7.93090537813755e-17,-0.030760520386956276
0.5108969774506935,0.9573417814876575,5.623413251903491,160.42447635473886,-10.929592342326067,1.625272730915233e-16,4,0,1,4.640605182290293e-16,-0.030760520386956276
0.5108969774506935,0.9573417814876575,10.0,160.42447635473886,-10.929592342326067,1.625272730915233e-16,4,0,1,1.3770067680668447e-15,-0.030760520386956276
0.5108969774506935,0.9573417814876575,17.78279410038923,160.42447635473886,-10.929592342326067,1.625272730915233e-16,4,0,1,5.380962170184775e-15,-0.030760520386956276
0.5108969774506935,0.9573417814876575,31.622776601683793,160.42447635473886,-10.929592342326067,1.625272730915233e-16,4,0,1,1.3429462291779478e-14,-0.030760520386956276
0.5108969774506935,0.9573417814876575,56.23413251903491,160.42447635473886,-10.929592342326067,1.625272730915233e-16,4,0,1,3.5539383699588625e-14,-0.030760520386956276
0.5108969774506935,0.9573417814876575,100.0,160.42447635473886,-10.929592342326067,1.625272730915233e-16,4,0,1,1.5584980919647603e-13,-0.030760520386956276
1.0,0.0,0.01,2.5403541196264574,-2.540354119626457,1.748138995343543e-16,4,0,1,1.7864234203830695e-16,-0.14074578428692677
1.0,0.0,0.01778279410038923,2.5403541196264574,-2.540354119626457,1.748138995343543e-16,4,0,1,1.4818060579777455e-16,-0.14074578428692677
1.0,0.0,0.03162277660168379,2.5403541196264574,-2.540354119626457,1.748138995343543e-16,4,0,1,9.734660177332162e-17,-0.14074578428692677
1.0,0.0,0.05623413251903491,2.5403541196264574,-2.540354119626457,1.748138995343543e-16,4,0,1,4.1070177228415565e-17,-0.14074578428692677
1.0,0.0,0.1,2.5403541196264574,-2.540354119626457,1.748138995343543e-16,4,0,1,8.635359817217205e-17,-0.14074578428692677
1.0,0.0,0.1778279410038923,2.5403541196264574,-2.540354119626457,1.748138995343543e-16,4,0,1,2.3773167504457806e-17,-0.14074578428692677
1.0,0.0,0.31622776601683794,2.5403541196264574,-2.540354119626457,1.748138995343543e-16,4,0,1,5.9109468168903e-17,-0.14074578428692677
1.0,0.0,0.5623413251903491,2.5403541196264574,-2.540354119626457,1.748138995343543e-16,4,0,1,3.645605982918831e-16,-0.14074578428692677
1.0,0.0,1.0,2.5403541196264574,-2.540354119626457,1.748138995343543e-16,4,0,1,3.504629709998208e-17,-0.14074578428692677
1.0,0.0,1.7782794100389228,2.5403541196264574,-2.540354119626457,1.748138995343543e-16,4,0,1,2.0294976991504046e-16,-0.14074578428692677
1.0,0.0,3.1622776601683795,2.5403541196264574,-2.540354119626457,1.748138995343543e-16,4,0,1,2.5708374400141785e-16,-0.14074578428692677
1.0,0.0,5.623413251903491,2.5403541196264574,-2.540354119626457,1.748138995343543e-16,4,0,1,1.3895083617020452e-16,-0.14074578428692677
1.0,0.0,10.0,2.5403541196264574,-2.540354119626457,1.748138995343543e-16,4,0,1,2.3449862219973964e-15,-0.14074578428692677
1.0,0.0,17.78279410038923,2.5403541196264574,-2.540354119626457,1.748138995343543e-16,4,0,1,1.1323217112781171e-14,-0.14074578428692677
1.0,0.0,31.622776601683793,2.5403541196264574,-2.540354119626457,1.748138995343543e-16,4,0,1,5.672075055031763e-15,-0.14074578428692677
1.0,0.0,56.23413251903491,2.5403541196264574,-2.540354119626457,1.748138995343543e-16,4,0,1,1.3098655325110187e-14,-0.14074578428692677
1.0,0.0,100.0,2.5403541196264574,-2.540354119626457,1.748138995343543e-16,4,0,1,1.8018669878974308e-13,-0.14074578428692677
