xi_completion,a,z,root_k_over_H0,min_mu_zeta_relative_on_k_grid,min_Q_tensor_on_k_grid,min_constraint_determinant_on_k_grid
1.0,1e-08,99999999.0,,1.0013772371808587,2.0,7.376165221692853e+28
1.0,1.1006941712522103e-08,90851756.56516862,,1.000955214348958,2.0,5.025340085950723e+28
1.0,1.2115276586285877e-08,82540417.5268019,,1.0006606207454845,2.0,3.4237372583182617e+28
1.0,1.333521432163324e-08,74989419.93324558,,1.0004557849002147,2.0,2.332574724345041e+28
1.0,1.4677992676220705e-08,68129205.90579608,,1.0003138319345097,2.0,1.5891719219428039e+28
1.0,1.6155980984398728e-08,61896580.8891261,,1.0002157325865306,2.0,1.0826956723421243e+28
1.0,1.7782794100389228e-08,56234131.51903491,,1.0001480981764341,2.0,7.376360583586394e+27
1.0,1.9573417814876615e-08,51089696.74506924,,1.0001015589862776,2.0,5.025486586703411e+27
1.0,2.1544346900318822e-08,46415887.33612782,,1.0000695873166638,2.0,3.4238471183843466e+27
1.0,2.371373705661655e-08,42169649.342858225,,1.0000476525622484,2.0,2.3326571077724335e+27
1.0,2.6101572156825384e-08,38311867.49557285,,1.000032620106306,2.0,1.5892337007979722e+27
1.0,2.8729848333536628e-08,34807004.88428413,,1.0000223268680541,2.0,1.0827419999478707e+27
1.0,3.162277660168379e-08,31622775.601683795,,1.0000152834414204,2.0,7.376707991619212e+26
1.0,3.480700588428413e-08,28729847.333536625,,1.0000104661400449,2.0,5.025747105975525e+26
1.0,3.831186849557285e-08,26101571.156825386,,1.0000071724264985,2.0,3.42404248027789e+26
1.0,4.2169650342858225e-08,23713736.056616552,,1.0000049207586663,2.0,2.3328036085251504e+26
1.0,4.641588833612782e-08,21544345.900318824,,1.0000033814079277,2.0,1.589343560864088e+26
1.0,5.108969774506924e-08,19573416.814876616,,1.000002328785826,2.0,1.0828243833752906e+26
1.0,5.6234132519034905e-08,17782793.100389227,,1.00000160865733,2.0,7.377325780170896e+25
1.0,6.18965818891261e-08,16155979.98439873,,1.000001115629031,2.0,5.0262103820330045e+25
1.0,6.812920690579608e-08,14677991.676220706,,1.0000007777131157,2.0,3.4243898883107296e+25
1.0,7.498942093324559e-08,13335213.32163324,,1.0000005457548842,2.0,2.3330641277972385e+25
1.0,8.25404185268019e-08,12115275.586285876,,1.0000003861980662,2.0,1.5895389227576577e+25
1.0,9.085175756516862e-08,11006940.712522103,,1.0000002761379134,2.0,1.082970884127999e+25
1.0,1e-07,9999999.0,,1.000000199940716,2.0,7.378424380832088e+24
1.0,1.100694171252208e-07,9085174.75651688,,1.0000001469349145,2.0,5.027034216307242e+24
1.0,1.2115276586285877e-07,8254040.85268019,,1.0000001098347653,2.0,3.4250076768623885e+24
1.0,1.333521432163324e-07,7498941.093324558,,1.0000000836645009,2.0,2.333527403854735e+24
1.0,1.4677992676220674e-07,6812919.690579623,,1.0000000650242644,2.0,1.5898863307905008e+24
1.0,1.615598098439873e-07,6189657.18891261,,1.0000000515893488,2.0,1.083231403400092e+24
1.0,1.7782794100389227e-07,5623412.251903491,,1.0000000417686385,2.0,7.380377999767748e+23
1.0,1.9573417814876575e-07,5108968.774506935,,1.0000000344716653,2.0,5.0284992238343255e+23
1.0,2.1544346900318822e-07,4641587.833612782,,1.000000028949743,2.0,3.426106277523585e+23
1.0,2.3713737056616554e-07,4216964.034285822,,1.000000024687627,2.0,2.3343512381289242e+23
1.0,2.610157215682533e-07,3831185.849557293,,1.000000021329621,2.0,1.5905041193421636e+23
1.0,2.8729848333536627e-07,3480699.588428413,,1.0000000186291742,2.0,1.0836946794575806e+23
1.0,3.162277660168379e-07,3162276.6601683795,,1.0000000164144924,2.0,7.383852080096021e+22
1.0,3.480700588428406e-07,2872983.833353669,,1.000000014565069,2.0,5.03110441655529e+22
1.0,3.831186849557285e-07,2610156.2156825387,,1.0000000129956594,2.0,3.4280598964592393e+22
1.0,4.2169650342858225e-07,2371372.7056616554,,1.0000000116453325,2.0,2.335816245656001e+22
1.0,4.6415888336127725e-07,2154433.6900318866,,1.0000000104699842,2.0,1.591602720003353e+22
1.0,5.108969774506925e-07,1957340.7814876614,,1.0000000094372132,2.0,1.0845185137317702e+22
1.0,5.62341325190349e-07,1778278.410038923,,1.000000008522806,2.0,7.39002996561271e+21
1.0,6.189658188912597e-07,1615597.0984398762,,1.000000007708324,2.0,5.035737177130151e+21
1.0,6.812920690579608e-07,1467798.2676220704,,1.0000000069794397,2.0,3.431533976787556e+21
1.0,7.498942093324558e-07,1333520.432163324,,1.00000000632479,2.0,2.3384214383769637e+21
1.0,8.254041852680173e-07,1211526.6586285902,,1.0000000057351763,2.0,1.593556338939e+21
1.0,9.085175756516862e-07,1100693.1712522104,,1.000000005203009,2.0,1.085983521258859e+21
1.0,1e-06,999999.0,,1.000000004721915,2.0,7.401015972224569e+20
1.0,1.1006941712522081e-06,908516.575651688,,1.000000004286461,2.0,5.043975519872095e+20
1.0,1.2115276586285875e-06,825403.1852680191,,1.0000000038919525,2.0,3.437711862304225e+20
1.0,1.333521432163324e-06,749893.2093324558,,1.0000000035342906,2.0,2.3430541989518472e+20
1.0,1.4677992676220675e-06,681291.0690579623,,1.0000000032098635,2.0,1.5970304192673143e+20
1.0,1.6155980984398728e-06,618964.818891261,,1.0000000029154668,2.0,1.0885887139798196e+20
1.0,1.778279410038923e-06,562340.325190349,,1.0000000026482412,1.9999999999999998,7.420552161581048e+19
1.0,1.9573417814876578e-06,510895.97745069343,,1.000000002405625,1.9999999999999998,5.058625595142905e+19
1.0,2.1544346900318822e-06,464157.8833612782,,1.000000002185315,1.9999999999999996,3.4486978689161015e+19
1.0,2.3713737056616552e-06,421695.5034285823,,1.0000000019852353,1.9999999999999996,2.3512925416937677e+19
1.0,2.610157215682533e-06,383117.6849557293,,1.0000000018035107,1.9999999999999996,1.603208304783991e+19
1.0,2.8729848333536627e-06,348069.0588428413,,1.000000001638446,1.9999999999999991,1.0932214745546926e+19
1.0,3.162277660168379e-06,316226.76601683797,,1.0000000014885058,1.999999999999999,7.455292964864221e+18
1.0,3.480700588428406e-06,287297.4833353669,,1.0000000013522987,1.9999999999999984,5.084677522352559e+18
1.0,3.831186849557285e-06,261014.72156825388,,1.0000000012285635,1.999999999999998,3.468234058272558e+18
1.0,4.216965034285822e-06,237136.37056616554,,1.0000000011161552,1.9999999999999973,2.3659426169646013e+18
1.0,4.641588833612773e-06,215442.46900318866,,1.0000000010140355,1.9999999999999962,1.6141943113958756e+18
1.0,5.108969774506924e-06,195733.17814876616,,1.0000000009212615,1.999999999999995,1.1014598172966345e+18
1.0,5.623413251903491e-06,177826.94100389228,,1.0000000008369772,1.999999999999993,7.51707182003105e+17
1.0,6.189658188912597e-06,161558.8098439876,,1.0000000007604049,1.9999999999999907,5.131005128101287e+17
1.0,6.8129206905796085e-06,146778.92676220706,,1.000000000690839,1.9999999999999871,3.502974861555799e+17
1.0,7.498942093324558e-06,133351.14321633242,,1.0000000006276375,1.9999999999999827,2.3919945441742915e+17
1.0,8.254041852680173e-06,121151.765862859,,1.0000000005702188,1.9999999999999765,1.6337305007523712e+17
1.0,9.085175756516862e-06,110068.41712522102,,1.000000000518053,1.999999999999968,1.1161098925675003e+17
1.0,1e-05,99998.99999999999,,1.0000000004706597,1.9999999999999565,7.626931886150211e+16
1.0,1.100694171252208e-05,90850.75756516881,,1.0000000004276022,1.999999999999941,5.213388555521044e+16
1.0,1.2115276586285876e-05,82539.4185268019,,1.000000000388484,1.99999999999992,3.564753716722922e+16
1.0,1.333521432163324e-05,74988.42093324558,,1.0000000003529443,1.9999999999998916,2.4383221499233496e+16
1.0,1.4677992676220675e-05,68128.20690579622,,1.000000000320656,1.9999999999998535,1.668471304035898e+16
1.0,1.6155980984398728e-05,61895.5818891261,,1.0000000002913216,1.9999999999998015,1.1421618197774286e+16
1.0,1.778279410038923e-05,56233.1325190349,,1.0000000002646707,1.9999999999997313,7822293779717470.0
1.0,1.9573417814876576e-05,51088.697745069345,,1.0000000002404579,1.9999999999996363,5359889308231884.0
1.0,2.1544346900318823e-05,46414.88833612782,,1.0000000002184604,1.9999999999995084,3674613782844069.0
1.0,2.3713737056616554e-05,42168.65034285822,,1.000000000198475,1.9999999999993352,2520705577344895.0
1.0,2.6101572156825332e-05,38310.868495572926,,1.000000000180318,1.9999999999991016,1730250159204681.0
1.0,2.8729848333536626e-05,34806.00588428413,,1.000000000163822,1.9999999999987867,1188489425528058.0
1.0,3.1622776601683795e-05,31621.776601683792,,1.0000000001488352,1.9999999999983626,816970181256726.4
1.0,3.480700588428406e-05,28728.848333536684,,1.0000000001352194,1.9999999999977915,562040858034468.1
1.0,3.831186849557285e-05,26100.572156825387,,1.000000000122849,1.9999999999970233,386997567642390.5
1.0,4.216965034285822e-05,23712.737056616555,,1.0000000001116107,1.9999999999959908,266720633006738.97
1.0,4.641588833612772e-05,21543.34690031887,,1.0000000001014002,1.9999999999946043,184011022533665.16
1.0,5.108969774506924e-05,19572.41781487662,,1.0000000000921239,1.9999999999927451,127087285295968.58
1.0,5.623413251903491e-05,17781.79410038923,,1.0000000000836962,1.9999999999902542,87874903643485.95
1.0,6.189658188912597e-05,16154.980984398762,,1.0000000000760396,1.9999999999869211,60836846379378.74
1.0,6.812920690579608e-05,14676.992676220705,,1.0000000000690832,1.9999999999824662,42173837093544.77
1.0,7.498942093324559e-05,13334.21432163324,,1.0000000000627631,1.9999999999765208,29277256022553.527
1.0,8.254041852680174e-05,12114.2765862859,,1.0000000000570215,1.9999999999685967,20354721189864.55
1.0,9.085175756516861e-05,11005.941712522104,,1.000000000051805,1.999999999958051,14173736057472.832
1.0,0.0001,9999.0,,1.000000000047066,1.9999999999440385,9886091026274.865
1.0,0.0001100694171252208,9084.175756516881,,1.00000000004276,1.9999999999254494,6907518912819.087
1.0,0.00012115276586285876,8253.04185268019,,1.0000000000388483,1.9999999999008304,4835172261662.411
1.0,0.0001333521432163324,7497.942093324558,,1.0000000000352944,1.9999999998682818,3391001660339.5527
1.0,0.00014677992676220676,6811.920690579622,,1.0000000000320657,1.9999999998253264,2382880152375.035
1.0,0.00016155980984398728,6188.65818891261,,1.000000000029132,1.9999999997687419,1677892878362.6807
1.0,0.00017782794100389227,5622.413251903491,,1.000000000026467,1.9999999996943418,1183970996676.3494
1.0,0.00019573417814876577,5107.969774506934,,1.0000000000240459,1.9999999995967044,837252644442.2786
1.0,0.00021544346900318823,4640.588833612782,,1.000000000021846,1.9999999994688173,593377292707.2328
1.0,0.00023713737056616554,4215.965034285822,,1.0000000000198475,1.9999999993016324,421483593847.7873
1.0,0.0002610157215682533,3830.186849557293,,1.0000000000180318,1.9999999990834962,300066870772.9761
1.0,0.00028729848333536626,3479.700588428413,,1.0000000000163822,1.9999999987994288,214116893929.82742
1.0,0.00031622776601683794,3161.277660168379,,1.0000000000148834,1.9999999984302066,153137903273.4742
1.0,0.0003480700588428406,2871.9848333536684,,1.0000000000135219,1.9999999979512029,109777191955.86295
1.0,0.00038311868495572853,2609.157215682538,,1.0000000000122848,1.999999997330918,78873918909.99443
1.0,0.00042169650342858224,2370.3737056616555,,1.000000000011161,1.9999999965291204,56798434920.57649
1.0,0.00046415888336127724,2153.434690031887,,1.00000000001014,1.999999995494495,40992693937.535164
1.0,0.0005108969774506924,1956.3417814876618,,1.0000000000092124,1.9999999941616715,29650032367.8084
1.0,0.0005623413251903491,1777.2794100389228,,1.0000000000083695,1.9999999924474707,21491676062.49672
1.0,0.0006189658188912597,1614.5980984398764,,1.000000000007604,1.9999999902461596,15610479975.49538
1.0,0.0006812920690579609,1466.7992676220704,,1.0000000000069083,1.9999999874234664,11361472411.819532
1.0,0.0007498942093324559,1332.5214321633239,,1.0000000000062763,1.9999999838090208,8285036393.817684
1.0,0.0008254041852680173,1210.5276586285902,,1.000000000005702,1.9999999791868166,6052888499.265139
1.0,0.0009085175756516862,1099.6941712522103,,1.0000000000051805,1.9999999732831772,4430010923.514512
1.0,0.001,999.0,,1.0000000000047065,1.9999999657515752,3247768417.5360646
1.0,0.001100694171252208,907.517575651688,,1.0000000000042761,1.9999999561534865,2384882412.9041095
1.0,0.0012115276586285877,824.404185268019,,1.000000000003885,1.999999943934247,1753935925.6432958
1.0,0.001333521432163324,748.8942093324558,,1.0000000000035294,1.9999999283926115,1291779821.8258488
1.0,0.0014677992676220676,680.2920690579622,,1.0000000000032065,1.999999908642378,952697000.3707386
1.0,0.001615598098439873,617.9658188912609,,1.0000000000029132,1.9999998835640147,703520475.1733593
1.0,0.0017782794100389228,561.3413251903492,,1.0000000000026468,1.9999998517436932,520138839.583526
1.0,0.0019573417814876576,509.8969774506935,,1.0000000000024045,1.9999998113964557,384989092.20108575
1.0,0.002154434690031882,463.15888336127824,,1.0000000000021847,1.9999997602693953,285253751.1928675
1.0,0.0023713737056616554,420.6965034285822,,1.0000000000019849,1.999999695519668,211561496.76457343
1.0,0.002610157215682533,382.1186849557293,,1.0000000000018032,1.9999996135607931,157048637.34193054
1.0,0.002872984833353663,347.07005884284126,,1.0000000000016382,1.9999995098690257,116679730.68110314
1.0,0.0031622776601683794,315.2277660168379,,1.0000000000014884,1.999999378739437,86754760.21536826
1.0,0.003480700588428406,286.2984833353668,,1.000000000001352,1.9999992129786595,64550905.22602286
1.0,0.003831186849557285,260.01572156825387,,1.0000000000012286,1.9999990035178763,48061629.341377005
1.0,0.004216965034285823,236.13737056616552,,1.0000000000011162,1.9999987389253717,35806286.11355601
1.0,0.004641588833612773,214.44346900318865,,1.000000000001014,1.999998404792612,26690928.02976368
1.0,0.005108969774506924,194.73417814876615,,1.0000000000009213,1.9999979829610677,19906370.21446988
1.0,0.005623413251903491,176.82794100389228,,1.000000000000837,1.9999974505485172,14853412.85413529
1.0,0.006189658188912597,160.5598098439876,,1.0000000000007605,1.9999967787228594,11087899.503988162
1.0,0.006812920690579608,145.77992676220705,,1.0000000000006908,1.9999959311580326,8280288.927756746
1.0,0.007498942093324558,132.35214321633242,,1.0000000000006277,1.999994862089687,6185864.414436223
1.0,0.008254041852680173,120.15276586285901,,1.0000000000005702,1.9999935138669462,4622752.386100681
1.0,0.009085175756516862,109.06941712522102,,1.0000000000005183,1.9999918138697814,3455682.9010425624
1.0,0.01,99.0,,1.0000000000004707,1.9999896706277482,2583978.1355240354
1.0,0.01100694171252208,89.85175756516881,,1.0000000000004277,1.9999869689333856,1932658.3735356715
1.0,0.012115276586285877,81.5404185268019,,1.0000000000003886,1.9999835636901349,1445849.6697451205
1.0,0.01333521432163324,73.98942093324558,,1.000000000000353,1.9999792721674463,1081892.9101145489
1.0,0.014677992676220676,67.12920690579622,,1.0000000000003209,1.9999738642512428,809711.9716397299
1.0,0.01615598098439873,60.8965818891261,,1.0000000000002913,1.9999670501716902,606114.6485492132
1.0,0.01778279410038923,55.2341325190349,,1.000000000000265,1.9999584650567725,453785.27112658066
1.0,0.019573417814876575,50.08969774506935,,1.0000000000002407,1.9999476494925528,339790.7179586108
1.0,0.021544346900318822,45.41588833612782,,1.0000000000002187,1.999934025060638,254467.8061398085
1.0,0.023713737056616554,41.169650342858226,,1.0000000000001987,1.9999168635595783,190594.21322546588
1.0,0.026101572156825334,37.311868495572924,,1.0000000000001807,1.9998952482864254,142770.34108759626
1.0,0.028729848333536628,33.80700588428413,,1.000000000000164,1.9998680253412369,106958.22141459597
1.0,0.03162277660168379,30.622776601683796,,1.0000000000001492,1.9998337424008605,80137.40747601457
1.0,0.03480700588428406,27.729848333536687,,1.0000000000001357,1.9997905717646691,60048.06292364597
1.0,0.03831186849557285,25.101572156825384,,1.0000000000001235,1.9997362136748267,44999.07786536612
1.0,0.042169650342858224,22.71373705661655,,1.0000000000001124,1.9996677749226437,33724.70237720725
1.0,0.046415888336127725,20.544346900318867,,1.0000000000001021,1.9995816165305613,25277.395270258672
1.0,0.051089697745069246,18.573417814876613,,1.000000000000093,1.9994731628013542,18947.71622086307
1.0,0.05623413251903491,16.78279410038923,,1.0000000000000846,1.999336662204148,14204.41972711744
1.0,0.06189658188912597,15.155980984398763,,1.0000000000000773,1.9991648883736257,10649.645269464036
1.0,0.06812920690579609,13.677992676220704,,1.0000000000000704,1.9989487668957688,7985.391899501257
1.0,0.07498942093324558,12.335214321633241,,1.0000000000000642,1.9986769105244977,5988.430342637751
1.0,0.08254041852680173,11.115276586285901,,1.0000000000000586,1.9983350420484547,4491.525574575788
1.0,0.09085175756516861,10.006941712522103,,1.0000000000000537,1.9979052803204809,3369.380161092057
1.0,0.1,9.0,,1.0000000000000493,1.9973652612356343,2528.109887531907
1.0,0.11006941712522081,8.08517575651688,,1.0000000000000453,1.9966870622027693,1897.362929235725
1.0,0.12115276586285877,7.25404185268019,,1.0000000000000417,1.9958358967982561,1424.4177854003387
1.0,0.1333521432163324,6.498942093324558,,1.0000000000000386,1.9947685473288048,1069.7626150042008
1.0,0.14677992676220675,5.812920690579622,,1.000000000000036,1.9934315093983015,803.7837908338148
1.0,0.1615598098439873,5.18965818891261,,1.0000000000000335,1.9917588380519655,604.2851074384854
1.0,0.1778279410038923,4.62341325190349,,1.0000000000000315,1.9896697153116278,454.6291134290683
1.0,0.19573417814876576,4.108969774506935,,1.0000000000000298,1.9870658120000821,342.3444409960917
1.0,0.21544346900318823,3.641588833612782,,1.0000000000000284,1.9838286035823551,258.0822227243307
1.0,0.23713737056616552,3.2169650342858223,,1.0000000000000275,1.9798169338085718,194.83404061470827
1.0,0.2610157215682533,2.831186849557293,,1.000000000000027,1.974865315495226,147.34582847436366
1.0,0.2872984833353663,2.480700588428413,,1.0000000000000266,1.9687837249369984,111.67860360431472
1.0,0.31622776601683794,2.162277660168379,,1.000000000000027,1.9613599806152915,84.87922590896429
1.0,0.3480700588428406,1.8729848333536685,,1.0000000000000278,1.9523661597920583,64.73361118155785
1.0,0.3831186849557285,1.6101572156825386,,1.000000000000029,1.9415707972695357,49.58173783380089
1.0,0.4216965034285822,1.3713737056616555,,1.0000000000000313,1.928758630654192,38.17896461933101
1.0,0.46415888336127725,1.1544346900318865,,1.0000000000000344,1.9137590885776121,29.59205658551541
1.0,0.5108969774506924,0.9573417814876617,,1.0000000000000389,1.8964831625368463,23.12122381859146
1.0,0.5623413251903491,0.7782794100389228,,1.000000000000045,1.8769654423949107,18.241656889587837
1.0,0.6189658188912597,0.6155980984398763,,1.0000000000000542,1.85540405383319,14.559677250323976
1.0,0.6812920690579608,0.4677992676220706,,1.0000000000000675,1.8321870692984978,11.77984698926984
1.0,0.7498942093324559,0.33352143216332397,,1.0000000000000873,1.8078919423391333,9.680302272297677
1.0,0.8254041852680173,0.21152765862859013,,1.0000000000001195,1.7832475368046246,8.094264027522112
1.0,0.9085175756516861,0.10069417125221047,,1.000000000000175,1.7590579814367602,6.896193932920043
1.0,1.0,0.0,,1.0000000000002844,1.7361016544620238,5.99144556090716
2.0,1e-08,99999999.0,,1.0004813325930018,3.0,1.1064247832539232e+29
2.0,1.1006941712522103e-08,90851756.56516862,,1.0003312752754812,3.0,7.538010128926052e+28
2.0,1.2115276586285877e-08,82540417.5268019,,1.0002276278643363,3.0,5.135605887477371e+28
2.0,1.333521432163324e-08,74989419.93324558,,1.000156199873433,3.0,3.4988620865175467e+28
2.0,1.4677992676220705e-08,68129205.90579608,,1.0001070693961545,3.0,2.3837578829141957e+28
2.0,1.6155980984398728e-08,61896580.8891261,,1.0000733293048962,3.0,1.6240435085131797e+28
2.0,1.7782794100389228e-08,56234131.51903491,,1.0000501887358446,3.0,1.1064540875379545e+28
2.0,1.9573417814876615e-08,51089696.74506924,,1.000034334803854,3.0,7.538229880055085e+27
2.0,2.1544346900318822e-08,46415887.33612782,,1.0000234824556464,3.0,5.135770677576535e+27
2.0,2.371373705661655e-08,42169649.342858225,,1.0000160589051965,3.0,3.49898566165866e+27
2.0,2.6101572156825384e-08,38311867.49557285,,1.0000109835094506,3.0,2.3838505511969652e+27
2.0,2.8729848333536628e-08,34807004.88428413,,1.0000075148476135,3.0,1.6241129999218107e+27
2.0,3.162277660168379e-08,31622775.601683795,,1.000005144846416,3.0,1.106506198742885e+27
2.0,3.480700588428413e-08,28729847.333536625,,1.0000035256827717,3.0,7.53862065896331e+26
2.0,3.831186849557285e-08,26101571.156825386,,1.0000024194330681,3.0,5.13606372041685e+26
2.0,4.2169650342858225e-08,23713736.056616552,,1.0000016634569746,3.0,3.499205412787736e+26
2.0,4.641588833612782e-08,21544345.900318824,,1.0000011466362992,3.0,2.3840153412961388e+26
2.0,5.108969774506924e-08,19573416.814876616,,1.000000793086179,3.0,1.6242365750629406e+26
2.0,5.6234132519034905e-08,17782793.100389227,,1.0000005510007248,3.0,1.1065988670256376e+26
2.0,6.18965818891261e-08,16155979.98439873,,1.0000003850214438,3.0,7.539315573049529e+25
2.0,6.812920690579608e-08,14677991.676220706,,1.000000271019683,3.0,5.136584832466109e+25
2.0,7.498942093324559e-08,13335213.32163324,,1.0000001925316357,3.0,3.4995961916958677e+25
2.0,8.25404185268019e-08,12115275.586285876,,1.0000001383236927,3.0,2.3843083841364934e+25
2.0,9.085175756516862e-08,11006940.712522103,,1.0000001007304125,3.0,1.6244563261920032e+25
2.0,1e-07,9999999.0,,1.000000074520297,3.0,1.1067636571248165e+25
2.0,1.100694171252208e-07,9085174.75651688,,1.0000000561219649,3.0,7.540551324460885e+24
2.0,1.2115276586285877e-07,8254040.85268019,,1.0000000430963136,3.0,5.137511515293598e+24
2.0,1.333521432163324e-07,7498941.093324558,,1.000000033776535,3.0,3.500291105782113e+24
2.0,1.4677992676220674e-07,6812919.690579623,,1.0000000270226317,3.0,2.384829496185758e+24
2.0,1.615598098439873e-07,6189657.18891261,,1.0000000220540315,3.0,1.6248471051001428e+24
2.0,1.7782794100389227e-07,5623412.251903491,,1.0000000183354523,3.0,1.1070566999651654e+24
2.0,1.9573417814876575e-07,5108968.774506935,,1.00000001549908,3.0,7.54274883575151e+23
2.0,2.1544346900318822e-07,4641587.833612782,,1.0000000132915015,3.0,5.139159416285392e+23
2.0,2.3713737056616554e-07,4216964.034285822,,1.0000000115375138,3.0,3.501526857193396e+23
2.0,2.610157215682533e-07,3831185.849557293,,1.0000000101154376,3.0,2.385756179013252e+23
2.0,2.8729848333536627e-07,3480699.588428413,,1.000000008940275,3.0,1.6255420191863758e+23
2.0,3.162277660168379e-07,3162276.6601683795,,1.0000000079522127,3.0,1.1075778120144063e+23
2.0,3.480700588428406e-07,2872983.833353669,,1.0000000071087711,3.0,7.546656624832957e+22
2.0,3.831186849557285e-07,2610156.2156825387,,1.000000006379439,3.0,5.1420898446888734e+22
2.0,4.2169650342858225e-07,2371372.7056616554,,1.0000000057420029,3.0,3.503724368484012e+22
2.0,4.6415888336127725e-07,2154433.6900318866,,1.0000000051800337,3.0,2.3874040800050363e+22
2.0,5.108969774506925e-07,1957340.7814876614,,1.000000004681162,3.0,1.62677777059766e+22
2.0,5.62341325190349e-07,1778278.410038923,,1.0000000042358907,3.0,1.1085044948419098e+22
2.0,6.189658188912597e-07,1615597.0984398762,,1.0000000038367796,3.0,7.553605765695249e+21
2.0,6.812920690579608e-07,1467798.2676220704,,1.0000000034778767,3.0,5.147300965181349e+21
2.0,7.498942093324558e-07,1333520.432163324,,1.0000000031543257,3.0,3.507632157565456e+21
2.0,8.254041852680173e-07,1211526.6586285902,,1.0000000028620901,3.0,2.390334508408507e+21
2.0,9.085175756516862e-07,1100693.1712522104,,1.0000000025977585,3.0,1.628975281888293e+21
2.0,1e-06,999999.0,,1.0000000023584052,3.0,1.1101523958336886e+21
2.0,1.1006941712522081e-06,908516.575651688,,1.0000000021414914,3.0,7.565963279808164e+20
2.0,1.2115276586285875e-06,825403.1852680191,,1.0000000019447912,3.0,5.1565677934563525e+20
2.0,1.333521432163324e-06,749893.2093324558,,1.000000001766338,3.0,3.514581298427781e+20
2.0,1.4677992676220675e-06,681291.0690579623,,1.0000000016043815,3.0,2.3955456289009785e+20
2.0,1.6155980984398728e-06,618964.818891261,,1.0000000014573587,3.0,1.632883070969734e+20
2.0,1.778279410038923e-06,562340.325190349,,1.0000000013238652,3.0,1.1130828242371604e+20
2.0,1.9573417814876578e-06,510895.97745069343,,1.0000000012026384,3.0,7.58793839271438e+19
2.0,2.1544346900318822e-06,464157.8833612782,,1.000000001092539,2.9999999999999996,5.173046803374167e+19
2.0,2.3713737056616552e-06,421695.5034285823,,1.000000000992537,2.9999999999999996,3.5269388125406618e+19
2.0,2.610157215682533e-06,383117.6849557293,,1.0000000009017003,2.9999999999999996,2.404812457175993e+19
2.0,2.8729848333536627e-06,348069.0588428413,,1.0000000008191856,2.999999999999999,1.6398322118320437e+19
2.0,3.162277660168379e-06,316226.76601683797,,1.0000000007442273,2.999999999999999,1.1182939447296365e+19
2.0,3.480700588428406e-06,287297.4833353669,,1.000000000676132,2.9999999999999982,7.62701628352886e+18
2.0,3.831186849557285e-06,261014.72156825388,,1.0000000006142697,2.9999999999999982,5.202351087408853e+18
2.0,4.216965034285822e-06,237136.37056616554,,1.0000000005580696,2.9999999999999973,3.548913925446912e+18
2.0,4.641588833612773e-06,215442.46900318866,,1.0000000005070122,2.9999999999999964,2.4212914670938204e+18
2.0,5.108969774506924e-06,195733.17814876616,,1.000000000460627,2.9999999999999947,1.6521897259449446e+18
2.0,5.623413251903491e-06,177826.94100389228,,1.0000000004184861,2.999999999999993,1.1275607730046528e+18
2.0,6.189658188912597e-06,161558.8098439876,,1.0000000003802008,2.9999999999999907,7.696507692151953e+17
2.0,6.8129206905796085e-06,146778.92676220706,,1.0000000003454184,2.999999999999987,5.254462292333713e+17
2.0,7.498942093324558e-06,133351.14321633242,,1.000000000313818,2.9999999999999827,3.587991816261448e+17
2.0,8.254041852680173e-06,121151.765862859,,1.0000000002851088,2.9999999999999765,2.4505957511285814e+17
2.0,9.085175756516862e-06,110068.41712522102,,1.0000000002590261,2.999999999999968,1.6741648388512554e+17
2.0,1e-05,99998.99999999999,,1.0000000002353295,2.9999999999999565,1.144039782922543e+17
2.0,1.100694171252208e-05,90850.75756516881,,1.000000000213801,2.999999999999941,7.820082833281645e+16
2.0,1.2115276586285876e-05,82539.4185268019,,1.0000000001942417,2.99999999999992,5.347130575084437e+16
2.0,1.333521432163324e-05,74988.42093324558,,1.0000000001764722,2.9999999999998916,3.657483224885087e+16
2.0,1.4677992676220675e-05,68128.20690579622,,1.000000000160328,2.9999999999998535,2.5027069560539076e+16
2.0,1.6155980984398728e-05,61895.5818891261,,1.0000000001456606,2.9999999999998015,1.7132427296661966e+16
2.0,1.778279410038923e-05,56233.1325190349,,1.0000000001323353,2.9999999999997313,1.173344066957674e+16
2.0,1.9573417814876576e-05,51088.697745069345,,1.000000000120229,2.9999999999996363,8039833962348306.0
2.0,2.1544346900318823e-05,46414.88833612782,,1.0000000001092302,2.9999999999995084,5511920674266550.0
2.0,2.3713737056616554e-05,42168.65034285822,,1.0000000000992375,2.999999999999335,3781058366017783.0
2.0,2.6101572156825332e-05,38310.868495572926,,1.000000000090159,2.9999999999991016,2595375238807416.5
2.0,2.8729848333536626e-05,34806.00588428413,,1.0000000000819111,2.9999999999987867,1782734138292446.8
2.0,3.1622776601683795e-05,31621.776601683792,,1.0000000000744176,2.9999999999983626,1225455271885424.0
2.0,3.480700588428406e-05,28728.848333536684,,1.0000000000676097,2.9999999999977915,843061287052010.1
2.0,3.831186849557285e-05,26100.572156825387,,1.0000000000614246,2.9999999999970233,580496351463872.0
2.0,4.216965034285822e-05,23712.737056616555,,1.0000000000558054,2.9999999999959908,400080949510376.8
2.0,4.641588833612772e-05,21543.34690031887,,1.0000000000507,2.9999999999946043,276016533800747.62
2.0,5.108969774506924e-05,19572.41781487662,,1.000000000046062,2.9999999999927454,190630927944182.34
2.0,5.623413251903491e-05,17781.79410038923,,1.000000000041848,2.999999999990254,131812355465442.86
2.0,6.189658188912597e-05,16154.980984398762,,1.0000000000380198,2.999999999986921,91255269569267.11
2.0,6.812920690579608e-05,14676.992676220705,,1.0000000000345417,2.9999999999824665,63260755640501.85
2.0,7.498942093324559e-05,13334.21432163324,,1.0000000000313816,2.999999999976521,43915884034002.195
2.0,8.254041852680174e-05,12114.2765862859,,1.0000000000285107,2.9999999999685967,30532081784956.586
2.0,9.085175756516861e-05,11005.941712522104,,1.0000000000259026,2.999999999958051,21260604086357.957
2.0,0.0001,9999.0,,1.000000000023533,2.9999999999440385,14829136539550.635
2.0,0.0001100694171252208,9084.175756516881,,1.00000000002138,2.9999999999254494,10361278369357.387
2.0,0.00012115276586285876,8253.04185268019,,1.0000000000194242,2.9999999999008304,7252758392613.506
2.0,0.0001333521432163324,7497.942093324558,,1.0000000000176472,2.999999999868282,5086502490620.986
2.0,0.00014677992676220676,6811.920690579622,,1.0000000000160327,2.9999999998253264,3574320228666.615
2.0,0.00016155980984398728,6188.65818891261,,1.0000000000145661,2.999999999768742,2516839317641.027
2.0,0.00017782794100389227,5622.413251903491,,1.0000000000132336,2.999999999694342,1775956495104.9941
2.0,0.00019573417814876577,5107.969774506934,,1.0000000000120228,2.9999999995967044,1255878966747.8337
2.0,0.00021544346900318823,4640.588833612782,,1.000000000010923,2.9999999994688173,890065939139.6462
2.0,0.00023713737056616554,4215.965034285822,,1.0000000000099236,2.9999999993016324,632225390845.2677
2.0,0.0002610157215682533,3830.186849557293,,1.000000000009016,2.9999999990834962,450100306228.2161
2.0,0.00028729848333536626,3479.700588428413,,1.000000000008191,2.999999998799429,321175340959.00684
2.0,0.00031622776601683794,3161.277660168379,,1.0000000000074418,2.999999998430207,229706854970.30997
2.0,0.0003480700588428406,2871.9848333536684,,1.000000000006761,2.999999997951203,164665787990.022
2.0,0.00038311868495572853,2609.157215682538,,1.0000000000061424,2.999999997330918,118310878417.62212
2.0,0.00042169650342858224,2370.3737056616555,,1.0000000000055806,2.9999999965291204,85197652430.14993
2.0,0.00046415888336127724,2153.434690031887,,1.0000000000050702,2.9999999954944947,61489040952.4758
2.0,0.0005108969774506924,1956.3417814876618,,1.0000000000046063,2.9999999941616715,44475048594.98914
2.0,0.0005623413251903491,1777.2794100389228,,1.0000000000041849,2.9999999924474707,32237514134.324184
2.0,0.0006189658188912597,1614.5980984398764,,1.0000000000038018,2.9999999902461596,23415720001.308586
2.0,0.0006812920690579609,1466.7992676220704,,1.0000000000034541,2.9999999874234664,17042208653.451237
2.0,0.0007498942093324559,1332.5214321633239,,1.0000000000031382,2.9999999838090208,12427554624.26222
2.0,0.0008254041852680173,1210.5276586285902,,1.000000000002851,2.999999979186817,9079332780.39269
2.0,0.0009085175756516862,1099.6941712522103,,1.0000000000025902,2.9999999732831775,6645016414.860723
2.0,0.001,999.0,,1.0000000000023532,2.9999999657515755,4871652654.111831
2.0,0.001100694171252208,907.517575651688,,1.0000000000021378,2.9999999561534865,3577323645.498364
2.0,0.0012115276586285877,824.404185268019,,1.0000000000019424,2.999999943934247,2630903913.048882
2.0,0.001333521432163324,748.8942093324558,,1.0000000000017648,2.9999999283926115,1937669755.8640215
2.0,0.0014677992676220676,680.2920690579622,,1.0000000000016034,2.999999908642378,1429045522.31514
2.0,0.001615598098439873,617.9658188912609,,1.0000000000014566,2.9999998835640147,1055280733.2388144
2.0,0.0017782794100389228,561.3413251903492,,1.0000000000013234,2.999999851743693,780208278.6537563
2.0,0.0019573417814876576,509.8969774506935,,1.0000000000012024,2.9999998113964557,577483656.4542073
2.0,0.002154434690031882,463.15888336127824,,1.0000000000010925,2.9999997602693953,427880643.8853163
2.0,0.0023713737056616554,420.6965034285822,,1.0000000000009923,2.999999695519668,317342261.2509408
2.0,0.002610157215682533,382.1186849557293,,1.0000000000009015,2.999999613560793,235572971.18533656
2.0,0.002872984833353663,347.07005884284126,,1.0000000000008191,2.999999509869026,175019610.31874555
2.0,0.0031622776601683794,315.2277660168379,,1.000000000000744,2.999999378739437,130132153.7973846
2.0,0.003480700588428406,286.2984833353668,,1.0000000000006761,2.9999992129786595,96826370.53977433
2.0,0.003831186849557285,260.01572156825387,,1.0000000000006142,2.9999990035178765,72092455.98521
2.0,0.004216965034285823,236.13737056616552,,1.000000000000558,2.9999987389253717,53709440.458940715
2.0,0.004641588833612773,214.44346900318865,,1.000000000000507,2.999998404792612,40036402.68904536
2.0,0.005108969774506924,194.73417814876615,,1.0000000000004605,2.9999979829610677,29859565.359695897
2.0,0.005623413251903491,176.82794100389228,,1.0000000000004186,2.999997450548517,22280128.74822886
2.0,0.006189658188912597,160.5598098439876,,1.0000000000003801,2.9999967787228594,16631858.185295906
2.0,0.006812920690579608,145.77992676220705,,1.0000000000003455,2.9999959311580326,12420441.814449036
2.0,0.007498942093324558,132.35214321633242,,1.0000000000003137,2.999994862089687,9278804.567278896
2.0,0.008254041852680173,120.15276586285901,,1.000000000000285,2.9999935138669462,6934136.075122087
2.0,0.009085175756516862,109.06941712522102,,1.0000000000002591,2.9999918138697814,5183531.423760352
2.0,0.01,99.0,,1.0000000000002354,2.9999896706277482,3875973.87603853
2.0,0.01100694171252208,89.85175756516881,,1.0000000000002138,2.999986968933386,2898993.8564945334
2.0,0.012115276586285877,81.5404185268019,,1.0000000000001943,2.999983563690135,2168780.445774803
2.0,0.01333521432163324,73.98942093324558,,1.0000000000001765,2.9999792721674465,1622844.9715536968
2.0,0.014677992676220676,67.12920690579622,,1.0000000000001603,2.999973864251243,1214573.2481358969
2.0,0.01615598098439873,60.8965818891261,,1.0000000000001457,2.99996705017169,909176.965749479
2.0,0.01778279410038923,55.2341325190349,,1.0000000000001323,2.9999584650567725,680682.6187740974
2.0,0.019573417814876575,50.08969774506935,,1.0000000000001203,2.9999476494925528,509690.52410844975
2.0,0.021544346900318822,45.41588833612782,,1.0000000000001095,2.999934025060638,381705.90647269
2.0,0.023713737056616554,41.169650342858226,,1.0000000000000993,2.9999168635595783,285895.2813339843
2.0,0.026101572156825334,37.311868495572924,,1.0000000000000902,2.9998952482864256,214159.2506866998
2.0,0.028729848333536628,33.80700588428413,,1.0000000000000822,2.999868025341237,160440.8612984681
2.0,0.03162277660168379,30.622776601683796,,1.0000000000000746,2.9998337424008605,120209.44235417758
2.0,0.03480700588428406,27.729848333536687,,1.0000000000000677,2.9997905717646693,90075.23865468176
2.0,0.03831186849557285,25.101572156825384,,1.0000000000000615,2.9997362136748267,67501.584724845
2.0,0.042169650342858224,22.71373705661655,,1.0000000000000562,2.999667774922644,50589.85507914136
2.0,0.046415888336127725,20.544346900318867,,1.000000000000051,2.9995816165305613,37918.73736967091
2.0,0.051089697745069246,18.573417814876613,,1.0000000000000464,2.9994731628013542,28424.070579286355
2.0,0.05623413251903491,16.78279410038923,,1.0000000000000422,2.999336662204148,21308.98595432697
2.0,0.06189658188912597,15.155980984398763,,1.0000000000000384,2.9991648883736257,15976.692243627249
2.0,0.06812920690579609,13.677992676220704,,1.000000000000035,2.9989487668957686,11980.18757998386
2.0,0.07498942093324558,12.335214321633241,,1.000000000000032,2.9986769105244977,8984.627632507
2.0,0.08254041852680173,11.115276586285901,,1.000000000000029,2.9983350420484545,6739.159469826707
2.0,0.09085175756516861,10.006941712522103,,1.0000000000000266,2.997905280320481,5055.836568350557
2.0,0.1,9.0,,1.0000000000000244,2.9973652612356343,3793.832255191359
2.0,0.11006941712522081,8.08517575651688,,1.0000000000000224,2.9966870622027693,2847.6184625903284
2.0,0.12115276586285877,7.25404185268019,,1.0000000000000207,2.995835896798256,2138.1126275892207
2.0,0.1333521432163324,6.498942093324558,,1.000000000000019,2.994768547328805,1606.0466948974397
2.0,0.14677992676220675,5.812920690579622,,1.0000000000000175,2.9934315093983015,1206.9999470168927
2.0,0.1615598098439873,5.18965818891261,,1.0000000000000162,2.9917588380519655,907.6778153777177
2.0,0.1778279410038923,4.62341325190349,,1.0000000000000153,2.989669715311628,683.1238781281751
2.0,0.19573417814876576,4.108969774506935,,1.0000000000000142,2.987065812000082,514.6308539214416
2.0,0.21544346900318823,3.641588833612782,,1.0000000000000135,2.983828603582355,388.17522685699174
2.0,0.23713737056616552,3.2169650342858223,,1.0000000000000129,2.979816933808572,293.24416999970464
2.0,0.2610157215682533,2.831186849557293,,1.0000000000000124,2.974865315495226,221.95639929063967
2.0,0.2872984833353663,2.480700588428413,,1.000000000000012,2.9687837249369986,168.4032718295605
2.0,0.31622776601683794,2.162277660168379,,1.000000000000012,2.9613599806152915,128.15492580487887
2.0,0.3480700588428406,1.8729848333536685,,1.000000000000012,2.9523661597920583,97.89010227155525
2.0,0.3831186849557285,1.6101572156825386,,1.0000000000000122,2.9415707972695357,75.1186576842274
2.0,0.4216965034285822,1.3713737056616555,,1.0000000000000127,2.928758630654192,57.97354337716221
2.0,0.46415888336127725,1.1544346900318865,,1.0000000000000133,2.913759088577612,45.05484746767889
2.0,0.5108969774506924,0.9573417814876617,,1.0000000000000142,2.896483162536846,35.3128552948568
2.0,0.5623413251903491,0.7782794100389228,,1.0000000000000153,2.8769654423949107,27.960353077362303
2.0,0.6189658188912597,0.6155980984398763,,1.000000000000017,2.85540405383319,22.406850603343365
2.0,0.6812920690579608,0.4677992676220706,,1.000000000000019,2.832187069298498,18.2092379541237
2.0,0.7498942093324559,0.33352143216332397,,1.0000000000000218,2.8078919423391335,15.0347717765828
2.0,0.8254041852680173,0.21152765862859013,,1.000000000000025,2.7832475368046246,12.633322044125965
2.0,0.9085175756516861,0.10069417125221047,,1.000000000000029,2.75905798143676,10.81658428144476
2.0,1.0,0.0,,1.0000000000000342,2.736101654462024,9.442537002187867
