t,a,R_cal,Rdot,H,W,F,Z,U,Omega_m_R,Omega_r_R,Omega_cal,closure_sum,q,G_unscreened_over_G
0.0,0.01,50000.0,0.0,141.4199420562733,3.999984000064e-06,1.000019999840001,7.999936000384001e-13,2.3999616003839978e-11,0.8333333333333331,0.1666666666666666,3.9999360006399956e-16,1.0000000000000002,0.5833296869190008,0.9999800005599846
0.00012031548530260739,0.010155137928567636,49999.99935029751,-1.8581269616245841,138.01564669634735,3.999984052039784e-06,1.0000199998402608,7.999936208286306e-13,2.3999616627539404e-11,0.8354605261002581,0.16453947390512666,-5.384626799355619e-12,1.0000000000000002,0.5822715586199365,0.9999800005597248
0.00024063097060522172,0.010312682634823303,49999.998700595024,-3.7162539232492753,134.69549447644104,3.999984104015569e-06,1.0000199998405208,7.999936416188618e-13,2.3999617251238853e-11,0.8375658612177896,0.16243413879324534,-1.1035076401132662e-11,0.9999999999999999,0.5812188836113137,0.9999800005594648
0.00036094645590782913,0.010472671457017494,49999.99805089254,-5.574380884873859,131.45733228050082,3.9999841559913555e-06,1.0000199998407806,7.999936624090938e-13,2.3999617874938337e-11,0.8396494282147454,0.16035057180221493,-1.69604832986519e-11,1.0,0.5801770923914091,0.999980000559205
0.00048126194121044343,0.01063514231265861,49999.997401190056,-7.432507846498551,128.29906441149103,3.999984207967144e-06,1.0000199998410404,7.99993683199327e-13,2.3999618498637847e-11,0.8417113198836024,0.15828868013956804,-2.3170680752290088e-11,0.9999999999999997,0.5791461385724688,0.9999800005589452
0.0006015774265130578,0.010800133707499398,49999.99675148757,-9.290634808123242,125.21865099205719,3.999984259942933e-06,1.0000199998413004,7.999937039895606e-13,2.399961912233737e-11,0.8437516321796132,0.1562483678500626,-2.9675809493448124e-11,1.0,0.5781259741852125,0.9999800005586852
0.0007218929118156652,0.010967684744662892,49999.99610178508,-11.148761769747827,122.21410641152059,3.9999843119187235e-06,1.0000199998415602,7.999937247797953e-13,2.399961974603693e-11,0.8457704641205924,0.1542295359158937,-3.648632666354523e-11,0.9999999999999998,0.5771165497290838,0.9999800005584255
0.0008422083971182794,0.011137835133909885,49999.99545208259,-13.006888731372518,119.28349781782438,3.999984363894515e-06,1.00001999984182,7.999937455700304e-13,2.39996203697365e-11,0.8477679176874378,0.15223208235617558,-4.361301500084524e-11,1.0000000000000002,0.5761178142217602,0.9999800005581657
0.0009625238824208869,0.011310625201050147,49999.994802380104,-14.865015692997101,116.42494365309224,3.999984415870308e-06,1.00001999984208,7.999937663602667e-13,2.399962099343609e-11,0.8497440977254312,0.15025590232563552,-5.106699228167962e-11,0.9999999999999997,0.5751297154106112,0.9999800005579057
0.0011034017139157717,0.011486095897499729,49999.99103919679,-19.199139741092438,113.63661223093087,3.99998471692265e-06,1.0000199998435852,7.999938867807386e-13,2.399962460600691e-11,0.8516991118538146,0.14830088821375953,-6.757399006487315e-11,1.0000000000000002,0.5741521993599576,0.9999800005564005
0.0012463963007412807,0.011664288809986467,49999.98695550156,-23.788151046818225,110.9167203569956,3.999985043615799e-06,1.0000199998452186,7.999940174575042e-13,2.3999628526262833e-11,0.853633070347739,0.14636692973803853,-8.577760383369843e-11,1.0,0.5731852107594477,0.9999800005547672
0.0013893908875667813,0.011845246170406063,49999.98287180633,-28.37716235254375,108.2635319862122,3.999985370309001e-06,1.0000199998468522,7.999941481343018e-13,2.3999632446519716e-11,0.8555460860614231,0.14445391404340813,-1.0483122334230426e-10,1.0,0.5722286933275882,0.9999800005531336
0.00153238547439229,0.01202901086583112,49999.9787881111,-32.96617365826953,105.67535692056835,3.999985697002256e-06,1.0000199998484856,7.999942788111314e-13,2.3999636366777562e-11,0.8574382743283508,0.14256172579641407,-1.247647461827387e-10,1.0000000000000002,0.5712825894217417,0.9999800005515004
0.0016753800612177906,0.012215626448675384,49999.974704415865,-37.55518496399506,103.15054954406631,3.999986023695565e-06,1.0000199998501191,7.99994409487993e-13,2.3999640287036364e-11,0.8593097528665257,0.14069024727908347,-1.4560899463553504e-10,1.0,0.5703468401907799,0.9999800005498669
0.0018183746480432993,0.012405137147015736,49999.97062072063,-42.144196269720844,100.68750759399849,3.999986350388928e-06,1.0000199998517525,7.999945401648869e-13,2.399964420729614e-11,0.8611606416855416,0.13883935848185416,-1.673957421900309e-10,1.0000000000000002,0.5694213857682939,0.9999800005482335
0.0019797780750283726,0.012597587875074288,49999.96126179456,-48.19399391623109,98.28467096712927,3.999987099098044e-06,1.000019999855496,7.999948396475393e-13,2.3999653191667892e-11,0.8629910629998914,0.13700893719620943,-1.9610078593518505e-10,1.0000000000000002,0.5685061649866157,0.9999800005444903
0.002148834561141855,0.012793024243863067,49999.94970981052,-54.85108045998318,95.94052056155545,3.999988023251019e-06,1.0000199998601167,7.999952093075799e-13,2.3999664281336034e-11,0.8648011411253674,0.13519885910326804,-2.2863563615793787e-10,0.9999999999999999,0.5676011155100298,0.9999800005398697
0.002317891047255337,0.012991492571993913,49999.93815782648,-61.508167003735274,93.6535771500701,3.999988947404422e-06,1.0000199998647374,7.999955789678768e-13,2.399967537101187e-11,0.8665910023979728,0.1334089978646649,-2.6263781123840554e-10,0.9999999999999999,0.5667061742477415,0.9999800005352492
0.0024869475333688384,0.013193039896656017,49999.92660584243,-68.16525354748813,91.42240028639047,3.999989871558252e-06,1.0000199998693582,7.999959486284302e-13,2.399968646069539e-11,0.8683607750871115,0.13163922521104648,-2.9815817442571597e-10,0.9999999999999998,0.5658212771259628,0.9999800005306286
0.0026560040194823207,0.013397713984763755,49999.91505385839,-74.82234009124022,89.24558724294214,3.9999907957125084e-06,1.000019999873979,7.999963182892394e-13,2.3999697550386593e-11,0.8701105893064737,0.12988941102877508,-3.352491456051899e-10,0.9999999999999996,0.5649463590950177,0.999980000526008
0.002825060505595813,0.013605563344277552,49999.90350187435,-81.4794266349927,87.12177197884651,3.999991719867192e-06,1.0000199998785997,7.99996687950305e-13,2.3999708640085484e-11,0.8718405769282668,0.12815942344569797,-3.7396474530015377e-10,1.0000000000000002,0.5640813542258343,0.9999800005213875
0.002994116991709295,0.013816637235700249,49999.89194989031,-88.13651317874479,85.04962413738141,3.999992644022303e-06,1.0000199998832204,7.999970576116268e-13,2.399971972979206e-11,0.8735508714987363,0.12644912891562407,-4.1436063982429837e-10,0.9999999999999997,0.5632261957731544,0.9999800005167669
0.0031660676841926143,0.01403098568375195,49999.87917350521,-94.95693368732138,83.02784807198675,3.999993666129613e-06,1.0000199998883308,7.999974664538512e-13,2.399973199491161e-11,0.8752416081556993,0.12475839230158142,-4.572804736329752e-10,1.0000000000000002,0.5623808163959723,0.9999800005116567
0.0033711612364243377,0.0142486594892259,49999.85237595248,-103.64776493949687,81.05518189963811,3.999995809928191e-06,1.0000199998990498,7.999983239721541e-13,2.3999757720151994e-11,0.876912923552776,0.12308707695848191,-5.11257730066425e-10,1.0000000000000002,0.5615451475237592,0.9999800005009382
0.0035762547886560732,0.01446971024102831,49999.82557839975,-112.33859619167286,79.13039658324915,3.999997953729067e-06,1.0000199999097688,7.999991814918363e-13,2.3999783445433747e-11,0.8785649557570832,0.12143504481049604,-5.675792264197914e-10,0.9999999999999999,0.5607191199052579,0.9999800004902196
0.0037813483408878083,0.014694190328405021,49999.79878084703,-121.02942744384886,77.25229503678945,4.00000009753224e-06,1.0000199999204877,8.000000390128966e-13,2.3999809170756856e-11,0.8801978441929176,0.11980215643340705,-6.263248605202785e-10,0.9999999999999997,0.5599026640688862,0.9999800004795011
0.003986441893119532,0.014922152953357755,49999.7719832943,-129.72025869602436,75.4197112581561,4.000002241337713e-06,1.0000199999312065,8.000008965353363e-13,2.3999834896121337e-11,0.8818117295563729,0.11818827113120418,-6.87576942630126e-10,1.0000000000000002,0.559095709672988,0.9999800004687828
0.004191535445351268,0.01515365214325309,49999.74518574157,-138.41108994820036,73.63150948605389,4.000004385145482e-06,1.0000199999419255,8.000017540591543e-13,2.399986062152717e-11,0.8834067537390349,0.11659324701238531,-7.514202622537953e-10,1.0,0.5582981857780283,0.9999800004580642
0.004396628997583003,0.015388742763626978,49999.71838818885,-147.10192120037635,71.8865833807726,4.0000065289555495e-06,1.0000199999526445,8.000026115843513e-13,2.3999886346974362e-11,0.8849830597530945,0.11501694106484794,-8.179421566117517e-10,1.0000000000000004,0.5575100208843935,0.9999800004473457
0.004601722549814727,0.01562748053118791,49999.69159063612,-155.79275245255184,70.18385522815827,4.000008672767915e-06,1.0000199999633634,8.000034691109268e-13,2.3999912072462927e-11,0.8865407916578757,0.11345920922935696,-8.872325808138356e-10,1.0000000000000002,0.5567311429684025,0.999980000436627
0.004806816102046462,0.01586992202702187,49999.66479308339,-164.48358370472783,68.52227516609491,4.000010816582578e-06,1.0000199999740824,8.000043266388813e-13,2.399993779799285e-11,0.8880800944878011,0.11191990647158298,-9.593841797653188e-10,1.0,0.5559614797738845,0.9999800004259085
0.005043962314272095,0.016116124710002077,49999.619248999676,-174.54938428573428,66.90082043231254,4.0000144601323e-06,1.0000199999923,8.000057840633748e-13,2.3999981520202982e-11,0.8896011141890898,0.11039888685360952,-1.0426996654487825e-09,0.9999999999999996,0.5552009582207234,0.9999800004076916
0.005297480315570434,0.01636614693040682,49999.56412960297,-185.31748875781676,65.31849463525106,4.000018869720779e-06,1.0000200000143478,8.000075479061149e-13,2.4000034434850203e-11,0.8911039975328979,0.10889600360086067,-1.1337584434793954e-09,1.0000000000000002,0.5544495045439817,0.9999800003856448
0.005550998316868772,0.016620047943748516,49999.509010206275,-196.08559322989922,63.774327043390166,4.000023279318979e-06,1.0000200000363957,8.00009311754688e-13,2.4000087349672412e-11,0.8925888920574845,0.10741110917110487,-1.2285890930624756e-09,1.0000000000000004,0.5537070450956776,0.9999800003635978
0.005804516318167096,0.01687788792481731,49999.45389080957,-206.85369770198108,62.26737189509099,4.0000276889269025e-06,1.0000200000584436,8.000110756090949e-13,2.400014026466962e-11,0.8940559460060974,0.10594405532121992,-1.327317250668112e-09,1.0000000000000002,0.5529735058883034,0.9999800003415508
0.00605803431946542,0.017139727981942597,49999.398771412874,-217.6218021740629,60.7967077283772,4.000032098544547e-06,1.0000200000804915,8.000128394693347e-13,2.4000193179841828e-11,0.8955053082585157,0.10449469317155641,-1.4300722691288963e-09,0.9999999999999998,0.5522488124874201,0.9999800003195037
0.006311552320763758,0.017405630171475738,49999.34365201617,-228.3899066461454,59.36143672927579,4.000036508171915e-06,1.0000200001025394,8.000146033354085e-13,2.4000246095189044e-11,0.896937128267674,0.10306287326931375,-1.536987317065848e-09,1.0000000000000004,0.5515328901719272,0.9999800002974567
0.006565070322062097,0.017675657512497448,49999.288532619474,-239.15801111822785,57.96068409843815,4.000040917809005e-06,1.0000200001245874,8.000163672073156e-13,2.400029901071125e-11,0.8983515559977275,0.10164844565047206,-1.6481994805870945e-09,1.0,0.550825663965071,0.9999800002754097
0.006818588323360421,0.017949874001753432,49999.23341322277,-249.9261155903097,56.5935974355068,4.000045327455818e-06,1.0000200001466355,8.000181310850561e-13,2.400035192640847e-11,0.8997487418635658,0.10025125990028386,-1.7638498672904914e-09,0.9999999999999999,0.5501270586645717,0.9999800002533623
0.00707210632465876,0.018228344628821648,49999.17829382607,-260.69422006239216,55.259346140711216,4.000049737112352e-06,1.0000200001686836,8.0001989496863e-13,2.4000404842280683e-11,0.9011288366717539,0.09887116521232969,-1.8840837126002126e-09,0.9999999999999999,0.5494369991228041,0.9999800002313151
0.00735227834104581,0.018511135391514888,49999.102340905614,-272.4253350227405,53.957120832772766,4.000055813506327e-06,1.0000200001990653,8.000223255582882e-13,2.4000477759095414e-11,0.9024919915693296,0.09750801044683763,-2.016167254417477e-09,1.0,0.5487554099011049,0.9999800002009346
0.007671529177671907,0.018798313311522364,49998.99584288614,-285.56836911174565,52.68613278412302,4.000064333603796e-06,1.0000200002416655,8.00025733648459e-13,2.4000580000573604e-11,0.9038383579783172,0.09616164418584432,-2.164161337112402e-09,1.0000000000000002,0.548082214680619,0.9999800001583362
0.007990780014297996,0.01908994645029386,49998.88934486668,-298.7114032007505,51.445613371784,4.000072853737559e-06,1.0000200002842659,8.00029141760407e-13,2.4000682242705106e-11,0.9051680875310878,0.09483191478697459,-2.31806259954118e-09,0.9999999999999998,0.5474173375192919,0.9999800001157375
0.008310030850924084,0.01938610392517043,49998.78284684721,-311.8544372897553,50.234813541589816,4.000081373907619e-06,1.0000200003268662,8.000325498941332e-13,2.4000784485489948e-11,0.9064813320388808,0.09351867043918279,-2.4780636069573594e-09,0.9999999999999999,0.5467607028799222,0.9999800000731388
0.00862928168755018,0.019686855925765228,49998.676348827736,-324.99747137876045,49.053003289304435,4.000089894113974e-06,1.000020000369467,8.000359580496373e-13,2.400088672892811e-11,0.907778243430635,0.09222175921372773,-2.6443624786574177e-09,1.0000000000000002,0.5461122348025214,0.9999800000305398
0.00894853252417626,0.019992273730598496,49998.56985080827,-338.1405054677649,47.89947115555217,4.000098414356626e-06,1.0000200004120678,8.000393662269196e-13,2.4000988973019608e-11,0.909058973702394,0.09094102911476894,-2.8171630289551864e-09,0.9999999999999999,0.5454718572935349,0.9999799999879406
0.009267783360802357,0.02030242972399073,49998.4633527888,-351.2835395567701,46.77352373476148,4.000106934635574e-06,1.0000200004546689,8.000427744259803e-13,2.4001091217764448e-11,0.9103236748680879,0.08967632812858724,-2.9966749108891475e-09,1.0000000000000002,0.5448394943501995,0.9999799999453413
0.009587034197428445,0.020617397413217723,49998.35685476933,-364.4265736457749,45.67448519771743,4.0001154549508195e-06,1.0000200004972701,8.000461826468201e-13,2.4001193463162657e-11,0.9115724989116711,0.0884275042714427,-3.1831137626638715e-09,1.0,0.544215069984773,0.9999799999027418
0.009906285034054533,0.020937251445931955,49998.25035674986,-377.5696077347797,44.601696827327515,4.000123975302361e-06,1.0000200005398716,8.000495908894385e-13,2.4001295709214203e-11,0.9128055977406192,0.08719440563608215,-3.376701356822907e-09,1.0,0.5435985082475838,0.999979999860142
0.010225535870680631,0.02126206762785413,49998.14385873039,-390.7126418237849,43.554516567220155,4.0001324956902e-06,1.000020000582473,8.000529991538357e-13,2.400139795591911e-11,0.914023123140756,0.08597688043691014,-3.5776657521454054e-09,1.0000000000000004,0.5429897336220932,0.9999799998175423
0.010576450567957389,0.021591922940739156,49998.00470649565,-404.9112280167584,42.5323185823174,4.0001436286374595e-06,1.0000200006381375,8.000574524864431e-13,2.4001531554294083e-11,0.9152252267414366,0.08477477705467448,-3.796110962518692e-09,1.0,0.5423886706233674,0.9999799997618801
0.010985117722640098,0.021926895560620996,49997.805995472525,-421.0350604264446,41.53449283259589,4.000159526724139e-06,1.0000200007176272,8.000638119620944e-13,2.4001722336274125e-11,0.9164120599632494,0.0835879440780531,-4.041302366273998e-09,1.0,0.5417952425047616,0.9999799996823935
0.011393784877322797,0.022267064876340358,49997.60728444939,-437.1588928361304,40.560444659169356,4.000175424937189e-06,1.0000200007971176,8.000701715135709e-13,2.4001913120528895e-11,0.9175837739531574,0.08241623034278996,-4.2959473434722875e-09,1.0,0.5412093733680621,0.9999799996029063
0.011802452032005495,0.02261251150836002,49997.408573426255,-453.28272524581615,39.609594378441145,4.0001913232766115e-06,1.0000200008766087,8.000765311408744e-13,2.4002103907058436e-11,0.9187405195849361,0.08125948497541025,-4.560346345722322e-09,1.0,0.5406309884524063,0.9999799995234183
0.012211119186688206,0.02296331732787191,49997.20986240313,-469.4065576555024,38.68137689042489,4.000207221742407e-06,1.0000200009561004,8.000828908440053e-13,2.4002294695862763e-11,0.9198824474043867,0.08011755743042161,-4.834808159064613e-09,1.0000000000000002,0.540060012488425,0.9999799994439298
0.012619786341370893,0.023319565476200645,49997.01115137999,-485.5303900651877,37.77524129693219,4.0002231203345774e-06,1.0000200010355929,8.000892506229652e-13,2.4002485486941918e-11,0.921009707591866,0.07899029752778412,-5.119650095518099e-09,0.9999999999999999,0.5394963703894291,0.9999799993644406
0.013028453496053603,0.02368134038450817,49996.812440356865,-501.6542224748739,36.89065053021976,4.000239019053125e-06,1.0000200011150857,8.000956104777552e-13,2.400267628029595e-11,0.9221224499260439,0.0778775554891544,-5.415198186955716e-09,1.0,0.5389399872693588,0.9999799992849508
0.013437120650736302,0.02404872779380394,49996.61372933373,-517.7780548845597,36.027080991797405,4.00025491789805e-06,1.0000200011945792,8.001019704083767e-13,2.4002867075924888e-11,0.9232208237488654,0.07677918197292162,-5.721787381189421e-09,0.9999999999999997,0.5383907884606458,0.9999799992054605
0.013845787805419,0.02442181477526571,49996.415018310596,-533.9018872942455,35.18402220110466,4.000270816869355e-06,1.0000200012740734,8.00108330414831e-13,2.4003057873828764e-11,0.924304977931708,0.07569502810805356,-6.039761740131867e-09,0.9999999999999999,0.5378486995307412,0.9999799991259696
0.014254454960101698,0.02480068975087543,49996.21630728747,-550.0257197039313,34.36097645377507,4.000286715967041e-06,1.0000200013535683,8.001146904971189e-13,2.4003248674007613e-11,0.9253750608427044,0.07462494552677026,-6.369474639886266e-09,1.0,0.5373136462987134,0.9999799990464778
0.014663122114784408,0.02518544251437538,49996.01759626433,-566.1495521136175,33.55745848921367,4.0003026151911104e-06,1.0000200014330638,8.001210506552419e-13,2.400343947646149e-11,0.926431220315224,0.07356878639606465,-6.71128897260045e-09,0.9999999999999997,0.5367855560969161,0.9999799989669855
0.015153253280897006,0.02557616425254933,49995.7071649657,-584.9266942033412,32.772995165964936,4.000327453607016e-06,1.000020001557255,8.001309868040997e-13,2.4003737557349935e-11,0.927473603647201,0.07252640345041217,-7.097612914895062e-09,1.0000000000000002,0.5362643547961312,0.9999799988427994
0.015690244024161488,0.025972947566833954,49995.332470137975,-605.2300681527198,32.00712515022156,4.000357434325933e-06,1.0000200017071574,8.001429801183379e-13,2.4004097352459133e-11,0.9285023575016825,0.07149765001545913,-7.517141795728576e-09,0.9999999999999998,0.5357499671074493,0.9999799986929029
0.016227234767425953,0.0263758864952654,49994.95777531024,-625.5334421020979,31.259398608095886,4.000387415494238e-06,1.000020001857062,8.001549737022336e-13,2.4004457155657916e-11,0.929517627913272,0.07048238003906522,-7.952337339894389e-09,0.9999999999999999,0.5352423205076349,0.9999799985430043
0.01676422551069042,0.026785076534766455,49994.58308048252,-645.8368160514758,30.529376906985764,4.000417397111942e-06,1.000020002006969,8.001669675557945e-13,2.4004816966946535e-11,0.9305195602835665,0.06948044812011436,-8.403681040818492e-09,0.9999999999999998,0.5347413430085339,0.9999799983931034
0.017301216253954903,0.027200614663779394,49994.20838565478,-666.1401900008544,29.81663232662173,4.000447379179054e-06,1.000020002156878,8.001789616790282e-13,2.400517678632521e-11,0.9315082993384377,0.06849170953322928,-8.871666845231188e-09,1.0000000000000002,0.5342469622499095,0.9999799982432004
0.01783820699721937,0.027622599365249915,49993.83369082705,-686.4435639502324,29.12074777721354,4.0004773616955856e-06,1.0000200023067893,8.001909560719437e-13,2.4005536613794208e-11,0.9324839891030288,0.06751602025377254,-9.356801378593157e-09,1.0,0.5337591062219076,0.999979998093295
0.018375197740483833,0.028051130649967785,49993.458995999325,-706.7469378996104,28.441316525207608,4.000507344661545e-06,1.000020002456703,8.002029507345483e-13,2.400589644935375e-11,0.9334467728777752,0.06655323698182891,-9.859604168550265e-09,1.0,0.5332777032768519,0.9999799979433873
0.018912188483748302,0.028486310080269396,49993.08430117159,-727.0503118489884,27.777941926440526,4.0005373280769436e-06,1.0000200026066188,8.002149456668506e-13,2.4006256293004088e-11,0.9343967932154182,0.06560321716518938,-1.0380607865863394e-08,0.9999999999999999,0.5328026821409253,0.9999799977934775
0.019449179227012767,0.02892824079410823,49992.709606343866,-747.3536857983664,27.130237166479077,4.000567311941791e-06,1.000020002756537,8.002269408688586e-13,2.4006616144745464e-11,0.9353341918990027,0.06466581902135582,-1.0920358462215963e-08,0.9999999999999999,0.5323339719251265,0.9999799976435654
0.01998616997027725,0.029377027529498622,49992.33491151613,-767.657059747745,26.497825007944545,4.000597296256098e-06,1.0000200029064574,8.0023893634058e-13,2.4006976004578124e-11,0.9362591099208293,0.06374090155858654,-1.1479415504254142e-08,1.0000000000000004,0.5318715021355587,0.9999799974936509
0.020523160713541714,0.029832776649338703,49991.9602166884,-787.960433697123,25.88033754462416,4.0006272810198736e-06,1.00002000305638,8.002509320820234e-13,2.4007335872502303e-11,0.9371716874623496,0.06282832459600261,-1.2058352303164536e-08,0.9999999999999998,0.5314152026839878,0.9999799973437343
0.021060151456806196,0.030295596166618654,49991.585521860674,-808.2638076465016,25.277415962178473,4.000657266233128e-06,1.000020003206305,8.002629280931964e-13,2.4007695748518257e-11,0.9380720638749821,0.061927948782773995,-1.2657756139041087e-08,1.0,0.5309650055166486,0.9999799971938154
0.021674126375384142,0.03076559577001974,49991.06154564778,-831.0873760971788,24.688710304028664,4.00069919854647e-06,1.0000200034159648,8.002797038625182e-13,2.4008199015557626e-11,0.9389603776993888,0.06103963561884804,-1.3318237178055155e-08,0.9999999999999996,0.5305208430731341,0.9999799969841638
0.02244255173294027,0.031242886849910747,49990.23807183847,-858.9671154485778,24.113879245999847,4.000765100569657e-06,1.0000200037454723,8.003060694968068e-13,2.400898997509294e-11,0.9398367666142969,0.06016324747000656,-1.4084303508140701e-08,1.0,0.5300826416992521,0.9999799966546695
0.0232109770904964,0.03172758252474756,49989.41459802915,-886.8468547999769,23.55258987933399,4.000831004764039e-06,1.0000200040749905,8.003324364340615e-13,2.400978097371662e-11,0.9407013673013443,0.059298647576921173,-1.4878265276151989e-08,1.0000000000000002,0.5296503313334142,0.9999799963251645
0.02397940244805255,0.03221979766788239,49988.59112421984,-914.7265941513766,23.00451748980391,4.000896911129722e-06,1.0000200044045198,8.003588046743675e-13,2.4010572011431203e-11,0.9415543156178223,0.058445700083113214,-1.5700935205082514e-08,1.0000000000000002,0.5292238472697051,0.9999799959956485
0.0247478278056087,0.032719648934788764,49987.767650410526,-942.6063335027765,22.46934535123317,4.000962819666815e-06,1.0000200047340597,8.003851742178116e-13,2.401136308823931e-11,0.942395746508169,0.05760427004497461,-1.6553143827579114e-08,0.9999999999999999,0.5288031220381271,0.9999799956661216
0.025516253163164807,0.0332272547907091,49986.94417660121,-970.4860728541747,21.94676452207113,4.001028730375425e-06,1.0000200050636108,8.004115450644792e-13,2.40121542041435e-11,0.9432257939898935,0.056774223445846345,-1.7435739562684884e-08,1.0000000000000002,0.5283880886320418,0.9999799953365838
0.026284678520720937,0.03374273553873107,49986.12070279189,-998.3658122055738,21.436473647375085,4.001094643255657e-06,1.0000200053931725,8.004379172144559e-13,2.4012945359146322e-11,0.9440445911402764,0.05595542720931263,-1.8349588767443336e-08,1.0000000000000002,0.5279786805147353,0.9999799950070353
0.027053103878277064,0.0342662133482995,49985.29722898258,-1026.2455515569727,20.938178766048424,4.001160558307622e-06,1.000020005722745,8.004642906678282e-13,2.40137365532504e-11,0.9448522700838444,0.05514774921173097,-1.9295575761022416e-08,0.9999999999999996,0.5275748316261542,0.9999799946774759
0.027821529235833215,0.034797812284170705,49984.47375517327,-1054.1252909083726,20.451593123188722,4.0012264755314246e-06,1.0000200060523285,8.004906654246814e-13,2.4014527786458277e-11,0.9456489619805873,0.054351058294015625,-2.027460281885715e-08,1.0,0.5271764763881066,0.9999799943479055
0.028589954593389366,0.03533765833581589,49983.65028136395,-1082.0050302597724,19.976436987403954,4.001292394927173e-06,1.000020006381923,8.005170414851015e-13,2.4015319058772527e-11,0.9464347970148962,0.053565224272693425,-2.1287590134137726e-08,0.9999999999999996,0.5267835497103306,0.9999799940183244
0.029358379950945496,0.03588587944728082,49982.82680755464,-1109.8847696111716,19.512437472958485,4.001358316494975e-06,1.0000200067115281,8.005434188491751e-13,2.4016110370195767e-11,0.9472099043852246,0.05279011795025119,-2.2335475743790315e-08,1.0,0.5263959869955386,0.9999799936887324
0.030126805308501623,0.03644260554750873,49982.00333374532,-1137.7645089625705,19.059328366615514,4.0014242402349375e-06,1.0000200070411442,8.005697975169873e-13,2.401690172073054e-11,0.947974412294424,0.05202561112479122,-2.3419215415904243e-08,0.9999999999999998,0.5260137241440219,0.9999799933591295
0.030895230666057732,0.03700796858113352,49981.179859936005,-1165.6442483139688,18.616849959045723,4.0014901661471676e-06,1.000020007370771,8.005961774886243e-13,2.401769311037943e-11,0.9487284479407672,0.05127157659901518,-2.453978249535624e-08,0.9999999999999999,0.5256366975584115,0.9999799930295159
0.03166365602361388,0.03758210253975086,49980.35638612669,-1193.5239876653686,18.184748880675894,4.001556094231773e-06,1.0000200077004089,8.006225587641721e-13,2.4018484539145003e-11,0.9494721375096156,0.0505278881885521,-2.5698167704165607e-08,0.9999999999999999,0.5252648441476993,0.9999799926998911
0.032432081381170035,0.038165143493674225,49979.53291231738,-1221.4037270167685,17.762777941855155,4.001622024488861e-06,1.0000200080300576,8.006489413437166e-13,2.4019276007029866e-11,0.9502056061657296,0.0497944207296495,-2.6895378892884278e-08,1.0000000000000002,0.5248981013311607,0.9999799923702556
0.03320050673872616,0.038757229624183744,49978.70943850806,-1249.2834663681674,17.350695977219576,4.001687956918539e-06,1.000020008359717,8.006753252273435e-13,2.4020067514036572e-11,0.9509289780461966,0.04907105008624433,-2.8132440739083298e-08,1.0,0.524536407041893,0.9999799920406094
0.03396893209628229,0.03935850125627535,49977.88596469875,-1277.1632057195666,16.94826769413966,4.001753891520914e-06,1.0000200086893873,8.007017104151391e-13,2.4020859060167715e-11,0.9516423762539634,0.04835765315643125,-2.9410394388737684e-08,1.0000000000000002,0.5241796997299417,0.9999799917109523
0.034737357453838394,0.03996910089191787,49977.06249088943,-1305.0429450709648,16.555263525138614,4.0018198282960955e-06,1.0000200090190687,8.007280969071895e-13,2.402165064542587e-11,0.9523459228519524,0.04765410787834489,-3.073029703603827e-08,1.0000000000000002,0.5238279254591447,0.9999799913812841
0.0357296766353809,0.040589173243826195,49975.5839595054,-1340.3485545279934,16.171459480640085,4.001938221960798e-06,1.0000200096110323,8.007754766195377e-13,2.402307201973165e-11,0.9530397390241131,0.04696029324367057,-3.226778329621976e-08,1.0000000000000002,0.5234810231953873,0.9999799907893442
0.03692381659816026,0.04121886526975821,49973.514950773075,-1382.3479390941236,15.796637016569752,4.0021039099656945e-06,1.0000200104394656,8.008417853081351e-13,2.4025061256506445e-11,0.9537239447319763,0.04627608928534538,-3.4017321637196806e-08,1.0,0.5231389195260334,0.9999799899609441
0.038117956560939664,0.0418583262073441,49971.445942040744,-1424.3473236602551,15.43058289673502,4.0022696116907695e-06,1.0000200112679676,8.009081022331692e-13,2.4027050740370385e-11,0.9543986587422534,0.04560137708396008,-3.58262133781072e-08,1.0000000000000002,0.522801555527451,0.9999799891324752
0.039312096523719024,0.04250770760945568,49969.37693330842,-1466.3467082263853,15.073089054109486,4.002435327137726e-06,1.0000200120965383,8.009744273960038e-13,2.4029040471364386e-11,0.9550639989103908,0.0449360387854903,-3.76958808038859e-08,1.0000000000000002,0.5224688786147595,0.9999799883039376
0.040506236486498384,0.04316716338012465,49967.3079245761,-1508.3460927925157,14.723952464763086,4.0026010563082675e-06,1.0000200129251775,8.010407607980029e-13,2.4031030449529372e-11,0.9557200820306031,0.044279957597150935,-3.962775366034136e-08,1.0000000000000002,0.5221408303920185,0.9999799874753317
0.04170037644927775,0.04383684981101799,49965.23891584377,-1550.345477358646,14.382975021921608,4.0027667992041015e-06,1.0000200137538853,8.011071024405324e-13,2.4033020674906296e-11,0.9563670238331619,0.04363301779010534,-4.1623267046277285e-08,1.0000000000000002,0.521817352995086,0.9999799866466571
0.04289451641205711,0.04451692561847918,49963.16990711145,-1592.3448619247763,14.049963413296572,4.002932555826931e-06,1.0000200145826619,8.011734523249564e-13,2.4035011147536106e-11,0.9570049389821589,0.04299510470170032,-4.368385910086367e-08,1.0,0.5214983890928977,0.9999799858179136
0.04408865637483651,0.04520755198114425,49961.100898379125,-1634.3442464909076,13.724729001596307,4.003098326178463e-06,1.0000200154115069,8.012398104526407e-13,2.4037001867459765e-11,0.957633941073727,0.042366104737241665,-4.581096847180335e-08,1.0,0.5211838818881631,0.9999799849891018
0.04528279633761587,0.04590889257814109,49959.0318896468,-1676.343631057038,13.407087708132181,4.003264110260402e-06,1.0000200162404207,8.013061768249506e-13,2.4038992834718233e-11,0.9582541426347062,0.04174590537132521,-4.800603154892904e-08,0.9999999999999998,0.5208737751181758,0.9999799841602212
0.04647693630039523,0.04662111362788178,49956.96288091448,-1718.3430156231682,13.09685989943567,4.003429908074455e-06,1.0000200170694031,8.013725514432521e-13,2.4040984049352482e-11,0.9588656551217419,0.041134395148737575,-5.02704794469004e-08,1.0,0.5205680130551684,0.9999799833312719
0.0476710762631746,0.04734438392745638,49954.893872182154,-1760.3424001892984,12.793870276805093,4.003595719622327e-06,1.0000200178984542,8.01438934308911e-13,2.4042975511403496e-11,0.9594685889207941,0.0405314636849407,-5.26057347196442e-08,1.0000000000000002,0.5202665405064977,0.9999799825022541
0.04886521622595396,0.04807887489263805,49952.82486344983,-1802.3417847554288,12.497947768702526,4.0037615449057255e-06,1.000020018727574,8.015053254232941e-13,2.4044967220912273e-11,0.9600630533470533,0.039937001666154236,-5.501320778809763e-08,0.9999999999999998,0.5199693028148147,0.9999799816731674
0.050059356188733355,0.04882476059850871,49950.7558547175,-1844.34116932156,12.208925425924049,4.003927383926357e-06,1.0000200195567626,8.015717247877683e-13,2.404695917791981e-11,0.960649156645244,0.03935090084904936,-5.7494293061664736e-08,1.0000000000000002,0.5196762458577808,0.9999799808440121
0.05125349615151272,0.04958221782071505,49948.686845985176,-1886.3405538876905,11.926640319468506,4.004093236685929e-06,1.0000200203860197,8.016381324037e-13,2.404895138246712e-11,0.9612270059902978,0.03877305406006687,-6.005036473257695e-08,1.0,0.5193873160478972,0.9999799800147882
0.05244763611429208,0.05035142607736455,49946.61783725285,-1928.3399384538207,11.650933441032022,4.0042591031861485e-06,1.0000200212153454,8.01704548272457e-13,2.4050943834595216e-11,0.9617967074883987,0.03820335519437349,-6.268277222106132e-08,1.0,0.5191024603317231,0.9999799791854956
0.05364177607707145,0.051132567671571434,49944.54882852053,-1970.3393230199508,11.381649606057845,4.004424983428722e-06,1.00002002204474,8.017709723954061e-13,2.4052936534345113e-11,0.9623583661783669,0.03764169921446823,-6.539283524785062e-08,0.9999999999999999,0.5188216261892933,0.9999799783561343
0.05483591603985084,0.051925827734662665,49942.479819788205,-2012.3387075860824,11.118637359272677,4.00459087741536e-06,1.0000200228742033,8.018374047739163e-13,2.4054929481757865e-11,0.9629120860333865,0.0370879821484522,-6.81818385091259e-08,1.0,0.5185447616333221,0.9999799775267041
0.0560300560026302,0.05273139427005424,49940.41081105588,-2054.3380921522125,10.861748882642967,4.004756785147768e-06,1.0000200237037353,8.019038454093543e-13,2.40569226768745e-11,0.9634579699630523,0.036542101087973435,-7.10510259274475e-08,0.9999999999999998,0.5182718152079531,0.9999799766972054
0.05722419596540957,0.05354945819780819,49938.34180232356,-2096.3374767183427,10.610839905686198,4.004922706627656e-06,1.0000200245333362,8.019702943030895e-13,2.405891611973608e-11,0.9639961198157351,0.036003954185859235,-7.400159445061112e-08,1.0,0.5180027359877641,0.9999799758676378
0.05841833592818893,0.0543802133998809,49936.27279359123,-2138.3368612844733,10.365769618074298,4.005088641856733e-06,1.0000200253630056,8.020367514564905e-13,2.4060909810383654e-11,0.9645266363812404,0.03547344065344741,-7.703468736864416e-08,1.0000000000000004,0.5177375024679947,0.9999799750380015
0.060209434429356584,0.055223856766073255,49931.4746647233,-2200.273390718071,10.126400575459957,4.005473506405343e-06,1.000020027287313,8.021909005257556e-13,2.4065534226894822e-11,0.9650496200543924,0.03495046078155375,-8.083594605380549e-08,1.0,0.5174760405170389,0.9999799731137712
0.062088280731045546,0.05608058824069373,49926.27537853227,-2265.1405099636813,9.89259864251218,4.005890631846954e-06,1.0000200293729233,8.023579877159594e-13,2.4070546782364263e-11,0.965565168976622,0.03443491586901649,-8.48456380648578e-08,1.0000000000000004,0.5172182676750054,0.9999799710282444
0.06396712703273445,0.05695061086994533,49921.076092341245,-2330.0076292092904,9.664232888339827,4.006307844175549e-06,1.0000200314589685,8.025251271151266e-13,2.4075560904077515e-11,0.9660733806850684,0.03392670828031088,-8.896537936506608e-08,0.9999999999999999,0.5169641593792136,0.9999799689422829
0.06584597333442337,0.057834130850047814,49915.87680615021,-2394.874748454899,9.441175512995105,4.006725143418279e-06,1.0000200335454479,8.026923187450115e-13,2.408057659268717e-11,0.966574351767151,0.03342574142847525,-9.319562658944909e-08,0.9999999999999998,0.5167136715500362,0.999979966855887
0.06772481963611227,0.05873135757610642,49910.67751995919,-2459.741867700508,9.223301771999605,4.007142529602304e-06,1.000020035632362,8.028595626273775e-13,2.408559384884615e-11,0.9670681777690394,0.03293191976759176,-9.753663100646894e-08,1.0000000000000002,0.5164667564071692,0.9999799647690565
0.06960366593780118,0.059642503691738645,49905.47823376816,-2524.6089869461166,9.010489901472877,4.007560002754799e-06,1.000020037719711,8.03026858784002e-13,2.409061267320775e-11,0.9675549531998741,0.03244514878854405,-1.0198841815481378e-07,1.0,0.516223366688024,0.9999799626817911
0.07148251223949013,0.060567785139471066,49900.27894757713,-2589.4761061917275,8.802621045158823,4.007977562902947e-06,1.000020039807495,8.031942072366725e-13,2.4095633066425568e-11,0.9680347715362168,0.031965335014549304,-1.0655076600145971e-07,1.0,0.5159834556455394,0.9999799605940909
0.07336135854117899,0.06150742121191778,49895.0796613861,-2654.3432254373342,8.599579183299786,4.008395210073946e-06,1.0000200418957141,8.033616080071875e-13,2.4100655029153573e-11,0.9685077252267079,0.031492385996473804,-1.1122318152526094e-07,1.0000000000000002,0.5157469770454526,0.9999799585059554
0.075240204842868,0.062461634603753216,49889.880375195076,-2719.210344682947,8.401251063309399,4.008812944295001e-06,1.0000200439843685,8.035290611173578e-13,2.4105678562046056e-11,0.968973905696934,0.031026210307941886,-1.1600487562447283e-07,1.0000000000000002,0.5155138851641681,0.9999799564173848
0.07711905114455686,0.0634306514644907,49884.68108900405,-2784.0774639285537,8.207526132196875,4.0092307655933315e-06,1.0000200460734583,8.036965665890046e-13,2.4110703665757634e-11,0.9694334033544889,0.030566717540247562,-1.2089473624040944e-07,1.0000000000000002,0.5152841347860999,0.9999799543283787
0.07899789744624576,0.06441470145208038,49879.48180281302,-2848.9445831741627,8.018296470696443,4.009648673996169e-06,1.0000200481629835,8.038641244439618e-13,2.411573034094333e-11,0.9698863075942221,0.030113818297077523,-1.258912995828937e-07,1.0,0.515057681200588,0.9999799522389373
0.08087674374793467,0.06541401778733821,49874.28251662199,-2913.8117024197713,7.833456729057162,4.010066669530751e-06,1.0000200502529444,8.040317347040724e-13,2.412075858825842e-11,0.9703327068036647,0.02966742418905466,-1.3099271933619503e-07,1.0,0.5148344801997524,0.9999799501490602
0.08275559004962363,0.06642883730921967,49869.083230430966,-2978.678821665382,7.652904064449436,4.010484752224333e-06,1.0000200523433411,8.041993973911935e-13,2.412578840835859e-11,0.9707726883686236,0.029227447828110334,-1.3619673371681648e-07,1.0000000000000002,0.5146144880749404,0.9999799480587472
0.0846344363513126,0.06745940053095059,49863.88394423993,-3043.545940910993,7.476538079945827,4.010902922104179e-06,1.0000200544341737,8.043671125271922e-13,2.4130819801899846e-11,0.9712063386789365,0.028793802821694026,-1.4150063024669467e-07,1.0000000000000002,0.5143976616142396,0.9999799459679986
0.08651328265300144,0.0685059516970292,49858.68465804891,-3108.4130601566,7.3042607650348375,4.011321179197563e-06,1.0000200565254425,8.045348801339463e-13,2.4135852769538506e-11,0.9716337431343797,0.0283664037668282,-1.4690120809714728e-07,0.9999999999999998,0.5141839580992169,0.9999799438768137
0.08839212895469035,0.06956873884111237,49853.48537185788,-3173.2801794022084,7.135976437627582,4.011739523531772e-06,1.0000200586171475,8.047027002333465e-13,2.4140887311931284e-11,0.9720549861507217,0.027945166244016367,-1.5239473785017839e-07,1.0000000000000002,0.5139733353017704,0.9999799417851926
0.09027097525637927,0.07064801384479967,49848.28608566685,-3238.1472986478175,6.971591687518384,4.012157955134106e-06,1.0000200607092886,8.048705728472947e-13,2.4145923429735228e-11,0.9724701511659064,0.02753000681101211,-1.5797691851451537e-07,0.9999999999999999,0.5137657514810527,0.9999799396931354
0.09214982155806822,0.07174403249732969,49843.08679947582,-3303.0144178934283,6.8110153212612,4.012576474031872e-06,1.0000200628018663,8.050384979977024e-13,2.415096112360766e-11,0.9728793206463755,0.027120842996456493,-1.6364283162399472e-07,1.0000000000000002,0.5135611653800396,0.9999799376006416
0.09402866785975718,0.07285705455620221,49837.8875132848,-3367.8815371390388,6.654158308425093,4.0129950802523916e-06,1.0000200648948807,8.05206475706495e-13,2.415600039420633e-11,0.9732825760935011,0.026717593293390886,-1.693868922355609e-07,0.9999999999999998,0.5133595834402129,0.9999799355077112
0.09659780730386296,0.07398734380874106,49827.834008759295,-3455.6732152350405,6.500933719741628,4.013804758278079e-06,1.0000200689432381,8.055314318787875e-13,2.4165748961999304e-11,0.9736799989778178,0.02632017717772927,-1.7615554717895183e-07,0.9999999999999999,0.513160939060981,0.9999799314595162
0.09947307346829112,0.07513516813461202,49815.6277870081,-3553.631327827462,6.351256700709835,4.014788248729247e-06,1.000020073860651,8.059262341067227e-13,2.4177592886200948e-11,0.974071668371944,0.025928515036442033,-1.8340838595968633e-07,1.0,0.5129651241581072,0.9999799265423007
0.10234833963271929,0.07630079956931049,49803.42156525691,-3651.589440419883,6.2050444050210665,4.015772221261924e-06,1.0000200787804743,8.063213266529465e-13,2.4189445519811385e-11,0.9744576625041842,0.02554252820428183,-1.9070846634422293e-07,0.9999999999999998,0.5127721255591027,0.999979921622675
0.10522360579714754,0.07748451436863425,49791.21534350572,-3749.547553012307,6.062215943201928,4.016756676230654e-06,1.0000200837027096,8.067167098021766e-13,2.4201306871371973e-11,0.9748380590750643,0.025162138964625918,-1.9803968999251763e-07,1.0000000000000002,0.5125819252847421,0.9999799167006375
0.10809887196157579,0.07868659307415621,49779.00912175452,-3847.5056656047313,5.922692339534199,4.017741613990327e-06,1.0000200886273587,8.071123838394799e-13,2.421317694943455e-11,0.9752129348530411,0.02478727053118124,-2.053842221052506e-07,1.0000000000000002,0.5123944848829041,0.9999799117761862
0.11097413812600396,0.07990732057971311,49766.80290000333,-3945.4637781971524,5.786396485863497,4.018727034896181e-06,1.0000200935544237,8.075083490502726e-13,2.422505576256142e-11,0.9755823656814666,0.024417847040891713,-2.1272235836278166e-07,1.0,0.5122097663587013,0.9999799068493191
0.11384940429043205,0.08114698619892578,49754.596678252135,-4043.4218907895706,5.6532530965552565,4.019712939303804e-06,1.000020098483906,8.079046057203213e-13,2.4236943319325422e-11,0.9759464264856168,0.024053793546766036,-2.200323828888989e-07,0.9999999999999999,0.5120277321703952,0.9999799019200349
0.11672467045486022,0.08240588373376657,49742.39045650094,-4141.380003381992,5.5231886645683845,4.020699327569131e-06,1.0000201034158078,8.083011541357431e-13,2.4248839628309887e-11,0.9763051912797847,0.0236950360106322,-2.272904166726542e-07,1.0000000000000002,0.5118483452255873,0.9999798969883313
0.11959993661928847,0.08368431154419081,49730.184234749744,-4239.338115974416,5.396131418617766,4.021686200048449e-06,1.0000201083501303,8.086979945830068e-13,2.4260744698108712e-11,0.9766587331744316,0.02334150129582393,-2.3447025584722208e-07,0.9999999999999998,0.5116715688773184,0.9999798920542072
0.12247520278371664,0.08498257261884826,49717.97801299855,-4337.296228566837,5.272011281397614,4.022673557098393e-06,1.000020113286876,8.09095127348932e-13,2.4272658537326303e-11,0.9770071243833942,0.02299311715980469,-2.41543199188339e-07,0.9999999999999998,0.5114973669198406,0.9999798871176602
0.1253504689481449,0.08630097464689199,49705.77179124736,-4435.2543411592615,5.150759828838366,4.02366139907595e-06,1.0000201182260462,8.094925527206914e-13,2.4284581154577675e-11,0.9773504362311298,0.022649812246734062,-2.4847786415636026e-07,0.9999999999999997,0.5113257035845393,0.9999798821786887
0.12822573511257307,0.08763983009090068,49693.56556949617,-4533.212453751683,5.03231025037065,4.024649726338454e-06,1.0000201231676427,8.098902709858097e-13,2.429651255848839e-11,0.9776887391600088,0.022311516079981962,-2.5523999076517994e-07,0.9999999999999999,0.5111565435359466,0.9999798772372911
0.13110100127700114,0.08899945626093286,49681.35934774497,-4631.170566344101,4.91659731017039,4.025638539243595e-06,1.0000201281116674,8.102882824321653e-13,2.430845275769464e-11,0.9780221027376373,0.021978159054595242,-2.617922325180861e-07,1.0,0.5109898518673361,0.9999798722934653
0.13397626744142932,0.09038017538972958,49669.15312599378,-4729.128678936522,4.8035573093600314,4.026627838149412e-06,1.000020133058122,8.106865873479902e-13,2.4320401760843195e-11,0.978350595664212,0.021649672429721524,-2.6809393360490163e-07,0.9999999999999999,0.5108255940965876,0.9999798673472099
0.13685153360585756,0.09178231470908384,49656.946904242584,-4827.086791528946,4.693128049141353,4.027617623414295e-06,1.0000201380070086,8.110851860218707e-13,2.4332359576591477e-11,0.9786742857798968,0.02132598832099483,-2.741008915063691e-07,1.0,0.5106637361619377,0.9999798623985225
0.13972679977028582,0.0932062065273949,49644.74068249139,-4925.044904121371,4.585248794836102,4.028607895396989e-06,1.0000201429583286,8.114840787427479e-13,2.4344326213607544e-11,0.9789932400722164,0.021007039692887263,-2.797651041005139e-07,0.9999999999999997,0.5105042444175112,0.9999798574474019
0.14260206593471397,0.09465218830842563,49632.53446074019,-5023.003016713792,4.479860240811249,4.029598654456592e-06,1.000020147912084,8.118832657999189e-13,2.4356301680570133e-11,0.9793075246834688,0.020692760351031295,-2.850345003114939e-07,0.9999999999999999,0.5103471116808436,0.9999798524938461
0.14579404099979978,0.09612060275128192,49616.98897573021,-5131.2325774735555,4.376904472755545,4.030861161800766e-06,1.0000201542245697,8.123920852856911e-13,2.4371566080584434e-11,0.9796172051610544,0.020383084939570664,-2.901006252821941e-07,0.9999999999999998,0.5101923664888233,0.9999798461816148
0.1500805014155161,0.09761179787163257,49589.90363594802,-5274.958297405271,4.276324933491129,4.033062755186891e-06,1.0000201652324479,8.132797593637839e-13,2.4398195980811946e-11,0.9799223464125435,0.02007794893197687,-2.9534452047589427e-07,0.9999999999999999,0.5100398581870991,0.9999798351741805
0.15436696183123252,0.09912612708418941,49562.818296165846,-5418.68401733699,4.178066415229563,4.035266754839098e-06,1.0000201762523573,8.141688891354835e-13,2.4424869551143157e-11,0.9802230111163712,0.01977728859080416,-2.9970717545396683e-07,0.9999999999999999,0.50988949267213,0.9999798241547156
0.1586534222469488,0.10066394928646676,49535.73295638366,-5562.409737268705,4.082074994711144,4.037473164704495e-06,1.0000201872843175,8.150594777854464e-13,2.445158688711583e-11,0.9805192620647324,0.019481041008522267,-3.030732547529642e-07,1.0,0.5097413297105504,0.9999798131232007
0.16293988266266524,0.10222562894384081,49508.647616601476,-5706.135457200424,3.988298014851249,4.0396819887388236e-06,1.0000201983283485,8.159515285070428e-13,2.447834808452915e-11,0.9808111612376611,0.019189144080032697,-3.0531769371210375e-07,1.0,0.5095953379224838,0.9999798020796157
0.16722634307838155,0.10381153617592792,49481.5622768193,-5849.861177132139,3.8966840545204526,4.04189323090649e-06,1.0000202093844701,8.168450445023853e-13,2.4505153239444536e-11,0.9810987698101044,0.018901536494893022,-3.063049973926295e-07,1.0,0.5094514863019697,0.9999797910239409
0.17151280349409798,0.10542204684430374,49454.476937037114,-5993.5868970638585,3.8071828990634313,4.044106895180584e-06,1.000020220452702,8.177400289823572e-13,2.4532002448186557e-11,0.9813821481589555,0.018618157729537243,-3.058884929022647e-07,0.9999999999999999,0.5093097442114285,0.9999797799561564
0.1757992639098143,0.1070575426415823,49427.39159725493,-6137.312616995573,3.719745511538092,4.046322985542906e-06,1.000020231533064,8.18636485166643e-13,2.455889580734378e-11,0.9816613558700364,0.018338948039495696,-3.039095321776029e-07,1.0,0.5091700813760909,0.9999797688762427
0.18008572432553047,0.10871841118187794,49400.30625747275,-6281.038336927284,3.634324004656638,4.048541505983985e-06,1.0000202426255764,8.195344162837537e-13,2.45858334137696e-11,0.9819364517450251,0.01806384845161722,-3.001966420971155e-07,1.0000000000000002,0.5090324678783773,0.9999797577841791
0.1843721847412469,0.1104050460926701,49373.22091769057,-6424.764056859003,3.5508716134109366,4.050762460503111e-06,1.0000202537302592,8.204338255710611e-13,2.4612815364583182e-11,0.9822074938083216,0.017792800756296797,-2.945646186065202e-07,0.9999999999999999,0.508896874152164,0.9999797466799462
0.18865864515696318,0.11211784710809322,49346.13557790839,-6568.489776790718,3.4693426683649218,4.052985853108351e-06,1.0000202648471321,8.213347162748213e-13,2.4639841757170253e-11,0.9824745393138496,0.017525747499711482,-2.868135613359858e-07,0.9999999999999998,0.5087632709769281,0.9999797355635236
0.1929451055726795,0.11385722016367447,49319.050238126205,-6712.215496722433,3.389692569597227,4.05521168781658e-06,1.0000202759762153,8.222370916502098e-13,2.4666912689184085e-11,0.9827376447517779,0.01726263197606708,-2.7672784497430063e-07,1.0,0.5086316294716582,0.9999797244348916
0.19723156598839592,0.11562357749254071,49291.96489834402,-6855.941216654152,3.311877761277733,4.057439968653498e-06,1.0000202871175292,8.231409549613451e-13,2.4694028258546257e-11,0.982996865855165,0.01700339821985843,-2.6407502343810346e-07,1.0,0.5085019210888078,0.9999797132940296
0.2015180264041121,0.11741733772311794,49264.87955856184,-6999.666936585863,3.2358557068621083,4.059670699653661e-06,1.0000202982710937,8.240463094813224e-13,2.472118856344764e-11,0.9832522576065168,0.01674799099814588,-2.4860466263373016e-07,1.0,0.5083741176079926,0.9999797021409177
0.20580448681982852,0.11923892597834711,49237.79421877966,-7143.3926565175825,3.161584864888797,4.061903884860502e-06,1.0000203094369289,8.249531584922419e-13,2.474839370234922e-11,0.9835038742442472,0.016496355802849888,-2.3004709735442831e-07,0.9999999999999998,0.5082481911296952,0.999979690975536
0.21009094723554483,0.12108877397643815,49210.70887899748,-7287.118376449297,3.0890246653634312,4.064139528326354e-06,1.0000203206150555,8.25861505285238e-13,2.4775643773983053e-11,0.9837517692690407,0.0162484388430667,-2.0811210758584184e-07,0.9999999999999998,0.5081241140686856,0.9999796797978635
0.21437740765126112,0.12296732013318808,49183.623539215296,-7430.844096381013,3.018135486715897,4.066377634112481e-06,1.0000203318054934,8.267713531605107e-13,2.4802938877353117e-11,0.9839959954501025,0.01600418703740667,-1.824875092067745e-07,0.9999999999999999,0.5080018936286592,0.9999796686078805
0.2192867355952723,0.12487500966588574,49146.92892196661,-7593.646902368152,2.9488786301850634,4.069413705072175e-06,1.0000203469857247,8.280063951514625e-13,2.483998968492089e-11,0.9842366030064648,0.01576354797713134,-1.5098359616884394e-07,0.9999999999999999,0.5078815274305768,0.9999796534282667
0.2256113872074037,0.12681229469882865,49088.39942456435,-7799.798013069332,2.8812163021734776,4.074265763221559e-06,1.000020371245818,8.299820754679676e-13,2.48992593703991e-11,0.9844736397416162,0.015526469922804886,-1.0966442102230391e-07,1.0,0.5077628629271658,0.9999796291691612
0.23193603881953545,0.1287796343704772,49029.869927162086,-8005.949123770524,2.815111601916921,4.079129405630367e-06,1.0000203955638316,8.319648353939178e-13,2.4958741440699358e-11,0.984707159605505,0.015292901931568919,-6.153707377964236e-08,1.0,0.5076458452352028,0.999979604852139
0.23826069043166703,0.13077749494227053,48971.340429759824,-8212.10023447171,2.7505284821968146,4.0840046738342086e-06,1.0000204199399736,8.339547087949831e-13,2.5018436911771065e-11,0.9849372122641568,0.015062793681725441,-5.945882404146706e-09,0.9999999999999998,0.5075305353829762,0.9999795804769919
0.24458534204379861,0.13280634990913137,48912.810932357555,-8418.251345172897,2.6874317371139793,4.088891609567496e-06,1.0000204443744527,8.359517297395735e-13,2.5078346805645674e-11,0.985163846660192,0.01483609552305684,5.781675146096927e-08,1.0000000000000002,0.5074169068007741,0.9999795560435112
0.25090999365593036,0.13486668011168457,48854.281434955294,-8624.40245587409,2.6257869821941067,4.0937902547646405e-06,1.0000204688674783,8.379559325002971e-13,2.5138472150480387e-11,0.9853871110165908,0.01461275846933551,1.3051407347371728e-07,0.9999999999999998,0.5073049331261323,0.9999795315514877
0.2572346452680619,0.13695897385021663,48795.75193755303,-8830.553566575272,2.5655606349731506,4.098700651561249e-06,1.0000204934192611,8.399673515554305e-13,2.5198813980602377e-11,0.9856070528401824,0.014392734190869134,2.1296894858296458e-07,1.0,0.5071945881917124,0.9999795070007105
0.26355929688019347,0.1390837270004038,48737.22244015077,-9036.704677276459,2.506719896050754,4.103622842295336e-06,1.0000205180300128,8.419860215904028e-13,2.525937333655318e-11,0.9858237189248172,0.014175975007082675,3.060681002846508e-07,1.0000000000000002,0.5070858460125507,0.9999794823909681
0.2698839484923252,0.1412414431308348,48678.6929427485,-9242.85578797765,2.4492327306001096,4.1085568695085375e-06,1.0000205426999464,8.440119774992898e-13,2.532015126513362e-11,0.9860371553542265,0.013962433879139006,4.107666344250414e-07,0.9999999999999999,0.5069786807729528,0.9999794577220474
0.2762086001044567,0.14343263362235692,48620.16344534624,-9449.006898678834,2.3930678503229457,4.113502775947334e-06,1.0000205674292753,8.460452543863211e-13,2.5381148819448956e-11,0.9862474075045351,0.013752064402599216,5.28092865916838e-07,1.0000000000000002,0.5068730668125809,0.9999794329937352
0.2825332517165885,0.1456578177892743,48561.63394794397,-9655.158009380028,2.3381946958385944,4.118460604564291e-06,1.0000205922182142,8.480858875674033e-13,2.5442367058954617e-11,0.9864545200464083,0.01354482080012388,6.591534678859083e-07,1.0,0.5067689786120297,0.9999794082058165
0.2888579033287201,0.14791752300242533,48503.10445054171,-9861.309120081214,2.2845834194964665,4.123430398519298e-06,1.0000206170669792,8.501339125716509e-13,2.5503807049502084e-11,0.9866585369468194,0.013340657914216717,8.051389639888157e-07,1.0,0.506666390777756,0.9999793833580755
0.29518255494085155,0.1502122848141705,48444.57495313945,-10067.460230782397,2.2322048686014138,4.128412201180823e-06,1.0000206419757869,8.521893651429344e-13,2.5565469863385397e-11,0.9868595014704025,0.013139531200011486,9.673295859390725e-07,0.9999999999999999,0.5065652780261658,0.9999793584502955
0.3015072065529833,0.1525426470853188,48386.045455737185,-10273.611341483589,2.1810305690418326,4.1334060561271736e-06,1.0000206669448555,8.542522812414397e-13,2.5627356579387876e-11,0.987057456180377,0.012941396718103425,1.1471015196566978e-06,1.0,0.5064656151670306,0.9999793334822583
0.3078318581651148,0.15490916211402284,48327.515958334916,-10479.762452184772,2.13103270931058,4.138412007147768e-06,1.0000206919744035,8.563226970452411e-13,2.568946828282931e-11,0.9872524429390089,0.012746211127426141,1.345933564916859e-06,1.0,0.5063673770861037,0.9999793084537455
0.31415650977724663,0.1573123907666747,48268.986460932654,-10685.913562885968,2.082184124908984,4.143430098244412e-06,1.0000207170646511,8.584006489518848e-13,2.5751806065613543e-11,0.9874445029075902,0.012553931678174866,1.5654142349238142e-06,1.0,0.5062705387268629,0.9999792833645368
0.32048116138937816,0.1597529026108311,48210.45696353039,-10892.06467358715,2.034458283124594,4.1484603736325925e-06,1.0000207422158196,8.604861735799934e-13,2.5814371026276474e-11,0.9876336765458993,0.012364516204777095,1.8072493238809574e-06,1.0000000000000002,0.5061748009193181,0.999979258214411
0.32884361305461857,0.1622312760502023,48106.96072252419,-11152.817204643805,1.9878292849526091,4.157385241535534e-06,1.0000207868397883,8.641926023268737e-13,2.592556250336006e-11,0.9878199677599824,0.012177922676935644,2.109563082128104e-06,1.0000000000000002,0.5060801502319272,0.9999792135922954
0.33811872552000877,0.16474809846173363,47983.325418249704,-11438.023840466481,1.942271815189857,4.168097242891067e-06,1.0000208403993494,8.686517313098057e-13,2.605933470225372e-11,0.9880034266973959,0.011994110231589488,2.46307101455157e-06,1.0,0.5059869153283394,0.9999791600349638
0.3473938379853988,0.16730396633481467,47859.69011397522,-11723.230476289154,1.8977611430503631,4.1788645883580804e-06,1.0000208942356272,8.731454623916575e-13,2.6194144946807957e-11,0.9881841050863891,0.011813038587606463,2.8563260042945404e-06,0.9999999999999999,0.5058950381671252,0.9999791062009328
0.3566689504507887,0.16989948541264793,47736.054809700734,-12008.437112111822,1.8542731184406898,4.189687707954772e-06,1.0000209483507723,8.776741545093653e-13,2.6330004004906144e-11,0.9883620392511336,0.011634667837287711,3.2929115791111223e-06,1.0000000000000004,0.5058043906996801,0.9999790520880519
0.365944062916179,0.17253527083581055,47612.419505426245,-12293.643747934504,1.8117841522666,4.200567036165837e-06,1.000021002746957,8.822381712661522e-13,2.6466922784416752e-11,0.9885372646794527,0.01145895862209151,3.7766984557475928e-06,1.0,0.5057149435826638,0.9999789976941492
0.37521917538156907,0.17521194728804293,47488.78420115176,-12578.850383757177,1.7702712032695924,4.2115030120006105e-06,1.0000210574263761,8.868378810045108e-13,2.660491233538279e-11,0.9887098160081345,0.011285872125862817,4.311866003036614e-06,1.0000000000000004,0.5056266670226002,0.9999789430170297
0.3844942878469592,0.1779301491442999,47365.14889687727,-12864.057019579854,1.7297117651776086,4.222496079052122e-06,1.000021112391248,8.914736568805272e-13,2.6743983852251405e-11,0.9888797270066493,0.011115370068112246,4.902925238649249e-06,1.0000000000000002,0.5055395307208528,0.9999788880544758
0.39376940031234925,0.1806905206210976,47241.51359260279,-13149.263655402527,1.6900838541622525,4.2335466855570724e-06,1.000021167643813,8.961458769395637e-13,2.6884148676144333e-11,0.9890470305591891,0.010947414697345302,5.554743465803025e-06,1.0000000000000002,0.5054535038154171,0.9999788328042466
0.4030445127777393,0.1834937159291941,47117.8782883283,-13434.4702912252,1.6513659965950294,4.244655284456759e-06,1.0000212231863368,9.008549241933347e-13,2.7025418297170093e-11,0.9892117586448952,0.010781968784441735,6.272570663434447e-06,1.0000000000000002,0.5053685548186113,0.9999787772640772
0.4123196252431295,0.18634039942863753,46994.24298405381,-13719.676927047876,1.613537217095339,4.255822333458962e-06,1.0000212790211072,9.056011866984042e-13,2.716780435677886e-11,0.9893739423161634,0.01061899561608552,7.062067751034345e-06,0.9999999999999999,0.5052846515507827,0.99997872143168
0.4215947377085195,0.18923124578622,46870.60767977932,-14004.88356287055,1.5765770268631083,4.267048295100804e-06,1.000021335150437,9.103850576361339e-13,2.7311318650160813e-11,0.989533611674897,0.010458458988245541,7.929336857547688e-06,1.0,0.5052017610698218,0.9999786653047419
0.43086985017390983,0.19216694013537483,46746.97237550483,-14290.090198693231,1.540465412289135,4.2783336368126195e-06,1.0000213915766634,9.152069353941148e-13,2.745597312868902e-11,0.9896907958465604,0.010300323199707069,8.8809537324888e-06,1.0,0.5051198495959301,0.9999786088809264
0.4401449626392997,0.19514817823855313,46623.33707123035,-14575.296834515899,1.505182823836417,4.2896788309828295e-06,1.0000214483021481,9.200672236491108e-13,2.7601779902407694e-11,0.9898455229518984,0.010144553045654273,9.92400244675335e-06,0.9999999999999994,0.5050388824314833,0.9999785521578717
0.44942007510468973,0.19817566665212083,46499.70176695586,-14860.503470338572,1.4707101651858556,4.301084355023856e-06,1.0000215053292785,9.24966331451549e-13,2.774875124256678e-11,0.9899978200761557,0.009991113811303645,1.1066112540561004e-05,0.9999999999999999,0.5049588238756453,0.9999784951331908
0.45869518757008004,0.20125012289381297,46376.066462681374,-15145.710106161254,1.4370287826399537,4.31255069143909e-06,1.0000215626604667,9.299046733115886e-13,2.7896899584203984e-11,0.9901477132356253,0.009839971265588384,1.2315498786572791e-05,1.0000000000000002,0.5048796371334081,0.9999784378044716
0.46797030003546997,0.2043722756127858,46252.431158406886,-15430.916741983923,1.4041204547782338,4.324078327890931e-06,1.0000216202981511,9.348826692868015e-13,2.8046237528775086e-11,0.9902952273413587,0.009691091654893768,1.3681003747544216e-05,1.0,0.5048003784665411,0.9999783801692761
0.4783823590553215,0.20754286476230796,46094.243515012095,-15737.747214690326,1.3719674206190686,4.33891776857798e-06,1.0000216944947118,9.41310370124086e-13,2.8239066048156767e-11,0.9904403148237373,0.009544441009408405,1.5244166854334542e-05,1.0,0.5047189053824628,0.9999783059759291
0.49191286153582425,0.2107626417751298,45841.284912017574,-16103.888050280235,1.3405523774201389,4.362860417454955e-06,1.0000218142069146,9.517275511097614e-13,2.8551577398568648e-11,0.9905828412567846,0.009399985053458126,1.7173689757256333e-05,1.0,0.5046381816424184,0.9999781862689346
0.5054433640163264,0.21403236974157344,45588.32630902306,-16470.028885870128,1.309858247840943,4.387068769108582e-06,1.0000219352476136,9.623186192443946e-13,2.8869305272409845e-11,0.9907229997050352,0.009257693132129987,1.930716283504211e-05,1.0000000000000002,0.5045601497709757,0.9999780652335309
0.5189738664968291,0.21735282359038655,45335.36770602854,-16836.16972146004,1.2798684433491396,4.4115472711595675e-06,1.000022057639047,9.730874662837713e-13,2.919236641979989e-11,0.9908608029616139,0.0091175332953479,2.1663743038019983e-05,0.9999999999999999,0.5044825358681875,0.9999779428474816
0.5325043689773314,0.2207247902724005,45082.40910303403,-17202.310557049936,1.2505667597102494,4.4363004710510455e-06,1.0000221814039514,9.840380934723864e-13,2.9520880875433136e-11,0.9909962616940411,0.008979474036160909,2.4264269798213288e-05,1.0000000000000002,0.5044052672790986,0.9999778190880524
0.5460348714578336,0.2241490689470391,44829.450500039515,-17568.45139263983,1.2219373680422987,4.461333018864908e-06,1.000022306565577,9.951746152607136e-13,2.98549720700934e-11,0.9911293843080221,0.008843484284489282,2.7131407488559614e-05,1.0,0.504328266749229,0.9999776939319949
0.5595653739383363,0.22762647117172,44576.491897044994,-17934.59222822974,1.1939648060833634,4.486649670234011e-06,1.000022433147701,1.006501263170548e-12,3.0194766946610636e-11,0.9912601767993627,0.008709533400898369,3.0289799738651165e-05,0.9999999999999998,0.5042514520203136,0.9999775673555338
0.5730958764188386,0.23115782109419414,44323.53329405048,-18300.73306381964,1.1666339696669548,4.512255289354107e-06,1.0000225611746445,1.018022389815206e-12,3.054039608046322e-11,0.9913886425930123,0.008577591170398106,3.376623658974411e-05,1.0000000000000002,0.5041747353925148,0.9999774393343506
0.5866263788993408,0.23474395564787026,44070.574691055976,-18666.873899409533,1.139930104400314,4.538154852099511e-06,1.0000226906712864,1.0297424730817169e-12,3.089199380523968e-11,0.9915147823681804,0.00844762779626591,3.7589835553643604e-05,1.0,0.5040980232505969,0.9999773098435686
0.6001568813798436,0.23838572475016875,43817.616088061455,-19033.01473499944,1.1138387975408286,4.564353449246681e-06,1.0000228216630795,1.0416661204825039e-12,3.124969834318516e-11,0.9916385938683803,0.00831961389389092,4.179223772881692e-05,1.0,0.5040212155511017,0.9999771788577368
0.6136873838603457,0.24208399150395232,43564.65748506694,-19399.155570589333,1.088345970065898,4.590856289810096e-06,1.0000229541760692,1.053798073684446e-12,3.1613651941068787e-11,0.9917600716951398,0.008193520484636821,4.6407820223310175e-05,1.0,0.5039442052669318,0.9999770463508129
0.6272178863408484,0.24583963240208329,43311.69888207242,-19765.296406179245,1.0634378689316848,4.617668704495052e-06,1.000023088236908,1.0661432132236505e-12,3.1984001011622493e-11,0.9918792070840408,0.008069318989720676,5.147392623838703e-05,0.9999999999999998,0.503866877786106,0.9999769122961463
0.6407483888213508,0.24965353753515213,43058.74027907791,-20131.43724176914,1.039101059516342,4.644796149272138e-06,1.0000232238728757,1.078706563414664e-12,3.2360896280812566e-11,0.9919959876616149,0.007946981224104933,5.703111427993883e-05,0.9999999999999998,0.5037891102606671,0.9999767766664601
0.6542788913018529,0.2535266108024307,42805.781676083396,-20497.578077359034,1.0153224182433769,4.6722442090784764e-06,1.000023361111896,1.091493297463368e-12,3.274449294122155e-11,0.9921103971815135,0.007826479390399372,6.31234280874242e-05,1.0000000000000002,0.5037107709014732,0.9999766394338327
0.6678093937823556,0.25745977012609705,42552.823073088875,-20863.718912948945,0.9920891253809704,4.700018601650956e-06,1.0000234999825575,1.1045087427932503e-12,3.313495081183126e-11,0.9922224152382269,0.007707786072769833,6.979868900315108e-05,0.9999999999999998,0.5036317182146379,0.9999765005696788
0.681339896262858,0.2614539476687833,42299.86447009436,-21229.85974853884,0.969388658013152,4.728125181497008e-06,1.0000236405141316,1.1177583865953057e-12,3.353243450451433e-11,0.9923320169565011,0.007590874230850117,7.710881264904014e-05,1.0000000000000002,0.5035505510270251,0.9999763600447291
0.6953191136754637,0.26551009005450005,42029.49850908375,-21597.916162490008,0.9472088196089299,4.7585399632779815e-06,1.0000237925865978,1.1321851291056807e-12,3.396523062104856e-11,0.992439086539797,0.007475716544980144,8.519691522276768e-05,0.9999999999999999,0.5034503704408615,0.999976207979476
0.7149314492669316,0.26962915859298625,41540.602479490895,-21990.02053766965,0.9255381348701129,4.814543486461101e-06,1.0000240726015333,1.1589914491512506e-12,3.476940867445953e-11,0.9925424507438185,0.007362278293069131,9.527096311275388e-05,1.0000000000000004,0.5033454510030779,0.999975927977943
0.7345437848583997,0.2738121295075413,41051.70644989804,-22382.12491284929,0.9043645281118265,4.8718809257760245e-06,1.0000243592859528,1.1867611877470127e-12,3.5602488727703775e-11,0.992642996118086,0.007250540711278072,0.00010646317063608468,1.0000000000000002,0.5032515447392396,0.9999756413074076
0.7541561204498681,0.27805999416639077,40562.81042030517,-22774.229288028942,0.8836766100210748,4.9306005133160275e-06,1.0000246528810124,1.2155410710956137e-12,3.646587253290919e-11,0.9927406274110329,0.00714047794172777,0.00011889464723926106,0.9999999999999999,0.5031543372670453,0.9999753477267371
0.7737684560413358,0.282373759317641,40073.914390712314,-23166.333663208577,0.8634632568753823,4.9907528348612135e-06,1.0000249536396362,1.245380692933762e-12,3.736104786571001e-11,0.99283523584432,0.007032064440006864,0.00013269971567267955,0.9999999999999994,0.5030533627711105,0.9999750469830324
0.7933807916328037,0.2867544473278805,39585.01836111946,-23558.438038388216,0.8437136046251158,5.05239097522422e-06,1.000025261827243,1.2763327283263572e-12,3.828959493885065e-11,0.9929266976359286,0.006925274965312723,0.00014802739875863382,0.9999999999999999,0.5029481043989659,0.9999747388109008
0.812993127224272,0.2912030964244811,39096.122331526596,-23950.542413567866,0.8244170431398752,5.115570674501103e-06,1.000025577722527,1.3084531662907835e-12,3.9253193380671945e-11,0.9930148723481546,0.006820084570121851,0.00016504308172362022,1.0,0.5028379881769398,0.999974422931676
0.8326054628157399,0.29572076094165867,38607.22630193373,-24342.646788747505,0.8055632106177918,5.180350496194112e-06,1.0000259016183008,1.3418015631709294e-12,4.0253629836064524e-11,0.99309960103855,0.00671646858932893,0.00018393037212106309,1.0,0.5027223761572603,0.9999740990525756
0.8522177984072081,0.3003085115703522,38118.33027234087,-24734.75116392715,0.7871419881569596,5.2467920082722e-06,1.0000262338223973,1.3764413189034514e-12,4.1292806254161575e-11,0.9931807041888846,0.00661440262878607,0.00020489318232928396,1.0,0.5026005586918654,0.9999737668657981
0.871830133998676,0.30496743561197764,37629.434242748015,-25126.855539106793,0.7691434944886297,5.314959978345897e-06,1.0000265746586476,1.412439978570931e-12,4.2372748934607445e-11,0.9932579793838396,0.0065138625531651955,0.00022815806299533866,1.0000000000000002,0.5024717457135441,0.9999734260475461
0.8914424695901441,0.3096986372361203,37140.53821315515,-25518.95991428643,0.7515580808722253,5.384922584257105e-06,1.0000269244679343,1.4498695619221109e-12,4.349561841280369e-11,0.9933311987072692,0.006414824473056587,0.000253976819674527,1.0000000000000002,0.5023350568867659,0.9999730762569732
0.9110548051816125,0.3145032377422236,36651.64218356228,-25911.064289466085,0.734376326152759,5.456751641523126e-06,1.000027283609327,1.4888069238632667e-12,4.4663720274250374e-11,0.9934001058194292,0.006317264731205407,0.0002826294493651829,0.9999999999999998,0.5021895104705898,0.9999727171350481
0.9306671407730802,0.3193823758253379,36162.746153969434,-26303.16866464572,0.7175890319817595,5.530522849229942e-06,1.0000276524613128,1.5293341492927241e-12,4.587951699913763e-11,0.9934644126734755,0.006221159887775248,0.00031442743874913093,0.9999999999999999,0.5020340107119168,0.9999723483033247
0.9502794763645487,0.3243372078459934,35673.850124376564,-26695.273039825373,0.7011872182034486,5.606316056144612e-06,1.000028031423127,1.571538986069244e-12,4.714564095090413e-11,0.9935237958236615,0.006126486704512923,0.0003497174718255069,0.9999999999999999,0.5018673335594901,0.9999719693626118
0.9698918119560167,0.32936890810425723,35184.9540947837,-27087.377415005012,0.685162118408615,5.6842155490133434e-06,1.0000284209161936,1.6155153203822534e-12,4.8464908636795304e-11,0.9935778922709346,0.0060332221276723,0.00038888560139315706,1.0,0.501688110457355,0.999971579891532
0.9895041475474843,0.3344786691180451,34696.05806519085,-27479.481790184647,0.6695051756593875,5.7643103652336145e-06,1.0000288213856898,1.6613636993369845e-12,4.9840336384806055e-11,0.9936262947838252,0.005941343269535386,0.0004323619466397797,1.0000000000000004,0.5014842156698194,0.9999711794449585
1.0104226618789494,0.3396677019057486,34152.06965739909,-27847.84063970716,0.6542082517857393,5.856126166908207e-06,1.0000292804593636,1.7147106841373507e-12,5.144071803215831e-11,0.9936678515154937,0.005850823295476106,0.0004813251890303007,1.0000000000000002,0.5011989376027408,0.9999707203979566
1.0377025731292144,0.34493723627324724,33339.768442031884,-28100.553208115754,0.6392642645128471,5.998805918120154e-06,1.0000299938496622,1.7992836221636692e-12,5.3977861053658066e-11,0.9936984909485445,0.00576161913793135,0.0005398899135239722,0.9999999999999998,0.5008781504581776,0.9999700070499419
1.06498248437948,0.35028852110537495,32527.467226664667,-28353.265776524353,0.624664457798203,6.148611844997275e-06,1.0000307428701978,1.8902713810220394e-12,5.6707444080104844e-11,0.993720132766564,0.005673723647185286,0.0006061435862503916,0.9999999999999998,0.5005673697536714,0.9999692580748972
1.0922623956297464,0.35572282466190597,31715.166011297424,-28605.978344932955,0.6104011760079038,6.3060914992674975e-06,1.0000315302586624,1.98833949985669e-12,5.964943267902372e-11,0.9937316825738558,0.005587112289003893,0.0006812051371403224,1.0,0.5002179306788896,0.9999684707354635
1.1195423068800114,0.3612414348781336,30902.864795930218,-28858.69091334155,0.596466974935675,6.471850003250778e-06,1.000032359040592,2.094242123228855e-12,6.282645048224363e-11,0.9937318624862201,0.005501760133476715,0.0007663773803033413,1.0000000000000002,0.49982327514082314,0.9999676420064817
1.146822218130278,0.36684565967011323,30090.563580562968,-29111.403481750156,0.5828546229733776,6.646557820459875e-06,1.0000332325682186,2.2088365430358163e-12,6.626421542441392e-11,0.9937191767896647,0.005417641728040446,0.0008631814822949311,1.0000000000000002,0.49937559856480007,0.9999667685361483
1.1741021293805434,0.37253682724463816,29278.262365195762,-29364.11605015875,0.5695571034834848,6.830959819725587e-06,1.0000341545657885,2.333100602935271e-12,6.999206185233572e-11,0.9936918702368468,0.0053347309450526206,0.0009733988181008259,1.0000000000000002,0.4988655778479725,0.9999658466007061
1.2013820406308084,0.37831628641402737,28465.961149828556,-29616.828618567346,0.5565676186349061,7.025885891227892e-06,1.0000351291826408,2.4681536278277575e-12,7.404356838054274e-11,0.9936478771814643,0.0052530007978246075,0.0010991220207112102,1.0000000000000002,0.49828203142914873,0.9999648720513753
1.2286619518810749,0.38418540691579484,27653.659934461313,-29869.54118697595,0.5438795950358947,7.23226343353127e-06,1.0000361610556394,2.6152817185996762e-12,7.845731669771358e-11,0.9935847592516809,0.0051724232173631386,0.0012428175309558412,0.9999999999999998,0.49761149220365297,0.9999638402519353
1.2559418631313404,0.3901455797372779,26841.358719094096,-30122.253755384547,0.5314866915925981,7.4511321079772975e-06,1.000037255382943,2.7759684845265105e-12,8.327781349394455e-11,0.9934996286084492,0.005092968779897323,0.0014074026116534348,0.9999999999999999,0.4968376678250088,0.9999627460049688
1.2832217743816055,0.396198217445304,26029.05750372689,-30374.96632379314,0.5193828101471217,7.683661355740318e-06,1.0000384180115856,2.951932591484857e-12,8.855661685075138e-11,0.9933890529686406,0.005014606372406408,0.001596340658953425,1.0000000000000004,0.49594075451555497,0.9999615834643014
1.3105016856318719,0.4023447545209696,25216.756288359647,-30627.678892201744,0.5075621096157865,7.931171300492028e-06,1.000039655541985,3.1451739098874206e-12,9.435372060777493e-11,0.9932489374201477,0.004937302779566279,0.0018137598002863204,1.0000000000000004,0.49489655895322215,0.9999603460305146
1.3377815968821372,0.40858664769961334,24404.455072992438,-30880.39146061034,0.4960190245721244,8.19515782549745e-06,1.0000409754533244,3.3580305892406044e-12,1.0073926650854425e-10,0.9930743765100082,0.0048610221704557584,0.0020646013195359126,0.9999999999999999,0.4936695565691913,0.9999590262255946
1.3678097380654817,0.4149253763160648,23496.74214029301,-31013.612345371537,0.48474837624054407,8.511745860625675e-06,1.000042558367054,3.6224908797939155e-12,1.0867287637838584e-10,0.9928589418881748,0.004785722920604766,0.0023553351912203885,1.0,0.49215055861605705,0.9999574434440835
1.4031632471563535,0.4213624426552469,22404.1456607814,-30915.288856915126,0.4737462820712567,8.92683959746694e-06,1.000044633799545,3.9844232599451864e-12,1.195305637094412e-10,0.992590850280756,0.004711339928760004,0.0026978097904840014,1.0,0.490233762022104,0.9999553681925422
1.4385167562472254,0.42789937230822034,21311.54918126979,-30816.965368458717,0.46300904424560974,9.384494829536262e-06,1.000046922033804,4.4034371602796425e-12,1.3210063537802764e-10,0.9922576936782616,0.004637808596566616,0.003104497725171894,1.0,0.4878555097378765,0.99995308016777
1.4738702653380986,0.43453771453374945,20218.952701758142,-30718.641880002302,0.4525334924439471,9.891611332586115e-06,1.000049457567443,4.892198737747303e-12,1.4676305864307072e-10,0.9918440420648834,0.004565053890105316,0.0035909040450110606,0.9999999999999998,0.484892871694381,0.999950544878487
1.5092237744289707,0.4412790426254775,19126.356222246533,-30620.318391545894,0.44231737792802006,1.0456665469520094e-05,1.0000522827806384,5.467092637072694e-12,1.6400934907658647e-10,0.9913297334990325,0.004492983521723211,0.004177282979244355,1.0,0.48115963901033965,0.9999477199527078
1.5445772835198435,0.4481249542848003,18033.759742734892,-30521.994903089482,0.432359668073763,1.1090187782002308e-05,1.0000554503239487,6.149613252003664e-12,1.8448430556085548e-10,0.9906880692770651,0.004421481373909142,0.004890449349025957,1.0000000000000002,0.4763953946022319,0.9999445527506192
1.5799307926107156,0.45507707199952135,16941.163263223283,-30423.67141463307,0.4226609800420499,1.1805425389476465e-05,1.000059026430107,6.968403431324777e-12,2.0904716707087096e-10,0.9898831659527857,0.004350397885806151,0.005766436161408671,1.0000000000000004,0.470229069399533,0.9999409770538068
1.6152843017015877,0.46213704342838446,15848.566783711667,-30325.347926176662,0.4132242327908986,1.2619278378526398e-05,1.0000630955956618,7.962309339737192e-12,2.388632515142692e-10,0.9888659881435585,0.004279535701391136,0.006854476155050157,0.9999999999999999,0.4621207116540482,0.9999369083851413
1.6506378107924606,0.4693065417915698,14755.970304200027,-30227.02443772025,0.4040556510582621,1.3553652192742333e-05,1.0000677673424563,9.185074388091452e-12,2.7554476221514565e-10,0.9875682643860556,0.004208627736643221,0.00822310787730104,0.9999999999999999,0.4512657504504567,0.9999322372496452
1.6859913198833327,0.4765872662672483,13663.37382468841,-30128.70094926384,0.3951663541955138,1.463745887906899e-05,1.0000731862231194,1.0712760121821782e-11,3.213733952683655e-10,0.9858929084436103,0.004137302770027291,0.009969788786362415,1.0,0.4371854892207736,0.999926819132712
1.7240663126370097,0.4839809423942896,12521.578213216992,-29859.906721513005,0.38656598770810746,1.5972172369967064e-05,1.0000798595862983,1.2755514510796964e-11,3.826532114249448e-10,0.9837437960488866,0.0040652170772767756,0.012190986873836865,1.0000000000000002,0.4181856865044722,0.9999201467907459
1.765599536851396,0.4914893224812161,11317.26450240572,-29374.49268383448,0.3782826941871675,1.767180272202193e-05,1.000088357452147,1.5614630572303084e-11,4.684223609951195e-10,0.980923568270769,0.0039916373495916925,0.015084794379639513,1.0000000000000002,0.38896310001731393,0.9999116503542025
1.807132761065781,0.49911418602150076,10112.950791594483,-28889.07864615597,0.3703828824876733,1.9776230387687825e-05,1.000098879196442,1.9554964417345366e-11,5.866257293409064e-10,0.9770217983389365,0.003915023157834462,0.0190631785032292,1.0000000000000002,0.34256093246851194,0.9999011305796868
1.8486659852801672,0.5068573401153107,8908.63708078321,-28403.664608477444,0.36296455358485263,2.244961920242201e-05,1.0001122455760851,2.5199270116687755e-11,7.559441610405365e-10,0.9714363600678954,0.003833174675331297,0.024730465256773457,1.0,0.26723270792734155,0.9998877670215702
1.8901992094945526,0.5147206198977898,7704.323369971965,-27918.25057079893,0.35620983922589544,2.5958776474024476e-05,1.0001297905130797,3.3692903801418335e-11,1.0107346371301644e-09,0.9630877600997586,0.0037421767182787545,0.033170063181962486,0.9999999999999998,0.14697624871484294,0.9998702263303114
1.9333040152965588,0.5227058889739891,6511.163347736767,-27290.99195819452,0.3503702689329316,3.071553364772931e-05,1.0001535729510187,4.717220036323958e-11,1.4150790770738673e-09,0.9505071470354842,0.003636871774684687,0.04585598118983078,0.9999999999999997,-0.06630711731121863,0.9998464506300112
1.9775623485428566,0.5308150398605423,5326.190037523874,-26559.6206407268,0.34611537697917344,3.754888368876865e-05,1.0001877373688506,7.049593331363383e-11,2.1147191797747893e-09,0.9300274714206272,0.0035041489090624394,0.06646837967031051,1.0000000000000002,-0.5243614838142676,0.9998122978698535
2.021820681789152,0.5390499944341934,4141.216727311042,-25828.24932325911,0.34527662141162807,4.8292652772921245e-05,1.000241451602963,1.166090155922969e-10,3.497932594405493e-09,0.8923236769765637,0.0033107269685186775,0.10436559605491788,1.0000000000000002,-1.4923642916851705,0.9997586066818407
2.0655400168751474,0.5474127043872854,3038.2271726576278,-24963.585455712648,0.3514023153246277,6.582352929165835e-05,1.0003290959827733,2.1663685042049025e-10,6.4982499526494644e-09,0.8225304685968317,0.0030051566651800067,0.17446437473798806,0.9999999999999997,-4.0176370611083705,0.9996710122857618
2.1077659695785917,0.5559051516903105,1993.3092098417635,-24061.409270494223,0.3788942099081203,0.00010032559619620478,1.0005015776548547,5.032612626061969e-10,1.509480863097624e-08,0.6754495836063071,0.002430089311288101,0.32212032708240457,0.9999999999999998,-10.74174277993076,0.9994986737991655
2.1445116783661233,0.5645293490616418,1123.0257048819878,-23092.18620480393,0.4743160508251414,0.00017805860312021,1.0008901344912704,1.5852433072560232e-09,4.754036475294475e-08,0.41140268589111534,0.0014575068119131345,0.5871398072969717,1.0000000000000002,-24.02048745914509,0.9991106571434808
2.170336793734044,0.5732873404445479,537.0627807479518,-22093.808650199084,0.7697326980946004,0.00037225731460788973,1.001860593695498,6.92877541395387e-09,2.0770853398362617e-07,0.14901998954112194,0.0005198788775819345,0.8504601315812964,1.0000000000000002,-40.07087434032685,0.9981428616843437
2.1850059764120595,0.5821812014916096,217.93974048409115,-21106.68521994709,1.579464940099306,0.0009168434855389678,1.0045800144178099,4.203009884876218e-08,1.2585919240408279e-06,0.03370308853737406,0.00011578212574031312,0.9661811293368856,1.0,-49.48792977127021,0.995440866479447
2.1918980473685226,0.5912130400566521,74.98202791171458,-20155.33455941432,3.42534011483106,0.00266021023315383,1.0132656675733462,3.538359242288178e-07,1.055867616999184e-05,0.006784002621260909,2.2949435014528238e-05,0.9931930479437246,1.0,-46.383348933190966,0.986908006460817
2.195161528335841,0.6003849966943088,10.522548045572021,-19245.758640503427,6.387933375537327,0.018652282941515188,1.0915218764129242,1.7395382946516923e-05,0.0005025752317285548,0.0017290440460486097,5.759784323621156e-06,0.9982651961696137,0.999999999999986,-253.87645070830263,0.9161520456981649
2.195703126014407,0.609699245167333,0.15537791513880397,-18382.2880388198,8242.895936124607,0.5627811731685233,2.2302926214779193,0.01583613244364697,0.09081719606778067,4.852664829067202e-10,1.5918224821601606e-12,0.9999999995131419,1.0000000000000002,-252.67374294125005,0.44837165776809274
2.1957044152774046,0.6191579929617844,0.13221355731341172,-17576.87732671207,14813.384768541962,0.6020223907097179,2.197957158969368,0.01812154794579221,0.08610608128355764,1.4558494544079895e-10,4.702675152246149e-13,0.9999999998539447,0.9999999999999999,-26.63104377780536,0.45496792142614123
2.195705053104625,0.628763481810203,0.12188957665170409,-16842.44544477354,18147.183761572425,0.6213310852758898,2.176393838728874,0.019302615876505752,0.08303414782795533,9.354721383887716e-11,2.9755930980455726e-13,0.9999999999061553,1.0,-13.746289084900297,0.45947566208147855
2.1957056909318453,0.638517988222904,0.11156559598999648,-16108.01356283501,21932.75848971986,0.6419193985924603,2.149294421515772,0.020603025714465296,0.07925266003963638,6.192227664017017e-11,1.9395624800644883e-13,0.999999999937884,1.0000000000000002,-13.01114241804106,0.46526896919723004
2.195706328759066,0.6484238240275119,0.10124161532828849,-15373.581680896456,26267.459051511247,0.6639188937492685,2.11565298136008,0.022039414873862625,0.07468089448905811,4.1878517403561496e-11,1.2917019964949543e-13,0.9999999999579924,1.0,-12.530748375849214,0.47266730830173037
2.1957069665862865,0.6584833369168652,0.09091763466658083,-14639.149798957922,31280.841018142084,0.6874798092911039,2.0742566055408567,0.023631424409146628,0.0692416352728898,2.876040896416505e-11,8.735349051906563e-14,0.9999999999711523,1.0,-11.114392662672628,0.4821004292953681
2.1957075195853086,0.6686989110054242,0.08240995875814118,-13963.567197240247,35864.4530085104,0.7081903233139243,2.0332839463922183,0.025076676701774034,0.0640605428323126,2.131230619277264e-11,6.37426077477185e-14,0.9999999999786239,0.9999999999999999,-6.9651565842502805,0.4918152242210745
2.1957078587958763,0.6790729673943058,0.07847982891146374,-13436.299623839199,37587.41198226308,0.7181848709896522,2.011976810356144,0.025789475445921174,0.06144582388191571,1.8723696955335158e-11,5.5144875011533726e-14,0.9999999999812212,1.0,-4.014106394077373,0.4970236211733414
2.195708198006444,0.6896079647450888,0.07454969906478633,-12909.032050438156,39352.08937615437,0.7284655589908529,1.9890174417749855,0.026533103531792786,0.05868933000810824,1.6499385125660453e-11,4.7851492352642404e-14,0.9999999999834526,0.9999999999999998,-3.947808882995332,0.5027607998789628
2.1957085372170115,0.7003063998625189,0.07061956921810873,-12381.76447703709,41158.49644417806,0.7390448539174485,1.9642877890779287,0.027309364805093134,0.05579105640988799,1.458345227005325e-11,4.164877622970806e-14,0.9999999999853748,0.9999999999999999,-3.88406069595635,0.5090903713602056
2.195708876427579,0.7111708082862518,0.06668943937143132,-11854.496903636045,43006.33706268248,0.7499359572369505,1.9376600864002462,0.028120196997845067,0.05275238625768703,1.2929581929954711e-11,3.636139666956199e-14,0.9999999999870341,1.0,-3.8222147098482537,0.5160863904967893
2.195709215638147,0.7222037648917818,0.0627593095247539,-11327.229330235,44894.917376453566,0.7611528602420783,1.9089959179369078,0.028967683832734837,0.04957641472955767,1.1499266851859214e-11,3.1844937428655783e-14,0.9999999999884689,1.0,-3.761592043644214,0.5238355884389324
2.195709554848714,0.7334078845006881,0.05882917967807636,-10799.961756833942,46823.0289562995,0.772710404015319,1.8781451777090075,0.029854068423675873,0.04626833718801506,1.0260389732658838e-11,2.7980036619443273e-14,0.9999999999897117,1.0,-3.701455778290267,0.5324402031688608
2.1957098940592816,0.744785822500349,0.054899049831398906,-10272.694183432892,48788.79652941993,0.7846243449408247,1.8449449113350322,0.030781768133690914,0.04283591419145793,9.186095004933849e-12,2.4667749378189983e-14,0.9999999999907891,0.9999999999999999,-3.640978152887328,0.5420216039276662
2.1957102332698493,0.7563402754732741,0.05096891998472134,-9745.42661003183,50789.477804761154,0.7969114263717425,1.8092180244494867,0.03175339107409226,0.0392900286656358,8.253889803862221e-12,2.1825863494304636e-14,0.9999999999917244,1.0000000000000002,-3.579197912041309,0.5527249820011507
2.195710572480417,0.7680739818361939,0.04703879013804394,-9218.159036630788,52821.19772839734,0.8095894571384562,1.77077184014358,0.032771754455487016,0.03564535377349922,7.444927824959342e-12,1.9385965417448837e-14,0.9999999999925359,1.0000000000000002,-2.86592843974654,0.5647254927652999
2.195710862613116,0.7799897224890703,0.04459965763742227,-8841.183090820805,53792.81788678853,0.8176626326127826,1.7454522592075814,0.03342860903856332,0.03334194424546124,6.9538536152422204e-12,1.7830628826880888e-14,0.9999999999930285,1.0000000000000002,-1.944106729582984,0.5729174170905084
2.195711136581818,0.7920903214741706,0.042651591235743344,-8513.706309754563,54379.162180272695,0.8242270284792568,1.7243841700175562,0.03396750972378728,0.03148394554632142,6.57696571508151e-12,1.6606605425606072e-14,0.9999999999934066,1.0000000000000002,-1.6772041844383807,0.5799171770347549
2.1957114105505195,0.8043786466453682,0.04070352483406447,-8186.22952868833,54926.21015817598,0.8308976785357649,1.7025336316982078,0.03451954760980617,0.0296132102200244,6.234651491625351e-12,1.5501782693080523e-14,0.9999999999937499,1.0,-1.62077357317105,0.5873599095969345
2.1957116845192215,0.8168576103478282,0.038755458432385606,-7858.752747622098,55428.51977404879,0.8376771836470455,1.6798705982209978,0.0350851532001423,0.027733441819522635,5.924712492692444e-12,1.4506108329380995e-14,0.9999999999940608,1.0,-1.5591125823049197,0.5952839469057982
2.195711958487923,0.8295301701082358,0.03680739203070666,-7531.275966555852,55879.93517473586,0.8445682302605915,1.6563636734754201,0.03566477477827537,0.025848796311488873,5.64526985895086e-12,1.3610764411894201e-14,0.9999999999943413,1.0000000000000002,-1.491371882971464,0.603732148931869
2.195712232456625,0.8423993293357308,0.034859325629027806,-7203.799185489622,56273.47507310454,0.8515735939560268,1.631980040164214,0.0362588792961592,0.023963926269957685,5.394763361255819e-12,1.2808090351899564e-14,0.9999999999945925,1.0000000000000002,-1.416533751687325,0.6127525921820572
2.1957125064253264,0.8554681380337223,0.03291125922734887,-6876.322404423378,56601.19994939943,0.8586961431726081,1.6066853843654791,0.03686795331497562,0.022084029336161347,5.171959475169071e-12,1.2091530345143478e-14,0.999999999994816,1.0,-1.3333691831743977,0.6223993880388259
2.1957127803940284,0.8687396935227388,0.03096319282566999,-6548.845623357144,56854.05327127397,0.8659388431253594,1.580443815460368,0.03749250400166429,0.02021490137437138,4.975970858027863e-12,1.1455608383335875e-14,0.9999999999950129,1.0000000000000002,-1.2403815662124202,0.6327336601388197
2.19571305436273,0.8822171411744988,0.029015126423991136,-6221.3688422909145,57021.67063377424,0.8733047599210828,1.5532177811013135,0.03813306018504101,0.018362994799599658,4.8062908280241854e-12,1.0895936167428245e-14,0.9999999999951827,0.9999999999999999,-1.135731812822769,0.6438247180578548
2.195713328331432,0.8959036751573666,0.027067060022312205,-5893.892061224671,57092.14902998992,0.8807970648862388,1.5249679768701283,0.03879017347561066,0.016535482604346934,4.662848334659436e-12,1.0409262656145263e-14,0.9999999999953267,1.0,-1.0171375052058806,0.6557514748948486
2.1957136023001333,0.9098025391933713,0.02511899362063332,-5566.415280158436,57051.76622660498,0.8884190391195359,1.4956532502472821,0.03946441945350398,0.014740328668841696,4.546091879026698e-12,9.993579228867075e-15,0.999999999995444,1.0,-0.9132998749815897,0.6686041700070964
2.195713878501938,0.9239170273269752,0.023556067973163237,-5304.741967528858,56939.948079822134,0.8946301561539765,1.4713351992694408,0.04001815581500442,0.013329412204221808,4.430003589275065e-12,9.58961347880275e-15,0.9999999999955606,1.0000000000000002,-0.8594044405402883,0.6796547792077074
2.1957141567387475,0.9382504847057627,0.022344117405693142,-5103.034725346117,56805.331548134214,0.8995065951534771,1.4519724021443787,0.04045560573623007,0.012256743138009603,4.306810841172655e-12,9.180513970154314e-15,0.9999999999956839,0.9999999999999999,-0.8129185247085502,0.6887183244827016
2.195714434975557,0.9528063083732459,0.021132166838223047,-4901.327483163374,56612.909911917945,0.9044364863765704,1.432155642436871,0.04090026789445981,0.011205509957401483,4.197722286623702e-12,8.8112814739663e-15,0.9999999999957934,0.9999999999999999,-0.7429003392577442,0.6982481305582536
2.1957147132123667,0.9675879480739665,0.019920216270752904,-4699.620240980626,56357.43924948756,0.9094207135271807,1.4118733966744712,0.04135230170961432,0.010178381693289981,4.1027886035915776e-12,8.480445858711633e-15,0.9999999999958888,1.0000000000000002,-0.6656618900201465,0.7082788034362015
2.1957149914491763,0.982598907071087,0.018708265703282805,-4497.912998797883,56033.12256328111,0.9144601798970692,1.3911137963984452,0.04181187103086901,0.00917820010399227,4.022236580503409e-12,8.186934773808815e-15,0.9999999999959698,1.0000000000000002,-0.5801134598924591,0.7188484526492168
2.195715269685986,0.9978427429766701,0.017496315135812707,-4296.205756615141,55633.5373390754,0.9195558089115792,1.3698646160427523,0.04227914428515144,0.008207990052027155,3.956502488489469e-12,7.930112267363502e-15,0.9999999999960355,0.9999999999999999,-0.48494842987076936,0.729999146111816
2.1957155479227954,1.013323068594835,0.01628436456834261,-4094.498514432399,55151.551496727036,0.9247085446937289,1.3481132603206745,0.0427542946314797,0.007270970520665382,3.906277675803068e-12,7.709836668812572e-15,0.9999999999960857,0.9999999999999997,-0.37858797531441724,0.7417774377222066
2.195715826159605,1.0290435527779964,0.015072414000872421,-3892.791272249641,54579.22550606023,0.9299193526473772,1.3258467510963003,0.04323750012140586,0.006370566312000863,3.872571237439579e-12,7.526544871663054e-15,0.9999999999961199,1.0,-0.2591081908387878,0.7542349816621958
2.1957161043964146,1.0450079212963823,0.013860463433402323,-3691.0840300668992,53907.697939948004,0.9351892200602167,1.3030517137169015,0.04372894386584182,0.0055104204712050535,3.856796976560036e-12,7.381373668011043e-15,0.999999999996136,1.0000000000000002,-0.12414281755565071,0.7674292504842659
2.195716382633224,1.0612199577210515,0.012648512865932224,-3489.376787884157,53127.05110425644,0.9405191567273895,1.2797143627809482,0.044228814208559994,0.004694407484757115,3.860895595760618e-12,7.27633431254311e-15,0.999999999996132,1.0000000000000002,-0.23486619437159106,0.7814243780361262
2.19571668670067,1.0776835043205992,0.011738597727968402,-3350.026988939201,52652.58314218603,0.944560897947149,1.2618280400821227,0.044609764496536225,0.004113235354394738,3.806584759452153e-12,7.0643834561649456e-15,0.9999999999961862,0.9999999999999998,-0.40986678219502437,0.7925010130024672
2.195716993810411,1.0944024629717801,0.010864255881032568,-3218.021558433686,52170.4585422829,0.9484774892945248,1.244339707980397,0.04498047738492227,0.00358211357375674,3.754302792592965e-12,6.860918025345803e-15,0.9999999999962389,1.0,-0.36313120782796204,0.80363906543096
2.195717300920151,1.1113807960842574,0.00998991403409667,-3086.016127928162,51630.18654222224,0.952426695919907,1.2265504240949798,0.04535583055504555,0.0030795056794569145,3.7133620075028826e-12,6.682429677723818e-15,0.9999999999962799,0.9999999999999999,-0.2803940898841688,0.8152946510436847
2.195717608029892,1.1286225275396935,0.009115572187160841,-2954.010697422648,51027.26995406404,0.9564089269305956,1.208454457090311,0.045735901775626676,0.002607195640848979,3.684407443092303e-12,6.529034027211942e-15,0.9999999999963091,1.0,-0.1889019032021224,0.8275032576798774
2.1957179151396327,1.1461317436454213,0.008241230340225008,-2822.005266917133,50356.782327047236,0.9604245983047619,1.1900459463794932,0.046120770451443166,0.0021670477041166327,3.668305129553798e-12,6.401192794619364e-15,0.9999999999963253,1.0,-0.08731739192370469,0.8403036899897228
2.195718222249373,1.1639125941028976,0.007366888493289172,-2689.999836411618,49613.316405244565,0.9644741330362991,1.1713188987008913,0.046510517664806045,0.0017610099031251777,3.6661985368524955e-12,6.299783257656509e-15,0.9999999999963274,0.9999999999999999,0.025970415677136316,0.8537384661931938
2.1957185293591137,1.1819692929911882,0.006492546646353342,-2557.994405906104,48790.92500020743,0.9685579612833546,1.152267184589932,0.04690522621826841,0.001391117730176664,3.679585260995867e-12,6.226194339929099e-15,0.9999999999963143,1.0,0.15291849774934008,0.8678542731874113
2.1957188364688545,1.2003061197657101,0.005618204799417448,-2425.9889754005803,47883.05294436225,0.9726765205206511,1.1328845347424523,0.047304980678608034,0.0010594979744230821,3.710422589406226e-12,6.182460504542741e-15,0.9999999999962834,1.0,0.23886335450748675,0.882702490265116
2.1957191496692445,1.2189274202724611,0.004776923106038128,-2301.07324328153,46964.89989888684,0.9766725516060003,1.113916392727125,0.04769446365302877,0.000778616671917633,3.7455518378486015e-12,6.1456519486802196e-15,0.9999999999962481,0.9999999999999998,0.1290468623074048,0.897733444385147
2.195719483177896,1.2378376077779971,0.004045875017423374,-2199.7969358402074,46247.11118362023,0.9801717382570077,1.0971755088962187,0.0480368318238882,0.0005665847717543443,3.744660120399227e-12,6.050325336489245e-15,0.9999999999962492,0.9999999999999999,0.053656107859978874,0.9114312084909922
2.1957198166865473,1.257041164015377,0.003314826928808606,-2098.520628398883,45465.74138719392,0.983696088579072,1.0801904694665327,0.048382899734288276,0.0003858306835957753,3.757780036540809e-12,5.978770057994444e-15,0.9999999999962363,1.0,0.09233892778394193,0.9257626578522434
2.19572015994495,1.2765426402463365,0.0026190874785162253,-2004.7747662183158,44717.57384631415,0.9870738363739107,1.0637953896000045,0.04871573792269549,0.00024419110405298183,3.766415269616571e-12,5.90096272677544e-15,0.9999999999962276,0.9999999999999999,0.09679460611084778,0.9400303947322125
2.1957205077338386,1.2963466583399441,0.0019397551436090461,-1914.5281294444906,43956.01577462529,0.9903943869683827,1.0475667261495207,0.04904405208692393,0.00013575560619501022,3.779783766292041e-12,5.831439826646831e-15,0.9999999999962143,0.9999999999999999,0.15567518412757408,0.9545931300010273
2.195720857835441,1.316457911867989,0.0012676047897076223,-1825.801014441168,43154.386359097996,0.9937018936006514,1.0312922012756554,0.04937217266727602,5.8752111640567467e-05,3.803611819267148e-12,5.7785543844238965e-15,0.9999999999961906,1.0,0.18229955338455284,0.9696572889458986
2.1957212177152923,1.3368811672173566,0.0006251015823664451,-1743.3366026712938,42384.69100208495,0.996884230450546,1.0155303076478437,0.04968890844604887,1.4471427338200197e-05,3.823485096224335e-12,5.720007417237697e-15,0.999999999996171,1.0000000000000002,0.1809182691478668,0.9847071943290252
200.0,1.3576212647196744,-2.176649832588525e-09,-1664.5171517097585,41613.487700500234,1.0000000108832492,0.9999999455837535,0.05000000108832493,1.7766767328883972e-16,3.846313198594981e-12,5.666253613652963e-15,0.9999999999961479,0.9999999999999999,0.2046970705541753,1.0000000544162495
