theta,chi2_profile,H0_profile,Omega_m0_profile,delta_chi2
0.9,1425.5376563450754,66.63203124999995,0.24074999999999996,15.162644480686595
0.92,1424.62593207345,66.68828124999996,0.24274999999999997,14.250920209061178
0.9400000000000001,1423.7448254135222,66.72343749999997,0.24499999999999997,13.369813549133369
0.96,1422.8966204284172,66.77265624999998,0.24699999999999997,12.521608564028384
0.98,1422.077403940421,66.78671874999996,0.24949999999999997,11.702392076032083
1.0,1421.2904538271396,66.84999999999995,0.25112499999999993,10.91544196275072
1.02,1420.5327011035363,66.88515624999997,0.2531249999999998,10.15768923914743
1.04,1419.8060503629931,66.92734374999998,0.2549999999999997,9.431038498604266
1.06,1419.1077841636595,66.95546874999997,0.25699999999999973,8.732772299270664
1.08,1418.4404327385696,66.98359374999995,0.25899999999999973,8.065420874180745
1.1,1417.8021209562487,67.03984374999996,0.2603749999999997,7.4271090918598475
1.12,1417.1917104991091,67.06796874999998,0.2622499999999996,6.8166986347202965
1.1400000000000001,1416.6107555240694,67.11718749999999,0.26374999999999954,6.2357436596805655
1.1600000000000001,1416.0573335415468,67.14531249999999,0.2654999999999995,5.6823216771579155
1.1800000000000002,1415.5321839711194,67.1875,0.26699999999999946,5.157172106730513
1.2,1415.0344615426745,67.22968749999998,0.26849999999999946,4.659449678285682
1.22,1414.5647088108685,67.27187499999998,0.2698749999999994,4.189696946479671
1.24,1414.1207696790277,67.30703124999998,0.27137499999999937,3.745757814638864
1.26,1413.7038435074248,67.32812499999996,0.2731249999999995,3.328831643035983
1.28,1413.3162050838368,67.39843749999997,0.2738749999999994,2.941193219447996
1.3,1412.9529320283705,67.440625,0.2751249999999993,2.5779201639816165
1.32,1412.6099015385796,67.46171875000003,0.2767499999999991,2.234889674190754
1.34,1412.2952055745648,67.48281250000007,0.27824999999999894,1.9201937101759086
1.36,1412.0070204184549,67.53203125000009,0.27924999999999883,1.632008554066033
1.38,1411.7426619147136,67.56718750000012,0.2804999999999987,1.3676500503247553
1.4,1411.5029429229971,67.59531250000012,0.28174999999999867,1.127931058608283
1.42,1411.287625750644,67.64453125000014,0.28274999999999856,0.912613886255258
1.44,1411.096539944857,67.68671875000013,0.28374999999999856,0.7215280804682607
1.46,1410.9268210786756,67.71484375000011,0.28499999999999853,0.5518092142867772
1.48,1410.781256122335,67.75000000000011,0.2859999999999985,0.4062442579461276
1.5,1410.6583046044557,67.77812500000012,0.2872499999999984,0.2832927400668268
1.52,1410.5578712474692,67.8132812500001,0.2882499999999984,0.1828593830803129
1.54,1410.4798684776472,67.84140625000009,0.2892499999999984,0.10485661325833462
1.56,1410.423318131609,67.8906250000001,0.2899999999999983,0.04830626722014131
1.58,1410.3885189288449,67.91875000000009,0.2911249999999983,0.013507064456007356
1.6,1410.3750118643889,67.94687500000008,0.2921249999999983,0.0
1.61484375,1410.3791048789087,67.99609375000007,0.2923749999999983,0.004093014519867211
1.62,1410.3826476424797,68.00312500000008,0.29262499999999825,0.007635778090843814
1.6400000000000001,1410.4098665502136,68.03125000000007,0.29362499999999825,0.03485468582471185
1.6600000000000001,1410.4580623002303,68.06640625000009,0.29437499999999817,0.08305043584141458
1.6800000000000002,1410.5257680487848,68.09453125000007,0.29537499999999817,0.15075618439595928
1.7000000000000002,1410.613396884021,68.12968750000009,0.2961249999999981,0.2383850196322328
1.7200000000000002,1410.7205266296185,68.1648437500001,0.296874999999998,0.3455147652296091
1.74,1410.8466973907828,68.20000000000012,0.2976249999999979,0.47168552639391237
1.76,1410.9932835685943,68.24921875000013,0.29812499999999786,0.6182717042054264
1.78,1411.1554436730921,68.27031250000013,0.2989999999999978,0.7804318087032698
1.8,1411.3368588833234,68.30546875000014,0.29974999999999774,0.9618470189345771
1.82,1411.5368903740982,68.31953125000014,0.30074999999999774,1.1618785097093678
1.84,1411.7532844994616,68.36171875000014,0.30124999999999774,1.3782726350727899
1.8599999999999999,1411.9878359287488,68.40390625000013,0.30174999999999774,1.6128240643599838
1.88,1412.2401780843568,68.44609375000012,0.30224999999999774,1.8651662199679322
1.9,1412.5078090314753,68.4742187500001,0.3029999999999977,2.132797167086437
1.92,1412.792878496318,68.5093750000001,0.30349999999999766,2.4178666319292006
1.94,1413.0932425978558,68.5375000000001,0.30424999999999763,2.718230733466953
1.96,1413.4101437689358,68.5726562500001,0.3047499999999976,3.0351319045469154
1.98,1413.742029252442,68.5937500000001,0.3054999999999975,3.3670173880532275
2.0,1414.0898506508902,68.6289062500001,0.30599999999999744,3.714838786501332
2.02,1414.4528819170307,68.6640625000001,0.3064999999999974,4.077870052641856
2.04,1414.8309479746558,68.6992187500001,0.30699999999999733,4.4559361102669754
2.06,1415.2238006884895,68.73437500000011,0.3073749999999973,4.848788824100666
2.08,1415.6306744454025,68.76953125000011,0.30787499999999723,5.255662581013667
2.1,1416.052331613557,68.80468750000013,0.3082499999999972,5.677319749168191
2.12,1416.4848325076332,68.8117187500001,0.3091249999999973,6.109820643244348
2.14,1416.9328832333551,68.8539062500001,0.3094999999999973,6.557871368966289
2.16,1417.3954854371168,68.8960937500001,0.30974999999999725,7.020473572727951
2.18,1417.8694053739914,68.92421875000012,0.3102499999999972,7.49439350960256
2.2,1418.3556690009282,68.93828125000014,0.3108749999999971,7.980657136539321
2.22,1418.8558605469927,68.98046875000016,0.3111249999999971,8.480848682603892
2.24,1419.371613298269,69.02968750000016,0.3112499999999971,8.996601433880187
2.2600000000000002,1419.8913776559507,69.0296875000002,0.312124999999997,9.516365791561839
2.2800000000000002,1420.4304927165483,69.0859375000002,0.312124999999997,10.055480852159462
2.3000000000000003,1420.9753124990048,69.10000000000022,0.3127499999999969,10.600300634615905
2.32,1421.533819469762,69.12812500000024,0.31324999999999686,11.158807605373113
2.34,1422.1043877142135,69.16328125000025,0.31349999999999684,11.729375849824692
2.36,1422.6844687734113,69.18437500000027,0.3139999999999968,12.309456909022401
2.38,1423.2766578003757,69.21953125000029,0.31424999999999675,12.901645935986835
2.4,1423.8796957470693,69.2546875000003,0.3144999999999967,13.50468388268041
2.42,1424.4909681344593,69.27578125000032,0.31499999999999667,14.115956270070456
2.44,1425.1130966061728,69.29687500000034,0.31537499999999663,14.73808474178395
2.46,1425.7450520936864,69.31796875000036,0.3158749999999966,15.370040229297501
2.48,1426.3881771846382,69.36718750000037,0.3158749999999966,16.0131653202493
2.5,1427.0382057263087,69.38125000000038,0.3163749999999966,16.663193861919808
2.52,1427.699908470025,69.42343750000039,0.31649999999999656,17.32489660563624
2.54,1428.368089627269,69.43750000000038,0.31699999999999656,17.993077762880148
2.56,1429.047176263258,69.4726562500004,0.31712499999999655,18.6721643988692
2.58,1429.7335325888787,69.49375000000042,0.3176249999999965,19.358520724489836
2.6,1430.4301818872407,69.53593750000041,0.3176249999999965,20.055170022851826
