case,model,ndata,free_rd,k,H0,Omega_m0,theta,nu,rd,chi2,AIC,BIC,delta_chi2_R1_minus_LCDM,delta_AIC_R1_minus_LCDM,delta_BIC_R1_minus_LCDM,sigma_approx
Pantheon_only,lcdm,1580,False,2,69.525,0.332625,2.0,0.0,147.09,1386.3965083956718,1390.3965083956718,1401.1268686477138,0.0,0.0,0.0,0.0
Pantheon_only,r1,1580,False,3,70.175,0.26012500000000055,1.2874999999999983,0.0,147.09,1385.9326063357294,1391.9326063357294,1408.0281467137925,-0.4639020599424839,1.536097940057516,6.901278066078703,0.681103560365444
DESI_DR2_BAO_only,lcdm,13,False,2,68.975,0.29950000000000004,2.0,0.0,147.09,10.320813076377108,14.320813076377108,15.450711791300183,0.0,0.0,0.0,0.0
DESI_DR2_BAO_only,r1,13,False,3,68.425,0.2955,1.7718749999999996,0.0,147.09,9.552763711587902,15.552763711587902,17.247611783972513,-0.7680493647892064,1.2319506352107936,1.79689999267233,0.8763842563563122
CC_only,lcdm,31,False,2,68.15,0.319375,2.0,0.0,147.09,14.500021581178899,18.5000215811789,21.36799599014919,0.0,0.0,0.0,0.0
CC_only,r1,31,False,3,69.14999999999999,0.33524999999999994,2.715625,0.0,147.09,14.4367572556854,20.4367572556854,24.73871886914084,-0.06326432549349903,1.936735674506501,3.37072287899165,0.25152400579964335
Pantheon_DESI_DR2_BAO,lcdm,1593,False,2,68.64999999999999,0.30550000000000005,2.0,0.0,147.09,1399.528869673147,1403.528869673147,1414.2756182929672,0.0,0.0,0.0,0.0
Pantheon_DESI_DR2_BAO,r1,1593,False,3,68.0,0.29262499999999997,1.619375,0.0,147.09,1395.7571578449185,1401.7571578449185,1417.8772807746486,-3.77171182822849,-1.77171182822849,3.6016624816813874,1.9420895520620285
Pantheon_DESI_DR2_BAO_CC,lcdm,1624,False,2,68.625,0.306,2.0,0.0,147.09,1414.0902097541389,1418.0902097541389,1428.8755047955822,0.0,0.0,0.0,0.0
Pantheon_DESI_DR2_BAO_CC,r1,1624,False,3,68.0,0.293,1.6225,0.0,147.09,1410.3862896857115,1416.3862896857115,1432.5642322478764,-3.703920068427351,-1.703920068427351,3.688727452294188,1.9245571096819525
Pantheon_DESI_DR2_BAO_CC_free_rd,lcdm,1624,True,3,68.5,0.306,2.0,0.0,147.37125000000003,1414.1107721022283,1420.1107721022283,1436.2887146643932,0.0,0.0,0.0,0.0
Pantheon_DESI_DR2_BAO_CC_free_rd,r1,1624,True,4,68.0,0.293,1.62875,0.0,147.12750000000003,1410.3933037153934,1418.3933037153934,1439.9638937982797,-3.7174683868349803,-1.7174683868349803,3.6751791338865587,1.928073750361998
jackknife_without_BAO_00_DV_over_rs_z0.295,lcdm,1623,False,2,68.725,0.30475,2.0,0.0,147.09,1414.0426672001045,1418.0426672001045,1428.8267303351336,0.0,0.0,0.0,0.0
jackknife_without_BAO_00_DV_over_rs_z0.295,r1,1623,False,3,68.15,0.289375,1.596875,0.0,147.09,1410.3450931589014,1416.3450931589014,1432.5211878614452,-3.6975740412030973,-1.6975740412030973,3.6944575263116803,1.9229077048062129
jackknife_without_BAO_01_DM_over_rs_z0.510,lcdm,1623,False,2,68.9,0.3023750000000001,2.0,0.0,147.09,1412.1670946682248,1416.1670946682248,1426.9511578032539,0.0,0.0,0.0,0.0
jackknife_without_BAO_01_DM_over_rs_z0.510,r1,1623,False,3,68.325,0.28637499999999994,1.59375,0.0,147.09,1408.4655075357919,1414.4655075357919,1430.6416022383357,-3.7015871324329055,-1.7015871324329055,3.690444435081872,1.9239509173658524
jackknife_without_BAO_02_DH_over_rs_z0.510,lcdm,1623,False,2,68.54999999999998,0.30662500000000004,2.0,0.0,147.09,1413.5657856316334,1417.5657856316334,1428.3498487666625,0.0,0.0,0.0,0.0
jackknife_without_BAO_02_DH_over_rs_z0.510,r1,1623,False,3,67.95,0.293,1.61625,0.0,147.09,1410.1649217839217,1416.1649217839217,1432.3410164864656,-3.400863847711662,-1.400863847711662,3.9911677198031157,1.8441431201812026
jackknife_without_BAO_03_DM_over_rs_z0.706,lcdm,1623,False,2,68.375,0.30874999999999997,2.0,0.0,147.09,1412.152842342472,1416.152842342472,1426.936905477501,0.0,0.0,0.0,0.0
jackknife_without_BAO_03_DM_over_rs_z0.706,r1,1623,False,3,67.82500000000002,0.29775,1.6656249999999995,0.0,147.09,1408.9813702795207,1414.9813702795207,1431.1574649820645,-3.171472062951352,-1.1714720629513522,4.220559504563425,1.780862729957408
jackknife_without_BAO_04_DH_over_rs_z0.706,lcdm,1623,False,2,68.525,0.306,2.0,0.0,147.09,1410.1755049825797,1414.1755049825797,1424.9595681176088,0.0,0.0,0.0,0.0
jackknife_without_BAO_04_DH_over_rs_z0.706,r1,1623,False,3,67.9,0.2945,1.6443750000000001,0.0,147.09,1407.8378282808242,1413.8378282808242,1430.013922983368,-2.3376767017555267,-0.33767670175552666,5.054354865759251,1.5289462717033344
jackknife_without_BAO_05_DM_over_rs_z0.934,lcdm,1623,False,2,68.52499999999999,0.30674999999999997,2.0,0.0,147.09,1413.7745797219495,1417.7745797219495,1428.5586428569786,0.0,0.0,0.0,0.0
jackknife_without_BAO_05_DM_over_rs_z0.934,r1,1623,False,3,67.95,0.293,1.61625,0.0,147.09,1410.3411809247925,1416.3411809247925,1432.5172756273364,-3.433398797156997,-1.4333987971569968,3.958632770357781,1.852943279530433
jackknife_without_BAO_06_DH_over_rs_z0.934,lcdm,1623,False,2,68.65,0.30700000000000005,2.0,0.0,147.09,1413.1511760068033,1417.1511760068033,1427.9352391418324,0.0,0.0,0.0,0.0
jackknife_without_BAO_06_DH_over_rs_z0.934,r1,1623,False,3,67.87499999999999,0.28825000000000006,1.503125,0.0,147.09,1407.9256382758178,1413.9256382758178,1430.1017329783617,-5.225537730985479,-3.2255377309854794,2.1664938365292983,2.2859435100162644
jackknife_without_BAO_07_DM_over_rs_z1.321,lcdm,1623,False,2,68.60000000000001,0.3061249999999999,2.0,0.0,147.09,1414.0380017181394,1418.0380017181394,1428.8220648531685,0.0,0.0,0.0,0.0
jackknife_without_BAO_07_DM_over_rs_z1.321,r1,1623,False,3,67.975,0.293,1.619375,0.0,147.09,1410.3756384715025,1416.3756384715025,1432.5517331740464,-3.6623632466369145,-1.6623632466369145,3.729668320877863,1.9137301917033431
jackknife_without_BAO_08_DH_over_rs_z1.321,lcdm,1623,False,2,68.55000000000001,0.30837499999999995,2.0,0.0,147.09,1413.415292052748,1417.415292052748,1428.1993551877772,0.0,0.0,0.0,0.0
jackknife_without_BAO_08_DH_over_rs_z1.321,r1,1623,False,3,68.0,0.293,1.61,0.0,147.09,1409.6038703656875,1415.6038703656875,1431.7799650682314,-3.8114216870606015,-1.8114216870606015,3.580609880454176,1.9522862718004759
jackknife_without_BAO_09_DM_over_rs_z1.484,lcdm,1623,False,2,68.64999999999999,0.30625,2.0,0.0,147.09,1413.3633444555085,1417.3633444555085,1428.1474075905376,0.0,0.0,0.0,0.0
jackknife_without_BAO_09_DM_over_rs_z1.484,r1,1623,False,3,68.0,0.293,1.61625,0.0,147.09,1409.5940060683783,1415.5940060683783,1431.7701007709222,-3.7693383871301194,-1.7693383871301194,3.6226931803846583,1.9414784024372045
jackknife_without_BAO_10_DH_over_rs_z1.484,lcdm,1623,False,2,68.62499999999999,0.30625,2.0,0.0,147.09,1413.8852058761001,1417.8852058761001,1428.6692690111292,0.0,0.0,0.0,0.0
jackknife_without_BAO_10_DH_over_rs_z1.484,r1,1623,False,3,68.0,0.291875,1.6068750000000003,0.0,147.09,1410.2030828670515,1416.2030828670515,1432.3791775695954,-3.6821230090486097,-1.6821230090486097,3.709908558466168,1.9188858770256791
jackknife_without_BAO_11_DH_over_rs_z2.330,lcdm,1623,False,2,68.425,0.31124999999999997,2.0,0.0,147.09,1413.416678093322,1417.416678093322,1428.200741228351,0.0,0.0,0.0,0.0
jackknife_without_BAO_11_DH_over_rs_z2.330,r1,1623,False,3,67.92499999999998,0.2746249999999996,1.4193749999999985,0.0,147.09,1408.9633119552368,1414.9633119552368,1431.1394066577807,-4.45336613808513,-2.45336613808513,2.9386654294296477,2.110300011392961
jackknife_without_BAO_12_DM_over_rs_z2.330,lcdm,1623,False,2,68.60000000000002,0.30674999999999997,2.0,0.0,147.09,1414.0264202184803,1418.0264202184803,1428.8104833535094,0.0,0.0,0.0,0.0
jackknife_without_BAO_12_DM_over_rs_z2.330,r1,1623,False,3,67.95,0.29,1.5818750000000001,0.0,147.09,1410.2618470976659,1416.2618470976659,1432.4379418002097,-3.7645731208144753,-1.7645731208144753,3.6274584467003024,1.9402507881236577
